Date/Time,Average Humidity,95_Range
2022-08-05 08:00:00,65.182,0.0
2022-08-05 08:30:00,71.24633333333334,0.0
2022-08-05 09:00:00,67.58816666666667,0.42148333333332744
2022-08-05 09:30:00,65.28588888888889,4.04826666666667
2022-08-05 10:00:00,65.64233333333334,14.049866666666667
2022-08-05 10:30:00,62.497888888888895,18.5991
2022-08-05 11:00:00,61.736666666666665,19.610933333333328
2022-08-05 11:30:00,64.92716666666666,19.92900000000001
2022-08-05 12:00:00,61.87066666666666,24.529333333333327
2022-08-05 12:30:00,62.132333333333335,22.81533333333335
2022-08-05 13:00:00,63.139066666666665,23.284466666666674
2022-08-05 13:30:00,62.45453333333334,24.709366666666668
2022-08-05 14:00:00,62.26873333333333,25.298866666666676
2022-08-05 14:30:00,61.696400000000004,25.290200000000006
2022-08-05 15:00:00,61.907999999999994,21.792499999999997
2022-08-05 15:30:00,63.2856,20.01460000000001
2022-08-05 16:00:00,65.95066666666666,20.706466666666643
2022-08-05 16:30:00,69.1596,18.40326666666666
2022-08-05 17:00:00,72.30513333333333,17.070966666666656
2022-08-05 17:30:00,76.82806666666667,14.003566666666657
2022-08-05 18:00:00,81.1748,12.031566666666677
2022-08-05 18:30:00,84.06873333333333,10.90713333333332
2022-08-05 19:00:00,85.78086666666668,8.968133333333313
2022-08-05 19:30:00,87.1718,8.61173333333332
2022-08-05 20:00:00,87.94206666666666,7.0493999999999915
2022-08-05 20:30:00,88.51113333333333,6.772466666666659
2022-08-05 21:00:00,89.29113333333332,6.040133333333358
2022-08-05 21:30:00,89.66780000000001,5.862933333333359
2022-08-05 22:00:00,90.08586666666667,5.6000333333333
2022-08-05 22:30:00,90.10166666666667,5.03636666666668
2022-08-05 23:00:00,90.54013333333333,4.02330000000002
2022-08-05 23:30:00,90.85453333333332,2.9980999999999938
2022-08-06 00:00:00,90.98613333333333,2.207633333333334
2022-08-06 00:30:00,91.55,2.47323333333334
2022-08-06 01:00:00,92.16206666666668,1.6269999999999811
2022-08-06 01:30:00,92.30566666666667,1.4132333333333236
2022-08-06 02:00:00,92.33346666666667,1.5567666666666753
2022-08-06 02:30:00,92.6848,2.1332333333333224
2022-08-06 03:00:00,93.14913333333332,2.540366666666671
2022-08-06 03:30:00,93.05199999999999,2.0574333333333215
2022-08-06 04:00:00,92.73119999999999,2.0582000000000136
2022-08-06 04:30:00,93.21566666666668,2.414966666666672
2022-08-06 05:00:00,93.01599999999999,2.871066666666664
2022-08-06 05:30:00,92.8534,2.6959666666666635
2022-08-06 06:00:00,92.725,3.436866666666674
2022-08-06 06:30:00,90.17713333333333,4.799266666666654
2022-08-06 07:00:00,81.20660000000001,12.489866666666671
2022-08-06 07:30:00,74.3474,16.878166666666658
2022-08-06 08:00:00,68.92360000000001,21.1948
2022-08-06 08:30:00,65.7246,24.977899999999998
2022-08-06 09:00:00,64.67873333333333,27.191399999999994
2022-08-06 09:30:00,62.92346666666666,27.528233333333333
2022-08-06 10:00:00,62.56793333333333,24.507666666666665
2022-08-06 10:30:00,62.92446666666666,24.63226666666666
2022-08-06 11:00:00,61.85519999999999,23.467099999999988
2022-08-06 11:30:00,61.58573333333334,23.132533333333328
2022-08-06 12:00:00,60.50733333333333,21.45763333333334
2022-08-06 12:30:00,59.9954,24.191066666666686
2022-08-06 13:00:00,62.49860000000001,26.08683333333333
2022-08-06 13:30:00,61.67206666666667,27.806699999999992
2022-08-06 14:00:00,62.32666666666667,29.053166666666655
2022-08-06 14:30:00,62.25540000000001,25.23193333333333
2022-08-06 15:00:00,62.78686666666666,23.53703333333332
2022-08-06 15:30:00,64.15899999999999,23.921499999999995
2022-08-06 16:00:00,66.0008,23.182333333333325
2022-08-06 16:30:00,69.63386666666665,22.418999999999983
2022-08-06 17:00:00,73.10446666666667,19.960299999999997
2022-08-06 17:30:00,76.78540000000001,16.59039999999999
2022-08-06 18:00:00,80.9202,13.543533333333329
2022-08-06 18:30:00,82.42159999999998,13.808533333333315
2022-08-06 19:00:00,83.30513333333333,12.419966666666667
2022-08-06 19:30:00,83.87219999999999,11.209733333333347
2022-08-06 20:00:00,83.977,12.893299999999996
2022-08-06 20:30:00,84.021,10.713300000000004
2022-08-06 21:00:00,84.12946666666667,10.360166666666643
2022-08-06 21:30:00,85.17753333333334,9.750366666666665
2022-08-06 22:00:00,86.2394,7.856900000000024
2022-08-06 22:30:00,87.25433333333334,6.854833333333303
2022-08-06 23:00:00,87.571,3.824300000000008
2022-08-06 23:30:00,88.04479999999998,1.8048000000000144
2022-08-07 00:00:00,88.08526666666667,1.624066666666664
2022-08-07 00:30:00,88.73266666666666,1.8254000000000161
2022-08-07 01:00:00,89.21126666666666,2.4476333333333287
2022-08-07 01:30:00,89.59406666666666,2.458500000000001
2022-08-07 02:00:00,89.45746666666666,1.978833333333327
2022-08-07 02:30:00,89.56813333333334,2.096766666666653
2022-08-07 03:00:00,90.15713333333333,1.738333333333344
2022-08-07 03:30:00,89.93679999999999,2.209000000000003
2022-08-07 04:00:00,90.4174,2.377566666666681
2022-08-07 04:30:00,91.49113333333332,2.824466666666666
2022-08-07 05:00:00,91.4562,3.543299999999988
2022-08-07 05:30:00,91.7732,3.8910999999999802
2022-08-07 06:00:00,91.4518,4.280833333333334
2022-08-07 06:30:00,89.09026666666668,3.4188333333333247
2022-08-07 07:00:00,82.7868,8.803033333333332
2022-08-07 07:30:00,77.32986666666667,10.731100000000012
2022-08-07 08:00:00,73.3432,9.121533333333332
2022-08-07 08:30:00,68.68313333333333,10.338766666666672
2022-08-07 09:00:00,67.27966666666666,18.12036666666667
2022-08-07 09:30:00,65.21446666666667,23.05586666666668
2022-08-07 10:00:00,65.14953333333332,25.25473333333334
2022-08-07 10:30:00,63.47506666666667,25.252266666666657
2022-08-07 11:00:00,63.66626666666666,24.45153333333333
2022-08-07 11:30:00,63.46,26.79099999999999
2022-08-07 12:00:00,62.956466666666664,29.159466666666667
2022-08-07 12:30:00,62.00826666666667,28.833566666666663
2022-08-07 13:00:00,63.46026666666667,28.968566666666668
2022-08-07 13:30:00,63.42366666666667,28.890533333333337
2022-08-07 14:00:00,63.422799999999995,26.89083333333332
2022-08-07 14:30:00,64.10766666666667,25.582399999999993
2022-08-07 15:00:00,65.79639999999999,23.958366666666663
2022-08-07 15:30:00,67.27093333333332,23.191466666666663
2022-08-07 16:00:00,69.72093333333333,21.71723333333334
2022-08-07 16:30:00,71.84013333333333,18.646666666666647
2022-08-07 17:00:00,75.9928,16.277599999999993
2022-08-07 17:30:00,80.58959999999999,14.155900000000003
2022-08-07 18:00:00,85.13153333333334,11.61933333333333
2022-08-07 18:30:00,86.56866666666666,10.01196666666668
2022-08-07 19:00:00,86.99026666666666,10.577399999999997
2022-08-07 19:30:00,87.57466666666667,10.815500000000014
2022-08-07 20:00:00,87.50439999999999,11.127533333333346
2022-08-07 20:30:00,86.66586666666667,11.037166666666664
2022-08-07 21:00:00,86.81093333333334,9.687300000000022
2022-08-07 21:30:00,87.27573333333332,9.61190000000002
2022-08-07 22:00:00,87.50399999999999,9.84950000000002
2022-08-07 22:30:00,87.18893333333332,8.808566666666664
2022-08-07 23:00:00,88.1596,10.50296666666668
2022-08-07 23:30:00,88.5338,10.76873333333333
2022-08-08 00:00:00,88.05333333333333,9.766100000000023
2022-08-08 00:30:00,88.58286666666666,10.024199999999993
2022-08-08 01:00:00,88.48433333333334,9.164866666666668
2022-08-08 01:30:00,88.59906666666667,7.875633333333312
2022-08-08 02:00:00,88.43306666666668,6.765899999999988
2022-08-08 02:30:00,87.28479999999999,5.166166666666669
2022-08-08 03:00:00,85.95246666666667,3.1868999999999943
2022-08-08 03:30:00,85.20606666666666,1.9031666666666496
2022-08-08 04:00:00,85.23226666666667,2.164466666666627
2022-08-08 04:30:00,86.15466666666667,3.6214999999999833
2022-08-08 05:00:00,86.46573333333333,2.7291000000000025
2022-08-08 05:30:00,86.68966666666667,2.5740333333333467
2022-08-08 06:00:00,86.31953333333334,2.4963666666666455
2022-08-08 06:30:00,84.7172,2.5905666666666463
2022-08-08 07:00:00,82.10526666666667,3.9488666666666603
2022-08-08 07:30:00,78.8746,5.652233333333328
2022-08-08 08:00:00,76.25953333333334,9.742866666666671
2022-08-08 08:30:00,75.1928,14.078800000000001
2022-08-08 09:00:00,73.39926666666665,17.137833333333305
2022-08-08 09:30:00,73.15386666666666,17.757599999999982
2022-08-08 10:00:00,74.51413333333332,17.469133333333346
2022-08-08 10:30:00,74.554,17.59346666666667
2022-08-08 11:00:00,74.94846666666668,12.987033333333343
2022-08-08 11:30:00,74.03553333333333,12.24536666666667
2022-08-08 12:00:00,73.61019999999999,13.208499999999987
2022-08-08 12:30:00,71.90060000000001,15.958566666666663
2022-08-08 13:00:00,69.47366666666667,20.393099999999997
2022-08-08 13:30:00,66.608,21.081500000000013
2022-08-08 14:00:00,67.5966,19.129633333333338
2022-08-08 14:30:00,67.5318,18.491999999999997
2022-08-08 15:00:00,66.55813333333333,18.935899999999997
2022-08-08 15:30:00,67.48326666666667,19.22396666666667
2022-08-08 16:00:00,68.93253333333332,20.741266666666654
2022-08-08 16:30:00,70.98799999999999,19.147399999999983
2022-08-08 17:00:00,74.53766666666665,17.40386666666666
2022-08-08 17:30:00,79.42993333333334,17.37230000000001
2022-08-08 18:00:00,82.74093333333333,15.769800000000018
2022-08-08 18:30:00,83.93220000000001,16.848933333333335
2022-08-08 19:00:00,84.8638,15.530166666666673
2022-08-08 19:30:00,86.50226666666666,12.40966666666668
2022-08-08 20:00:00,87.11993333333332,11.653433333333354
2022-08-08 20:30:00,87.88893333333333,11.020266666666672
2022-08-08 21:00:00,88.4828,9.695233333333348
2022-08-08 21:30:00,88.95840000000001,10.778833333333338
2022-08-08 22:00:00,89.8824,11.637166666666658
2022-08-08 22:30:00,90.17166666666667,10.848500000000001
2022-08-08 23:00:00,90.119,10.912999999999997
2022-08-08 23:30:00,89.76866666666668,9.689133333333317
2022-08-09 00:00:00,89.51813333333334,8.537633333333346
2022-08-09 00:30:00,89.25473333333335,8.023799999999994
2022-08-09 01:00:00,89.12446666666668,7.02000000000001
2022-08-09 01:30:00,88.80846666666666,7.701333333333324
2022-08-09 02:00:00,89.1346,6.901466666666678
2022-08-09 02:30:00,88.96073333333332,6.587033333333352
2022-08-09 03:00:00,88.61859999999999,5.650200000000012
2022-08-09 03:30:00,87.92286666666665,6.120533333333327
2022-08-09 04:00:00,87.53166666666667,4.358200000000011
2022-08-09 04:30:00,88.07746666666667,5.245366666666669
2022-08-09 05:00:00,87.7304,4.04126666666663
2022-08-09 05:30:00,86.51093333333334,3.033633333333327
2022-08-09 06:00:00,85.96926666666666,2.2345000000000113
2022-08-09 06:30:00,84.89286666666666,2.080999999999989
2022-08-09 07:00:00,82.69559999999998,2.8230999999999966
2022-08-09 07:30:00,80.31719999999999,2.5219000000000165
2022-08-09 08:00:00,78.58146666666667,6.294333333333313
2022-08-09 08:30:00,76.2202,10.845133333333337
2022-08-09 09:00:00,73.52173333333334,15.23320000000001
2022-08-09 09:30:00,72.36073333333334,14.544599999999988
2022-08-09 10:00:00,70.34353333333334,15.066833333333335
2022-08-09 10:30:00,67.0792,19.126566666666662
2022-08-09 11:00:00,67.3432,19.913299999999992
2022-08-09 11:30:00,66.98053333333334,20.35993333333333
2022-08-09 12:00:00,65.9508,20.48686666666667
2022-08-09 12:30:00,66.46773333333333,18.586933333333334
2022-08-09 13:00:00,67.73679999999999,20.757866666666658
2022-08-09 13:30:00,71.77006666666666,20.21473333333332
2022-08-09 14:00:00,76.71086666666667,17.377866666666662
2022-08-09 14:30:00,78.47926666666666,14.812299999999993
2022-08-09 15:00:00,78.15666666666667,14.445733333333322
2022-08-09 15:30:00,77.28066666666666,12.85533333333332
2022-08-09 16:00:00,78.87233333333333,12.188033333333337
2022-08-09 16:30:00,81.04946666666667,13.855566666666675
2022-08-09 17:00:00,82.72833333333334,14.437733333333327
2022-08-09 17:30:00,83.72913333333334,12.497733333333315
2022-08-09 18:00:00,85.08426666666666,11.814433333333355
2022-08-09 18:30:00,85.84533333333334,11.212966666666674
2022-08-09 19:00:00,86.47746666666667,10.498033333333339
2022-08-09 19:30:00,86.5106,10.43013333333333
2022-08-09 20:00:00,86.75039999999998,9.984266666666684
2022-08-09 20:30:00,87.09886666666667,9.622333333333316
2022-08-09 21:00:00,87.59280000000001,9.649666666666675
2022-08-09 21:30:00,88.37780000000001,8.328933333333353
2022-08-09 22:00:00,89.44593333333334,7.979633333333339
2022-08-09 22:30:00,89.88533333333332,7.5924333333333465
2022-08-09 23:00:00,89.64439999999999,7.278700000000015
2022-08-09 23:30:00,89.93386666666666,7.218900000000019
2022-08-10 00:00:00,89.83500000000001,6.5125666666666575
2022-08-10 00:30:00,88.61046666666667,5.005200000000016
2022-08-10 01:00:00,89.14246666666666,4.880966666666666
2022-08-10 01:30:00,89.42946666666666,3.136700000000033
2022-08-10 02:00:00,89.38006666666665,2.9055333333333806
2022-08-10 02:30:00,89.3278,2.7831999999999937
2022-08-10 03:00:00,89.48773333333334,2.864299999999986
2022-08-10 03:30:00,89.15233333333333,2.2001999999999953
2022-08-10 04:00:00,88.84493333333333,2.572433333333322
2022-08-10 04:30:00,89.14793333333333,2.196700000000007
2022-08-10 05:00:00,89.43806666666666,2.3293999999999926
2022-08-10 05:30:00,89.88873333333333,3.064300000000017
2022-08-10 06:00:00,89.7156,2.430166666666665
2022-08-10 06:30:00,87.49626666666666,2.793300000000002
2022-08-10 07:00:00,84.918,3.4100333333333452
2022-08-10 07:30:00,81.17653333333334,4.256933333333336
2022-08-10 08:00:00,77.96679999999999,3.300300000000007
2022-08-10 08:30:00,74.8404,10.113166666666672
2022-08-10 09:00:00,73.64506666666666,15.55466666666669
2022-08-10 09:30:00,71.5016,15.568233333333318
2022-08-10 10:00:00,69.9096,17.39663333333334
2022-08-10 10:30:00,68.577,20.847700000000003
2022-08-10 11:00:00,67.60979999999999,19.390533333333337
2022-08-10 11:30:00,66.94006666666667,21.27173333333333
2022-08-10 12:00:00,67.37566666666666,23.594399999999993
2022-08-10 12:30:00,67.71646666666668,21.461233333333332
2022-08-10 13:00:00,69.04646666666667,20.749100000000006
2022-08-10 13:30:00,69.71813333333333,17.753466666666668
2022-08-10 14:00:00,69.43413333333334,18.048866666666683
2022-08-10 14:30:00,69.59953333333333,20.210966666666657
2022-08-10 15:00:00,71.00520000000002,18.80603333333334
2022-08-10 15:30:00,74.18553333333332,14.855066666666659
2022-08-10 16:00:00,76.07326666666667,14.592699999999994
2022-08-10 16:30:00,78.99860000000001,13.842300000000023
2022-08-10 17:00:00,82.02873333333335,12.661200000000008
2022-08-10 17:30:00,84.8962,13.752200000000002
2022-08-10 18:00:00,86.54760000000002,13.223500000000016
2022-08-10 18:30:00,87.6632,12.221033333333352
2022-08-10 19:00:00,88.35060000000001,10.829000000000008
2022-08-10 19:30:00,88.72720000000001,11.66409999999999
2022-08-10 20:00:00,89.22213333333332,10.478033333333343
2022-08-10 20:30:00,89.4898,9.906499999999994
2022-08-10 21:00:00,89.47106666666666,9.820166666666665
2022-08-10 21:30:00,89.11746666666667,8.695299999999975
2022-08-10 22:00:00,89.76473333333334,8.098800000000011
2022-08-10 22:30:00,89.71126666666666,9.350866666666661
2022-08-10 23:00:00,89.69593333333333,8.690333333333314
2022-08-10 23:30:00,89.13066666666667,6.576766666666671
2022-08-11 00:00:00,88.74746666666665,6.178233333333338
2022-08-11 00:30:00,89.1948,6.66543333333334
2022-08-11 01:00:00,88.93126666666666,5.715299999999999
2022-08-11 01:30:00,88.53593333333333,3.4353333333333325
2022-08-11 02:00:00,88.16146666666666,2.6628000000000185
2022-08-11 02:30:00,88.0984,2.0415333333333194
2022-08-11 03:00:00,88.40453333333333,2.2235333333333216
2022-08-11 03:30:00,88.73206666666665,2.7250666666666774
2022-08-11 04:00:00,89.45466666666667,2.994866666666681
2022-08-11 04:30:00,89.92939999999999,2.3713666666666597
2022-08-11 05:00:00,90.06853333333332,2.38036666666666
2022-08-11 05:30:00,89.995,1.9056333333333555
2022-08-11 06:00:00,89.4224,1.9753000000000043
2022-08-11 06:30:00,88.01266666666666,3.464233333333297
2022-08-11 07:00:00,84.57360000000001,3.380900000000011
2022-08-11 07:30:00,81.97413333333333,2.3820333333333537
2022-08-11 08:00:00,78.0146,6.763799999999989
2022-08-11 08:30:00,76.28806666666667,11.235366666666664
2022-08-11 09:00:00,73.98646666666666,13.950499999999977
2022-08-11 09:30:00,73.08713333333334,14.471933333333311
2022-08-11 10:00:00,72.83633333333334,13.786233333333328
2022-08-11 10:30:00,71.09266666666667,14.310633333333342
2022-08-11 11:00:00,70.47059999999999,19.270833333333336
2022-08-11 11:30:00,67.04806666666667,23.525066666666667
2022-08-11 12:00:00,67.16686666666666,23.517866666666663
2022-08-11 12:30:00,66.1466,27.089933333333335
2022-08-11 13:00:00,65.47319999999999,26.007199999999997
2022-08-11 13:30:00,64.4212,26.23989999999999
2022-08-11 14:00:00,63.81633333333333,28.376700000000014
2022-08-11 14:30:00,65.33026666666667,20.970899999999993
2022-08-11 15:00:00,66.56253333333333,18.956533333333347
2022-08-11 15:30:00,68.45113333333333,17.896133333333317
2022-08-11 16:00:00,70.52593333333334,18.0687
2022-08-11 16:30:00,72.84006666666667,18.284733333333328
2022-08-11 17:00:00,77.27273333333332,15.88313333333332
2022-08-11 17:30:00,80.90386666666666,15.948833333333326
2022-08-11 18:00:00,83.70506666666668,15.837066666666686
2022-08-11 18:30:00,85.2608,15.682566666666673
2022-08-11 19:00:00,87.0694,15.702200000000019
2022-08-11 19:30:00,88.41159999999999,15.305033333333313
2022-08-11 20:00:00,89.19646666666668,14.724266666666665
2022-08-11 20:30:00,89.7008,14.862600000000015
2022-08-11 21:00:00,90.4968,12.754599999999996
2022-08-11 21:30:00,90.88666666666668,12.692633333333333
2022-08-11 22:00:00,90.94413333333333,12.629666666666665
2022-08-11 22:30:00,90.71219999999998,11.69086666666665
2022-08-11 23:00:00,90.67186666666666,10.285966666666681
2022-08-11 23:30:00,91.09593333333333,9.4683
2022-08-12 00:00:00,90.86413333333334,8.969233333333335
2022-08-12 00:30:00,90.8476,8.346700000000013
2022-08-12 01:00:00,90.69273333333334,9.472166666666666
2022-08-12 01:30:00,90.08966666666666,9.419966666666681
2022-08-12 02:00:00,89.86233333333332,9.839366666666663
2022-08-12 02:30:00,89.0634,9.590799999999987
2022-08-12 03:00:00,88.5412,10.10063333333332
2022-08-12 03:30:00,88.81120000000001,9.539666666666648
2022-08-12 04:00:00,88.31320000000001,9.001166666666663
2022-08-12 04:30:00,87.431,5.0356333333333225
2022-08-12 05:00:00,87.86146666666667,2.6667666666666747
2022-08-12 05:30:00,88.7056,1.6209666666666607
2022-08-12 06:00:00,88.67846666666668,1.6348000000000127
2022-08-12 06:30:00,86.8484,2.7539666666666562
2022-08-12 07:00:00,81.92735,6.120358333333343
2022-08-12 07:30:00,76.8714,8.979899999999986
2022-08-12 08:00:00,73.93413333333334,16.91706666666667
2022-08-12 08:30:00,72.10253333333333,21.525966666666662
2022-08-12 09:00:00,69.57173333333333,24.329100000000004
2022-08-12 09:30:00,68.21619999999999,22.176066666666664
2022-08-12 10:00:00,66.55799999999999,21.360833333333332
2022-08-12 10:30:00,66.20606666666667,21.604033333333334
2022-08-12 11:00:00,66.54633333333334,19.84239999999999
2022-08-12 11:30:00,67.52593333333334,20.527533333333345
2022-08-12 12:00:00,67.7998,22.6218
2022-08-12 12:30:00,68.34666666666666,19.5454
2022-08-12 13:00:00,69.62886666666667,20.03893333333332
2022-08-12 13:30:00,71.62153333333333,17.801166666666646
2022-08-12 14:00:00,74.0162,16.384133333333324
2022-08-12 14:30:00,73.03653333333332,20.049266666666675
2022-08-12 15:00:00,73.28946666666666,19.856366666666652
2022-08-12 15:30:00,74.68173333333334,17.475433333333335
2022-08-12 16:00:00,77.12666666666667,15.30323333333331
2022-08-12 16:30:00,79.22233333333334,14.675100000000015
2022-08-12 17:00:00,79.7852,14.157566666666682
2022-08-12 17:30:00,83.64053333333332,15.249900000000025
2022-08-12 18:00:00,86.03546666666666,12.186233333333334
2022-08-12 18:30:00,87.23119999999999,10.360400000000013
2022-08-12 19:00:00,87.91066666666667,8.865833333333342
2022-08-12 19:30:00,88.32793333333333,10.287999999999997
2022-08-12 20:00:00,88.5676,9.811966666666677
2022-08-12 20:30:00,88.36773333333335,9.691566666666674
2022-08-12 21:00:00,88.16766666666666,9.772500000000008
2022-08-12 21:30:00,87.77426666666666,10.484466666666663
2022-08-12 22:00:00,87.96026666666667,9.30206666666669
2022-08-12 22:30:00,87.9354,9.365733333333324
2022-08-12 23:00:00,88.40013333333334,9.942366666666658
2022-08-12 23:30:00,88.25453333333334,10.224033333333352
2022-08-13 00:00:00,88.33966666666666,9.47456666666666
2022-08-13 00:30:00,88.0914,11.066633333333357
2022-08-13 01:00:00,87.59926666666667,8.914333333333317
2022-08-13 01:30:00,88.13806666666667,7.10863333333333
2022-08-13 02:00:00,87.67146666666667,7.2394999999999925
2022-08-13 02:30:00,88.32453333333333,6.229766666666677
2022-08-13 03:00:00,88.1032,5.5458333333333485
2022-08-13 03:30:00,87.93926666666664,4.795000000000002
2022-08-13 04:00:00,87.73866666666666,1.6285000000000167
2022-08-13 04:30:00,87.37113333333332,1.7455333333333414
2022-08-13 05:00:00,86.86826666666666,1.351966666666641
2022-08-13 05:30:00,86.82346666666668,2.9272333333333194
2022-08-13 06:00:00,86.80186666666667,3.0575999999999794
2022-08-13 06:30:00,84.65906666666667,4.306733333333327
2022-08-13 07:00:00,79.8238,7.864833333333337
2022-08-13 07:30:00,79.13513333333333,5.085766666666657
2022-08-13 08:00:00,76.4408,5.877266666666671
2022-08-13 08:30:00,71.51113333333333,9.589766666666677
2022-08-13 09:00:00,69.21326666666667,11.04646666666666
2022-08-13 09:30:00,70.76306666666667,15.024166666666673
2022-08-13 10:00:00,74.35886666666667,17.42876666666666
2022-08-13 10:30:00,74.62066666666666,16.534933333333328
2022-08-13 11:00:00,73.5252,18.781199999999984
2022-08-13 11:30:00,72.73433333333332,19.116833333333318
2022-08-13 12:00:00,73.23920000000001,19.402966666666657
2022-08-13 12:30:00,75.90646666666666,19.25623333333332
2022-08-13 13:00:00,75.33513333333333,21.33953333333332
2022-08-13 13:30:00,73.98466666666666,19.916999999999987
2022-08-13 14:00:00,75.83099999999999,14.049199999999999
2022-08-13 14:30:00,76.8588,14.603466666666662
2022-08-13 15:00:00,78.56466666666665,14.79806666666667
2022-08-13 15:30:00,79.93346666666666,11.595399999999998
2022-08-13 16:00:00,79.19073333333333,13.630299999999991
2022-08-13 16:30:00,79.512,12.763433333333325
2022-08-13 17:00:00,81.79246666666668,13.75
2022-08-13 17:30:00,83.30626666666667,12.882266666666666
2022-08-13 18:00:00,84.15299999999999,10.335200000000015
2022-08-13 18:30:00,85.05373333333333,10.498433333333324
2022-08-13 19:00:00,85.19266666666667,9.791433333333359
2022-08-13 19:30:00,85.9108,10.326300000000003
2022-08-13 20:00:00,86.38186666666665,10.702700000000021
2022-08-13 20:30:00,86.66219999999998,9.767133333333334
2022-08-13 21:00:00,87.43266666666668,8.296766666666684
2022-08-13 21:30:00,87.85913333333333,7.625733333333329
2022-08-13 22:00:00,88.06526666666669,7.318733333333327
2022-08-13 22:30:00,88.77440000000001,6.762500000000003
2022-08-13 23:00:00,88.84200000000001,6.046966666666663
2022-08-13 23:30:00,88.81926666666666,6.0166666666666515
2022-08-14 00:00:00,88.30513333333333,6.499533333333318
2022-08-14 00:30:00,87.99173333333331,5.781433333333339
2022-08-14 01:00:00,87.2838,5.643933333333337
2022-08-14 01:30:00,87.22926666666669,5.671233333333319
2022-08-14 02:00:00,87.4428,6.005766666666659
2022-08-14 02:30:00,88.23,5.114399999999989
2022-08-14 03:00:00,88.91793333333332,5.590633333333344
2022-08-14 03:30:00,89.95686666666667,6.186400000000006
2022-08-14 04:00:00,90.68986666666667,4.6824333333333215
2022-08-14 04:30:00,91.09586666666667,4.3710333333333296
2022-08-14 05:00:00,91.99953333333333,2.2957999999999856
2022-08-14 05:30:00,91.2852,2.9816000000000003
2022-08-14 06:00:00,90.43379999999999,4.947999999999993
2022-08-14 06:30:00,89.36633333333334,6.034800000000018
2022-08-14 07:00:00,87.32466666666667,6.675499999999985
2022-08-14 07:30:00,86.29786666666666,4.54883333333332
2022-08-14 08:00:00,85.05286666666666,2.731966666666679
2022-08-14 08:30:00,85.32066666666667,3.218766666666653
2022-08-14 09:00:00,85.03186666666667,7.0593000000000075
2022-08-14 09:30:00,87.17193333333333,9.030500000000004
2022-08-14 10:00:00,84.9746,12.289399999999986
2022-08-14 10:30:00,83.62446666666666,17.554233333333343
2022-08-14 11:00:00,83.45166666666667,11.16343333333333
2022-08-14 11:30:00,78.87233333333333,14.291233333333338
2022-08-14 12:00:00,79.47433333333333,13.538633333333351
2022-08-14 12:30:00,81.61246666666668,11.70786666666666
2022-08-14 13:00:00,88.75219999999999,4.201666666666668
2022-08-14 13:30:00,91.81733333333334,5.1869000000000085
2022-08-14 14:00:00,92.72226666666666,4.591566666666665
2022-08-14 14:30:00,93.70899999999999,3.989066666666645
2022-08-14 15:00:00,94.23320000000001,4.483766666666668
2022-08-14 15:30:00,94.63746666666667,4.3272333333333535
2022-08-14 16:00:00,94.80993333333333,4.03746666666666
2022-08-14 16:30:00,94.90466666666667,3.706000000000003
2022-08-14 17:00:00,95.23153333333335,4.193866666666679
2022-08-14 17:30:00,95.30186666666665,4.059133333333335
2022-08-14 18:00:00,94.87700000000001,3.643633333333341
2022-08-14 18:30:00,94.50926666666666,3.8081333333333447
2022-08-14 19:00:00,94.8466,4.115866666666662
2022-08-14 19:30:00,95.23280000000001,3.618066666666664
2022-08-14 20:00:00,94.74646666666668,3.299766666666656
2022-08-14 20:30:00,94.78139999999999,3.171833333333325
2022-08-14 21:00:00,94.98646666666667,3.4970666666666688
2022-08-14 21:30:00,94.82026666666667,3.529533333333333
2022-08-14 22:00:00,94.6688,2.3417666666666577
2022-08-14 22:30:00,94.32226666666666,2.956800000000001
2022-08-14 23:00:00,94.48106666666666,2.759433333333334
2022-08-14 23:30:00,94.40833333333333,2.954100000000011
2022-08-15 00:00:00,94.1982,2.235366666666664
2022-08-15 00:30:00,94.219,3.206366666666682
2022-08-15 01:00:00,94.45486666666666,4.313933333333338
2022-08-15 01:30:00,94.63419999999999,4.169466666666651
2022-08-15 02:00:00,94.41213333333333,4.082033333333342
2022-08-15 02:30:00,94.13653333333332,3.5292666666666577
2022-08-15 03:00:00,94.65213333333334,3.9960333333333296
2022-08-15 03:30:00,94.58286666666667,3.830999999999989
2022-08-15 04:00:00,94.51453333333333,3.9666666666666544
2022-08-15 04:30:00,94.67673333333335,3.8128333333333444
2022-08-15 05:00:00,95.27799999999999,4.5864333333333605
2022-08-15 05:30:00,95.51813333333334,4.203133333333355
2022-08-15 06:00:00,95.97613333333334,3.6371666666666727
2022-08-15 06:30:00,95.488,3.5898333333333454
2022-08-15 07:00:00,95.60766666666666,4.222233333333335
2022-08-15 07:30:00,95.2142,5.280199999999979
2022-08-15 08:00:00,94.32753333333334,5.4435333333333205
2022-08-15 08:30:00,94.51100000000001,4.518500000000003
2022-08-15 09:00:00,94.42033333333333,4.95989999999999
2022-08-15 09:30:00,93.41986666666668,7.266533333333314
2022-08-15 10:00:00,92.56466666666667,7.521966666666657
2022-08-15 10:30:00,91.64553333333333,8.804666666666677
2022-08-15 11:00:00,90.45360000000001,11.464000000000013
2022-08-15 11:30:00,89.95133333333334,11.455033333333347
2022-08-15 12:00:00,90.41819999999998,10.479100000000003
2022-08-15 12:30:00,89.18173333333333,14.704300000000018
2022-08-15 13:00:00,87.14759999999998,12.36196666666666
2022-08-15 13:30:00,87.42653333333332,11.027633333333327
2022-08-15 14:00:00,86.53979999999999,13.852933333333326
2022-08-15 14:30:00,85.5624,10.052366666666671
2022-08-15 15:00:00,89.09393333333333,5.080799999999996
2022-08-15 15:30:00,89.50946666666667,6.0976
2022-08-15 16:00:00,89.9466,5.429000000000002
2022-08-15 16:30:00,89.69973333333333,6.400533333333314
2022-08-15 17:00:00,90.03073333333334,5.088866666666661
2022-08-15 17:30:00,90.26526666666666,6.537899999999979
2022-08-15 18:00:00,91.06733333333332,6.127566666666667
2022-08-15 18:30:00,91.11973333333333,5.042733333333331
2022-08-15 19:00:00,91.62946666666667,5.9271333333333445
2022-08-15 19:30:00,91.67833333333333,5.776300000000063
2022-08-15 20:00:00,92.44206666666666,6.1702999999999975
2022-08-15 20:30:00,92.57806666666667,5.82526666666665
2022-08-15 21:00:00,93.12053333333333,5.0141333333333336
2022-08-15 21:30:00,93.44493333333332,4.834933333333339
2022-08-15 22:00:00,93.51226666666666,5.143300000000011
2022-08-15 22:30:00,93.6144,4.810933333333338
2022-08-15 23:00:00,93.8262,4.342933333333335
2022-08-15 23:30:00,94.06426666666667,3.2761666666666684
2022-08-16 00:00:00,94.943,4.989366666666655
2022-08-16 00:30:00,95.45726666666667,4.166833333333344
2022-08-16 01:00:00,95.94546666666668,3.733466666666672
2022-08-16 01:30:00,95.77826666666667,3.4006666666666803
2022-08-16 02:00:00,96.11173333333333,4.153000000000006
2022-08-16 02:30:00,95.98780000000002,4.39733333333335
2022-08-16 03:00:00,96.0802,4.188200000000009
2022-08-16 03:30:00,96.1166,4.169433333333359
2022-08-16 04:00:00,95.95353333333334,4.366166666666672
2022-08-16 04:30:00,96.23646666666667,4.0791333333333455
2022-08-16 05:00:00,95.9198,3.8632000000000346
2022-08-16 05:30:00,96.2258,4.560900000000018
2022-08-16 06:00:00,95.67506666666668,4.063766666666666
2022-08-16 06:30:00,95.54533333333333,4.283333333333346
2022-08-16 07:00:00,95.22193333333333,4.339966666666683
2022-08-16 07:30:00,94.4536,5.586166666666671
2022-08-16 08:00:00,93.63953333333333,7.650366666666656
2022-08-16 08:30:00,92.899,8.582133333333317
2022-08-16 09:00:00,90.74173333333333,13.772866666666673
2022-08-16 09:30:00,87.67493333333333,17.401733333333354
2022-08-16 10:00:00,83.7034,20.576233333333306
2022-08-16 10:30:00,80.41726666666666,18.070800000000006
2022-08-16 11:00:00,79.54746666666668,14.036599999999993
2022-08-16 11:30:00,77.70506666666668,15.40403333333333
2022-08-16 12:00:00,76.44706666666666,15.481233333333336
2022-08-16 12:30:00,75.20586666666665,16.08523333333332
2022-08-16 13:00:00,75.89806666666667,16.013933333333327
2022-08-16 13:30:00,75.21886666666667,14.666399999999982
2022-08-16 14:00:00,74.32286666666667,15.336200000000005
2022-08-16 14:30:00,74.55166666666666,14.357566666666656
2022-08-16 15:00:00,75.68846666666667,13.710199999999986
2022-08-16 15:30:00,76.4804,14.358599999999981
2022-08-16 16:00:00,77.96199999999999,11.899733333333316
2022-08-16 16:30:00,80.40073333333333,9.61096666666667
2022-08-16 17:00:00,83.34773333333332,9.40740000000001
2022-08-16 17:30:00,86.04513333333333,8.407399999999996
2022-08-16 18:00:00,88.46426666666666,7.87739999999998
2022-08-16 18:30:00,89.70986666666667,7.743833333333328
2022-08-16 19:00:00,90.94046666666667,6.811866666666674
2022-08-16 19:30:00,91.3458,6.674033333333327
2022-08-16 20:00:00,91.29039999999999,6.942766666666657
2022-08-16 20:30:00,91.60213333333334,6.03006666666667
2022-08-16 21:00:00,91.88873333333333,5.5994333333333515
2022-08-16 21:30:00,92.19006666666668,5.592700000000008
2022-08-16 22:00:00,92.37026666666665,5.189333333333352
2022-08-16 22:30:00,92.65133333333333,5.298000000000002
2022-08-16 23:00:00,92.79393333333334,4.99996666666668
2022-08-16 23:30:00,93.25786666666667,4.302200000000013
2022-08-17 00:00:00,93.40239999999999,4.3404000000000025
2022-08-17 00:30:00,93.92553333333333,4.049566666666649
2022-08-17 01:00:00,93.8532,5.150999999999982
2022-08-17 01:30:00,94.33346666666667,5.89136666666667
2022-08-17 02:00:00,94.15706666666668,5.016133333333343
2022-08-17 02:30:00,94.0924,4.144366666666684
2022-08-17 03:00:00,93.87846666666667,5.0994666666666575
2022-08-17 03:30:00,93.89473333333333,4.340833333333336
2022-08-17 04:00:00,94.37473333333334,3.9117000000000104
2022-08-17 04:30:00,93.84773333333332,4.725733333333324
2022-08-17 05:00:00,93.85513333333334,4.335066666666663
2022-08-17 05:30:00,93.5344,3.934133333333321
2022-08-17 06:00:00,93.29766666666667,3.5390666666666704
2022-08-17 06:30:00,92.58553333333334,5.782933333333332
2022-08-17 07:00:00,90.96666666666667,7.836033333333319
2022-08-17 07:30:00,89.42166666666665,9.199133333333336
2022-08-17 08:00:00,87.58626666666666,11.563833333333335
2022-08-17 08:30:00,84.24946666666668,16.596400000000017
2022-08-17 09:00:00,79.5622,19.24573333333332
2022-08-17 09:30:00,78.67466666666667,9.739566666666661
2022-08-17 10:00:00,74.10933333333332,15.176866666666655
2022-08-17 10:30:00,72.61026666666666,17.351533333333364
2022-08-17 11:00:00,71.49359999999999,20.445600000000006
2022-08-17 11:30:00,71.12359999999998,21.976133333333323
2022-08-17 12:00:00,70.46026666666667,21.352899999999984
2022-08-17 12:30:00,72.07566666666666,17.703466666666657
2022-08-17 13:00:00,70.71886666666666,21.486233333333317
2022-08-17 13:30:00,68.78346666666667,23.7911
2022-08-17 14:00:00,68.34713333333333,24.719333333333324
2022-08-17 14:30:00,68.28213333333333,23.950100000000013
2022-08-17 15:00:00,68.54280000000001,22.6331
2022-08-17 15:30:00,70.69286666666667,22.726666666666667
2022-08-17 16:00:00,70.9384,19.21303333333333
2022-08-17 16:30:00,73.16966666666666,16.26769999999999
2022-08-17 17:00:00,76.37440000000001,16.26200000000003
2022-08-17 17:30:00,80.70219999999999,11.80786666666667
2022-08-17 18:00:00,84.4598,8.67806666666668
2022-08-17 18:30:00,86.70733333333332,8.714766666666662
2022-08-17 19:00:00,86.69586666666666,8.753200000000035
2022-08-17 19:30:00,87.53986666666667,7.77170000000001
2022-08-17 20:00:00,88.08566666666665,7.783300000000011
2022-08-17 20:30:00,88.7028,5.965833333333336
2022-08-17 21:00:00,89.03873333333334,5.549600000000012
2022-08-17 21:30:00,89.13839999999999,5.607233333333326
2022-08-17 22:00:00,89.59413333333333,4.523633333333365
2022-08-17 22:30:00,90.3426,3.7996333333333325
2022-08-17 23:00:00,91.09286666666667,3.319666666666663
2022-08-17 23:30:00,91.7202,2.0477333333333405
2022-08-18 00:00:00,91.88833333333334,1.618933333333345
2022-08-18 00:30:00,92.3716,2.251266666666666
2022-08-18 01:00:00,92.62733333333333,3.1238333333333372
2022-08-18 01:30:00,92.9232,4.957866666666646
2022-08-18 02:00:00,93.07446666666667,4.959699999999998
2022-08-18 02:30:00,93.2722,4.82289999999999
2022-08-18 03:00:00,93.00153333333333,4.8065
2022-08-18 03:30:00,93.01740000000001,5.341066666666663
2022-08-18 04:00:00,93.33753333333334,6.378233333333341
2022-08-18 04:30:00,93.65313333333333,6.395866666666649
2022-08-18 05:00:00,93.375,5.771499999999989
2022-08-18 05:30:00,91.91393333333333,3.8729333333333216
2022-08-18 06:00:00,91.6628,3.421599999999998
2022-08-18 06:30:00,90.55046666666667,3.0862666666666456
2022-08-18 07:00:00,88.13286666666667,4.467699999999994
2022-08-18 07:30:00,84.48346666666666,5.6736333333333135
2022-08-18 08:00:00,80.09153333333333,6.353766666666658
2022-08-18 08:30:00,74.76533333333333,8.293733333333321
2022-08-18 09:00:00,70.27186666666667,11.125933333333322
2022-08-18 09:30:00,66.78726666666667,17.540266666666675
2022-08-18 10:00:00,65.0382,24.787100000000002
2022-08-18 10:30:00,65.09259999999999,23.80209999999998
2022-08-18 11:00:00,63.38993333333333,27.087933333333346
2022-08-18 11:30:00,64.2998,25.87716666666666
2022-08-18 12:00:00,64.44966666666667,26.752533333333325
2022-08-18 12:30:00,65.64253333333333,26.989166666666655
2022-08-18 13:00:00,68.02453333333332,21.971699999999977
2022-08-18 13:30:00,67.56933333333333,22.459733333333332
2022-08-18 14:00:00,67.1106,24.55899999999999
2022-08-18 14:30:00,68.44333333333334,25.718466666666664
2022-08-18 15:00:00,70.21053333333332,26.611533333333327
2022-08-18 15:30:00,70.60753333333332,27.56583333333333
2022-08-18 16:00:00,72.42806666666667,24.931599999999975
2022-08-18 16:30:00,74.47393333333333,23.104933333333328
2022-08-18 17:00:00,78.1942,19.91773333333333
2022-08-18 17:30:00,82.62373333333332,16.25923333333334
2022-08-18 18:00:00,86.1038,11.953933333333325
2022-08-18 18:30:00,87.58426666666666,11.44083333333333
2022-08-18 19:00:00,88.00506666666666,11.606833333333341
2022-08-18 19:30:00,87.8726,13.528666666666666
2022-08-18 20:00:00,88.33253333333333,12.392966666666666
2022-08-18 20:30:00,88.95533333333333,10.900400000000019
2022-08-18 21:00:00,88.92213333333333,13.020333333333326
2022-08-18 21:30:00,89.67553333333333,10.870233333333346
2022-08-18 22:00:00,89.90133333333334,9.254566666666648
2022-08-18 22:30:00,89.92173333333334,7.825733333333346
2022-08-18 23:00:00,89.6334,6.703033333333337
2022-08-18 23:30:00,89.66686666666666,5.012999999999991
2022-08-19 00:00:00,89.82966666666667,4.43510000000002
2022-08-19 00:30:00,89.96153333333334,3.475200000000015
2022-08-19 01:00:00,89.9982,2.413000000000011
2022-08-19 01:30:00,89.90173333333334,2.243700000000004
2022-08-19 02:00:00,89.48926666666667,2.5783333333333474
2022-08-19 02:30:00,89.11926666666668,2.210866666666675
2022-08-19 03:00:00,88.74933333333334,2.6190999999999747
2022-08-19 03:30:00,88.91826666666668,2.448033333333342
2022-08-19 04:00:00,88.74366666666667,2.121133333333347
2022-08-19 04:30:00,88.24359999999999,2.560699999999983
2022-08-19 05:00:00,88.14613333333332,3.2840333333333405
2022-08-19 05:30:00,87.95146666666668,4.479299999999995
2022-08-19 06:00:00,87.678,4.446133333333336
2022-08-19 06:30:00,87.10833333333333,5.094666666666669
2022-08-19 07:00:00,85.17279999999998,8.07616666666668
2022-08-19 07:30:00,84.70073333333333,6.577500000000001
2022-08-19 08:00:00,83.24026666666666,6.304533333333339
2022-08-19 08:30:00,81.0672,4.130899999999997
2022-08-19 09:00:00,78.83586666666667,6.642699999999991
2022-08-19 09:30:00,76.13239999999999,6.696600000000004
2022-08-19 10:00:00,71.9788,12.312999999999988
2022-08-19 10:30:00,68.39293333333333,16.40966666666668
2022-08-19 11:00:00,65.83213333333335,21.52856666666665
2022-08-19 11:30:00,68.48626666666667,20.37626666666666
2022-08-19 12:00:00,70.86166666666668,16.723099999999995
2022-08-19 12:30:00,70.29546666666667,18.37003333333334
2022-08-19 13:00:00,69.4588,16.851800000000004
2022-08-19 13:30:00,68.86253333333335,16.8378
2022-08-19 14:00:00,70.49826666666667,14.873066666666652
2022-08-19 14:30:00,72.12106666666666,14.462999999999994
2022-08-19 15:00:00,75.98026666666667,13.789866666666668
2022-08-19 15:30:00,78.59179999999999,13.217699999999994
2022-08-19 16:00:00,80.48693333333333,11.346666666666664
2022-08-19 16:30:00,81.78513333333333,13.741100000000003
2022-08-19 17:00:00,83.50373333333333,15.130133333333319
2022-08-19 17:30:00,85.19980000000001,14.83123333333333
2022-08-19 18:00:00,86.76993333333333,14.03946666666667
2022-08-19 18:30:00,88.36173333333333,12.922366666666662
2022-08-19 19:00:00,88.71053333333333,12.088233333333335
2022-08-19 19:30:00,88.9562,11.40636666666667
2022-08-19 20:00:00,89.85266666666666,8.709266666666664
2022-08-19 20:30:00,90.55733333333335,7.282766666666674
2022-08-19 21:00:00,90.729,6.5902000000000385
2022-08-19 21:30:00,90.93213333333333,5.945266666666697
2022-08-19 22:00:00,91.54639999999999,5.551866666666655
2022-08-19 22:30:00,91.2174,4.24760000000002
2022-08-19 23:00:00,91.05373333333333,4.266000000000005
2022-08-19 23:30:00,91.3432,5.2070666666666625
2022-08-20 00:00:00,91.62,6.324100000000016
2022-08-20 00:30:00,91.56853333333333,6.189766666666671
2022-08-20 01:00:00,91.55386666666666,5.444366666666667
2022-08-20 01:30:00,91.70626666666666,5.432699999999997
2022-08-20 02:00:00,92.45126666666667,7.092333333333343
2022-08-20 02:30:00,93.41033333333334,8.722466666666676
2022-08-20 03:00:00,93.81773333333334,9.1815
2022-08-20 03:30:00,94.21073333333332,8.995400000000004
2022-08-20 04:00:00,94.28599999999999,8.545633333333328
2022-08-20 04:30:00,94.36713333333333,7.9021999999999935
2022-08-20 05:00:00,94.46686666666668,7.885799999999989
2022-08-20 05:30:00,94.34473333333332,7.116733333333343
2022-08-20 06:00:00,94.04753333333333,7.331400000000002
2022-08-20 06:30:00,93.74766666666666,8.335866666666675
2022-08-20 07:00:00,91.84206666666667,8.287300000000016
2022-08-20 07:30:00,88.32919999999999,11.9859
2022-08-20 08:00:00,84.74113333333332,11.37426666666667
2022-08-20 08:30:00,81.25006666666665,12.404566666666668
2022-08-20 09:00:00,77.71373333333334,16.195099999999996
2022-08-20 09:30:00,74.86013333333332,15.88903333333333
2022-08-20 10:00:00,73.65406666666667,17.637099999999975
2022-08-20 10:30:00,74.23873333333333,17.459500000000006
2022-08-20 11:00:00,75.55873333333334,11.49963333333335
2022-08-20 11:30:00,74.47,11.141633333333331
2022-08-20 12:00:00,73.35786666666667,11.118799999999979
2022-08-20 12:30:00,70.91600000000001,13.656966666666662
2022-08-20 13:00:00,70.77566666666667,16.581766666666653
2022-08-20 13:30:00,69.87286666666667,17.745900000000006
2022-08-20 14:00:00,69.42646666666667,17.664166666666667
2022-08-20 14:30:00,70.37386666666666,13.95696666666666
2022-08-20 15:00:00,70.35499999999999,16.084633333333322
2022-08-20 15:30:00,71.29966666666667,18.86786666666668
2022-08-20 16:00:00,72.05966666666667,17.500699999999988
2022-08-20 16:30:00,74.62813333333334,16.22493333333334
2022-08-20 17:00:00,77.97246666666668,10.904366666666647
2022-08-20 17:30:00,81.5112,11.331933333333339
2022-08-20 18:00:00,84.90246666666667,11.542866666666669
2022-08-20 18:30:00,87.43366666666668,10.563133333333326
2022-08-20 19:00:00,88.83593333333333,9.235899999999972
2022-08-20 19:30:00,89.8732,9.186033333333341
2022-08-20 20:00:00,89.19466666666668,10.096400000000003
2022-08-20 20:30:00,89.0068,9.466499999999996
2022-08-20 21:00:00,89.38273333333335,9.749166666666653
2022-08-20 21:30:00,89.25246666666666,8.996266666666656
2022-08-20 22:00:00,89.54640000000002,9.980599999999995
2022-08-20 22:30:00,90.27893333333333,9.629700000000014
2022-08-20 23:00:00,90.97653333333332,10.59320000000001
2022-08-20 23:30:00,91.20753333333333,8.570200000000014
2022-08-21 00:00:00,91.43293333333334,6.879099999999994
2022-08-21 00:30:00,91.77360000000002,6.740933333333345
2022-08-21 01:00:00,91.626,4.294866666666692
2022-08-21 01:30:00,91.39713333333333,3.9977666666666636
2022-08-21 02:00:00,91.35206666666667,2.539266666666663
2022-08-21 02:30:00,91.29446666666666,2.9084000000000003
2022-08-21 03:00:00,91.99413333333334,3.12530000000001
2022-08-21 03:30:00,92.9004,3.0940333333333285
2022-08-21 04:00:00,93.3232,2.681333333333342
2022-08-21 04:30:00,93.82086666666666,2.5819000000000187
2022-08-21 05:00:00,93.59093333333334,2.5368666666666826
2022-08-21 05:30:00,93.31686666666667,2.4508333333333354
2022-08-21 06:00:00,93.1682,2.778166666666678
2022-08-21 06:30:00,90.0436,7.271066666666641
2022-08-21 07:00:00,87.62826666666668,5.333833333333331
2022-08-21 07:30:00,83.80846666666666,5.714966666666683
2022-08-21 08:00:00,78.14773333333332,12.75363333333334
2022-08-21 08:30:00,74.94546666666666,11.638566666666662
2022-08-21 09:00:00,73.62406666666666,11.497500000000002
2022-08-21 09:30:00,73.25319999999999,15.13300000000001
2022-08-21 10:00:00,70.88853333333334,20.462966666666667
2022-08-21 10:30:00,66.2908,18.825366666666667
2022-08-21 11:00:00,65.27239999999999,17.60086666666666
2022-08-21 11:30:00,64.81293333333333,19.08516666666665
2022-08-21 12:00:00,66.02853333333334,19.120933333333333
2022-08-21 12:30:00,63.99760000000001,15.455666666666666
2022-08-21 13:00:00,64.25980000000001,17.83013333333335
2022-08-21 13:30:00,65.70353333333333,14.60936666666666
2022-08-21 14:00:00,65.36366666666667,21.554933333333338
2022-08-21 14:30:00,64.06166666666668,20.76513333333334
2022-08-21 15:00:00,67.69153333333334,18.471599999999995
2022-08-21 15:30:00,68.45233333333333,17.255200000000002
2022-08-21 16:00:00,69.9796,19.828866666666663
2022-08-21 16:30:00,74.14099999999999,17.068799999999996
2022-08-21 17:00:00,79.74553333333333,13.219033333333343
2022-08-21 17:30:00,83.30640000000001,12.358100000000007
2022-08-21 18:00:00,85.11340000000001,13.780166666666688
2022-08-21 18:30:00,86.08333333333334,11.620766666666682
2022-08-21 19:00:00,86.55366666666666,9.53000000000003
2022-08-21 19:30:00,86.74399999999999,10.586166666666685
2022-08-21 20:00:00,87.5394,11.262666666666675
2022-08-21 20:30:00,88.9714,10.19853333333333
2022-08-21 21:00:00,89.621,8.5591
2022-08-21 21:30:00,89.70313333333334,7.955900000000014
2022-08-21 22:00:00,90.39000000000001,6.504199999999997
2022-08-21 22:30:00,91.13073333333334,5.468933333333354
2022-08-21 23:00:00,91.56946666666667,4.016433333333353
2022-08-21 23:30:00,92.14240000000001,5.166333333333341
2022-08-22 00:00:00,92.11293333333333,5.024100000000004
2022-08-22 00:30:00,91.26413333333332,5.339466666666667
2022-08-22 01:00:00,91.2258,5.560033333333337
2022-08-22 01:30:00,90.66493333333334,6.528566666666663
2022-08-22 02:00:00,90.81673333333333,5.54073333333335
2022-08-22 02:30:00,90.85313333333333,5.048266666666663
2022-08-22 03:00:00,90.43113333333334,5.263300000000001
2022-08-22 03:30:00,90.0528,3.75630000000001
2022-08-22 04:00:00,90.15106666666665,5.132633333333331
2022-08-22 04:30:00,89.9318,5.030999999999992
2022-08-22 05:00:00,90.65513333333334,4.904699999999977
2022-08-22 05:30:00,90.94893333333333,5.159199999999984
2022-08-22 06:00:00,90.18226666666666,4.2470333333333485
2022-08-22 06:30:00,85.95133333333335,13.585541666666671
2022-08-22 07:00:00,84.48911111111111,6.74629166666665
2022-08-22 07:30:00,79.86342857142857,13.02761666666666
2022-08-22 08:00:00,79.68890476190475,8.794266666666672
2022-08-22 08:30:00,77.0530476190476,14.988733333333329
2022-08-22 09:00:00,73.05825,21.6982
2022-08-22 09:30:00,69.53335185185185,20.95819999999999
2022-08-22 10:00:00,67.97451851851851,21.002533333333304
2022-08-22 10:30:00,68.59366666666668,19.76188333333333
2022-08-22 11:00:00,68.43586666666667,20.35943333333332
2022-08-22 11:30:00,68.99146666666668,24.56345833333333
2022-08-22 12:00:00,69.0314,24.685708333333324
2022-08-22 12:30:00,70.92713333333334,16.829608333333326
2022-08-22 13:00:00,73.16413333333334,17.91670833333334
2022-08-22 13:30:00,74.20393333333332,18.947733333333346
2022-08-22 14:00:00,72.6944,18.47613333333331
2022-08-22 14:30:00,72.2716,18.278025
2022-08-22 15:00:00,72.79983333333332,19.176441666666662
2022-08-22 15:30:00,71.55273333333335,20.400466666666652
2022-08-22 16:00:00,72.60123333333334,21.15565000000001
2022-08-22 16:30:00,74.66066666666666,21.211191666666664
2022-08-22 17:00:00,78.10746666666668,18.69013333333332
2022-08-22 17:30:00,80.7749,17.933908333333335
2022-08-22 18:00:00,82.4048,17.26845
2022-08-22 18:30:00,84.02756666666666,16.481908333333323
2022-08-22 19:00:00,85.53026666666666,16.24834166666666
2022-08-22 19:30:00,86.55493333333334,16.468300000000013
2022-08-22 20:00:00,87.14596666666667,15.840949999999992
2022-08-22 20:30:00,87.73026666666667,14.615591666666674
2022-08-22 21:00:00,87.82326666666667,14.26740000000001
2022-08-22 21:30:00,87.40213333333334,14.67420833333334
2022-08-22 22:00:00,87.38386666666666,14.878308333333337
2022-08-22 22:30:00,87.31286666666668,14.74304166666667
2022-08-22 23:00:00,87.44123333333334,13.926166666666674
2022-08-22 23:30:00,87.8636,13.554983333333354
2022-08-23 00:00:00,87.85753333333334,14.27057499999998
2022-08-23 00:30:00,88.5029666666667,15.225549999999984
2022-08-23 01:00:00,89.319,14.450499999999991
2022-08-23 01:30:00,89.44363333333334,13.802933333333343
2022-08-23 02:00:00,89.90433333333331,13.801633333333356
2022-08-23 02:30:00,90.71310000000001,12.431350000000023
2022-08-23 03:00:00,91.0744,12.186275000000009
2022-08-23 03:30:00,91.22889999999998,12.337516666666659
2022-08-23 04:00:00,91.21983333333333,12.579616666666666
2022-08-23 04:30:00,91.38320000000002,11.899958333333345
2022-08-23 05:00:00,92.01296666666666,11.397466666666688
2022-08-23 05:30:00,92.98966666666665,11.011241666666663
2022-08-23 06:00:00,93.42493333333334,10.212033333333338
2022-08-23 06:30:00,93.5038,10.03647500000001
2022-08-23 07:00:00,92.8989,9.843733333333319
2022-08-23 07:30:00,93.25606666666665,10.814041666666682
2022-08-23 08:00:00,93.10100000000001,11.955383333333344
2022-08-23 08:30:00,92.64743333333334,12.26903333333334
2022-08-23 09:00:00,92.60216666666668,11.877508333333324
2022-08-23 09:30:00,92.7607,12.408308333333352
2022-08-23 10:00:00,91.9316,14.070550000000011
2022-08-23 10:30:00,89.64259999999999,14.734341666666666
2022-08-23 11:00:00,89.6774,13.30465000000001
2022-08-23 11:30:00,90.30243333333333,10.702399999999997
2022-08-23 12:00:00,90.4459,9.489791666666676
2022-08-23 12:30:00,88.59599999999999,12.625433333333334
2022-08-23 13:00:00,86.57646666666668,11.75374166666667
2022-08-23 13:30:00,85.94993333333332,10.732550000000018
2022-08-23 14:00:00,85.14416666666668,11.56835000000001
2022-08-23 14:30:00,85.61733333333333,9.755508333333339
2022-08-23 15:00:00,86.41336666666666,10.635799999999989
2022-08-23 15:30:00,86.64593333333333,10.952675
2022-08-23 16:00:00,87.40316666666668,9.742166666666662
2022-08-23 16:30:00,89.16266666666668,10.025750000000002
2022-08-23 17:00:00,91.16653333333333,10.367133333333342
2022-08-23 17:30:00,91.34666666666666,9.916091666666674
2022-08-23 18:00:00,91.51483333333333,9.618658333333329
2022-08-23 18:30:00,92.24573333333335,9.23334166666666
2022-08-23 19:00:00,92.94883333333334,9.288908333333339
2022-08-23 19:30:00,93.14823333333332,9.50099999999999
2022-08-23 20:00:00,93.6999,8.744158333333331
2022-08-23 20:30:00,93.88643333333334,8.270041666666671
2022-08-23 21:00:00,93.9652,9.063633333333328
2022-08-23 21:30:00,94.08196666666666,8.745208333333323
2022-08-23 22:00:00,94.1985,9.226858333333325
2022-08-23 22:30:00,94.4869,8.245316666666668
2022-08-23 23:00:00,95.12536666666668,8.00663333333334
2022-08-23 23:30:00,95.4398,8.385191666666671
2022-08-24 00:00:00,95.4692,7.8876750000000015
2022-08-24 00:30:00,95.40836666666667,8.072516666666672
2022-08-24 01:00:00,95.48533333333333,7.717224999999999
2022-08-24 01:30:00,95.58886666666665,8.042883333333336
2022-08-24 02:00:00,95.60300000000001,7.868158333333341
2022-08-24 02:30:00,95.5849,8.48779166666668
2022-08-24 03:00:00,95.22523333333334,7.66758333333334
2022-08-24 03:30:00,94.79336666666667,7.731141666666673
2022-08-24 04:00:00,94.64616666666666,7.598549999999975
2022-08-24 04:30:00,94.44863333333333,8.031750000000002
2022-08-24 05:00:00,94.30236666666667,8.467583333333323
2022-08-24 05:30:00,94.09060000000001,9.186949999999996
2022-08-24 06:00:00,93.87089999999999,9.188758333333325
2022-08-24 06:30:00,93.5849,8.859008333333335
2022-08-24 07:00:00,92.116,10.047083333333319
2022-08-24 07:30:00,90.76353333333334,11.725433333333328
2022-08-24 08:00:00,88.3634,12.882316666666668
2022-08-24 08:30:00,87.1247,12.60848333333334
2022-08-24 09:00:00,87.24463333333333,10.60918333333332
2022-08-24 09:30:00,88.40116666666668,12.781700000000015
2022-08-24 10:00:00,87.30323333333334,14.24273333333332
2022-08-24 10:30:00,86.48806666666665,12.544383333333343
2022-08-24 11:00:00,86.85726666666667,11.23151666666665
2022-08-24 11:30:00,82.28326666666666,15.80735833333334
2022-08-24 12:00:00,77.66623333333334,12.501658333333353
2022-08-24 12:30:00,76.71276666666667,9.784716666666654
2022-08-24 13:00:00,75.96203333333334,9.49004166666667
2022-08-24 13:30:00,73.88426666666666,10.554408333333328
2022-08-24 14:00:00,71.5463,11.579100000000011
2022-08-24 14:30:00,70.36213333333333,14.327583333333337
2022-08-24 15:00:00,70.71950000000001,12.870250000000013
2022-08-24 15:30:00,72.23979999999999,14.729091666666662
2022-08-24 16:00:00,73.3605,10.629991666666669
2022-08-24 16:30:00,76.96610000000001,10.297333333333327
2022-08-24 17:00:00,80.1609,11.50788333333334
2022-08-24 17:30:00,83.10663333333332,9.798383333333334
2022-08-24 18:00:00,85.90653333333333,11.552383333333324
2022-08-24 18:30:00,87.67099999999999,11.158483333333336
2022-08-24 19:00:00,87.8636,10.634766666666678
2022-08-24 19:30:00,88.36693333333332,10.032891666666657
2022-08-24 20:00:00,89.11859999999999,9.617658333333324
2022-08-24 20:30:00,89.7381,9.619908333333342
2022-08-24 21:00:00,90.81043333333334,10.076675000000009
2022-08-24 21:30:00,91.41406666666667,10.042066666666685
2022-08-24 22:00:00,91.76063333333335,9.366125000000011
2022-08-24 22:30:00,92.10140000000001,9.799666666666667
2022-08-24 23:00:00,92.39086666666667,8.989066666666673
2022-08-24 23:30:00,92.96853333333334,8.355599999999995
2022-08-25 00:00:00,93.68316666666666,7.917133333333339
2022-08-25 00:30:00,94.03296666666668,8.033299999999997
2022-08-25 01:00:00,94.26719999999999,8.350966666666679
2022-08-25 01:30:00,94.70336666666667,8.225225000000009
2022-08-25 02:00:00,95.00810000000001,7.395508333333339
2022-08-25 02:30:00,95.10636666666667,7.394699999999986
2022-08-25 03:00:00,95.2328,8.089058333333327
2022-08-25 03:30:00,95.32320000000001,8.068716666666646
2022-08-25 04:00:00,95.42696666666667,7.9667249999999825
2022-08-25 04:30:00,95.30593333333334,7.841216666666682
2022-08-25 05:00:00,95.32286666666667,8.112291666666678
2022-08-25 05:30:00,94.97046666666667,8.848608333333331
2022-08-25 06:00:00,94.69983333333334,8.310874999999996
2022-08-25 06:30:00,93.0352,10.120883333333339
2022-08-25 07:00:00,89.79546666666667,14.239725000000021
2022-08-25 07:30:00,86.7944,16.462233333333344
2022-08-25 08:00:00,83.18356666666666,17.58265
2022-08-25 08:30:00,79.20973333333333,14.529250000000005
2022-08-25 09:00:00,74.2439,17.357258333333334
2022-08-25 09:30:00,69.22616666666667,24.321175000000025
2022-08-25 10:00:00,65.31236666666668,28.75815833333335
2022-08-25 10:30:00,62.10903333333332,31.57847499999999
2022-08-25 11:00:00,60.52483333333333,29.98738333333334
2022-08-25 11:30:00,60.41976666666667,28.434458333333325
2022-08-25 12:00:00,59.18473333333334,27.29820000000001
2022-08-25 12:30:00,58.44286666666667,28.921583333333324
2022-08-25 13:00:00,59.3787,28.37870833333333
2022-08-25 13:30:00,61.1063,25.753833333333333
2022-08-25 14:00:00,61.76163333333333,32.164275
2022-08-25 14:30:00,63.67396666666666,26.923374999999993
2022-08-25 15:00:00,63.8769,24.663266666666672
2022-08-25 15:30:00,66.66493333333334,20.195216666666667
2022-08-25 16:00:00,69.67836666666666,22.846549999999986
2022-08-25 16:30:00,72.7552,20.582800000000006
2022-08-25 17:00:00,75.11173333333333,20.246650000000002
2022-08-25 17:30:00,77.3773,17.962258333333324
2022-08-25 18:00:00,80.10346666666666,17.43592500000001
2022-08-25 18:30:00,81.9208,17.67895833333334
2022-08-25 19:00:00,84.3024,15.698566666666679
2022-08-25 19:30:00,86.51933333333334,14.602308333333355
2022-08-25 20:00:00,88.4404,13.904791666666668
2022-08-25 20:30:00,89.27099999999999,12.810891666666677
2022-08-25 21:00:00,89.6955,11.663758333333348
2022-08-25 21:30:00,89.93709999999999,10.700216666666677
2022-08-25 22:00:00,90.00856666666667,10.684999999999988
2022-08-25 22:30:00,90.39856666666667,11.464466666666667
2022-08-25 23:00:00,91.00206666666668,10.868958333333339
2022-08-25 23:30:00,91.44056666666667,10.260216666666679
2022-08-26 00:00:00,91.52833333333334,10.28188333333334
2022-08-26 00:30:00,90.79586666666668,11.116400000000013
2022-08-26 01:00:00,90.84506666666667,10.267383333333342
2022-08-26 01:30:00,90.77303333333333,11.283391666666674
2022-08-26 02:00:00,90.64653333333334,11.013325000000023
2022-08-26 02:30:00,91.23156666666668,10.680708333333328
2022-08-26 03:00:00,91.66903333333333,11.131075000000024
2022-08-26 03:30:00,91.7279,10.835608333333354
2022-08-26 04:00:00,92.05010000000001,10.672591666666676
2022-08-26 04:30:00,92.17573333333334,10.586900000000014
2022-08-26 05:00:00,92.35843333333334,10.810066666666685
2022-08-26 05:30:00,92.54616666666666,11.403458333333333
2022-08-26 06:00:00,92.34533333333334,12.366450000000029
2022-08-26 06:30:00,90.55603333333332,12.704958333333337
2022-08-26 07:00:00,86.7624,14.219274999999996
2022-08-26 07:30:00,83.28773333333334,15.151258333333345
2022-08-26 08:00:00,79.37173333333332,16.82986666666669
2022-08-26 08:30:00,77.2302,14.988
2022-08-26 09:00:00,74.58513333333333,17.381899999999987
2022-08-26 09:30:00,71.5598,20.327958333333328
2022-08-26 10:00:00,70.00773333333333,18.377791666666667
2022-08-26 10:30:00,69.75303333333333,21.601916666666682
2022-08-26 11:00:00,69.27993333333332,20.694249999999975
2022-08-26 11:30:00,69.91443333333333,19.3898
2022-08-26 12:00:00,69.56406666666668,20.815291666666653
2022-08-26 12:30:00,68.2031,21.18159166666667
2022-08-26 13:00:00,67.1189,21.85752499999999
2022-08-26 13:30:00,67.38013333333333,21.89198333333333
2022-08-26 14:00:00,68.54793333333333,21.89354999999999
2022-08-26 14:30:00,71.59346666666667,17.21549999999999
2022-08-26 15:00:00,74.40013333333333,17.241699999999994
2022-08-26 15:30:00,77.59193333333334,16.590716666666637
2022-08-26 16:00:00,80.0442,14.052650000000014
2022-08-26 16:30:00,81.18863333333333,15.013283333333334
2022-08-26 17:00:00,83.61749999999999,14.088908333333336
2022-08-26 17:30:00,86.09723333333334,13.906308333333328
2022-08-26 18:00:00,87.09316666666668,13.361091666666681
2022-08-26 18:30:00,87.6029,12.382349999999988
2022-08-26 19:00:00,88.22363333333331,12.392541666666673
2022-08-26 19:30:00,88.55863333333335,11.161924999999997
2022-08-26 20:00:00,88.84593333333335,10.887491666666676
2022-08-26 20:30:00,88.52516666666668,11.459724999999992
2022-08-26 21:00:00,88.60860000000001,11.548733333333331
2022-08-26 21:30:00,88.9394,11.721975000000015
2022-08-26 22:00:00,88.78243333333333,11.656608333333338
2022-08-26 22:30:00,88.92053333333334,11.641766666666669
2022-08-26 23:00:00,89.09636666666665,12.723849999999999
2022-08-26 23:30:00,89.48079999999999,13.644633333333346
2022-08-27 00:00:00,89.36053333333334,13.28199166666667
2022-08-27 00:30:00,90.0528,13.195241666666675
2022-08-27 01:00:00,90.0995,12.82149166666666
2022-08-27 01:30:00,89.87363333333334,13.537683333333334
2022-08-27 02:00:00,89.57216666666667,13.344708333333344
2022-08-27 02:30:00,89.76476666666669,12.518249999999995
2022-08-27 03:00:00,90.68716666666667,11.602366666666683
2022-08-27 03:30:00,92.13706666666667,12.878591666666665
2022-08-27 04:00:00,92.7974,10.923350000000028
2022-08-27 04:30:00,93.72133333333333,9.037583333333345
2022-08-27 05:00:00,94.06213333333332,9.07583333333335
2022-08-27 05:30:00,94.25056666666667,9.033216666666675
2022-08-27 06:00:00,94.5702,8.835658333333313
2022-08-27 06:30:00,94.38373333333334,8.921741666666662
2022-08-27 07:00:00,94.23856666666667,8.592025000000007
2022-08-27 07:30:00,94.57103333333335,8.759974999999983
2022-08-27 08:00:00,94.0045,9.847075000000018
2022-08-27 08:30:00,92.87216666666667,9.624191666666661
2022-08-27 09:00:00,92.92283333333333,9.424225000000007
2022-08-27 09:30:00,94.1559,7.928658333333331
2022-08-27 10:00:00,94.45443333333333,8.334783333333334
2022-08-27 10:30:00,94.68996666666666,8.413549999999987
2022-08-27 11:00:00,94.1489,7.835250000000002
2022-08-27 11:30:00,93.32466666666667,8.309508333333355
2022-08-27 12:00:00,91.2249,9.842833333333331
2022-08-27 12:30:00,91.62896666666668,10.59960000000001
2022-08-27 13:00:00,92.0496,9.908699999999982
2022-08-27 13:30:00,89.8798,10.619841666666659
2022-08-27 14:00:00,89.5669,12.808525000000003
2022-08-27 14:30:00,90.65380000000002,12.883500000000012
2022-08-27 15:00:00,90.08143333333334,12.725049999999996
2022-08-27 15:30:00,89.27733333333333,12.1482666666667
2022-08-27 16:00:00,88.62266666666667,11.066716666666665
2022-08-27 16:30:00,88.84113333333333,10.889675000000011
2022-08-27 17:00:00,89.73920000000001,10.9987
2022-08-27 17:30:00,90.64146666666667,10.64562500000001
2022-08-27 18:00:00,91.09993333333333,10.889958333333368
2022-08-27 18:30:00,91.79033333333334,10.241650000000007
2022-08-27 19:00:00,91.76876666666666,11.131350000000012
2022-08-27 19:30:00,91.8536,11.189774999999997
2022-08-27 20:00:00,91.80236666666666,11.30897499999999
2022-08-27 20:30:00,92.12603333333334,11.130533333333332
2022-08-27 21:00:00,92.34023333333332,11.374633333333335
2022-08-27 21:30:00,92.61343333333333,10.970333333333343
2022-08-27 22:00:00,92.64743333333334,11.125233333333341
2022-08-27 22:30:00,92.3887,10.376900000000006
2022-08-27 23:00:00,92.42733333333334,10.20109166666667
2022-08-27 23:30:00,92.44313333333334,9.825016666666656
2022-08-28 00:00:00,93.29509999999999,8.515074999999996
2022-08-28 00:30:00,93.08816666666667,9.806183333333323
2022-08-28 01:00:00,93.1084,10.422283333333326
2022-08-28 01:30:00,93.05183333333335,10.380399999999995
2022-08-28 02:00:00,93.0701,9.908883333333321
2022-08-28 02:30:00,93.55503333333333,10.143566666666672
2022-08-28 03:00:00,93.43166666666669,9.633824999999987
2022-08-28 03:30:00,94.10766666666666,9.676641666666683
2022-08-28 04:00:00,94.43839999999997,9.835050000000024
2022-08-28 04:30:00,94.6735,9.79870000000001
2022-08-28 05:00:00,94.7748,10.16846666666666
2022-08-28 05:30:00,94.6815,10.031283333333334
2022-08-28 06:00:00,94.38706666666667,10.29943333333334
2022-08-28 06:30:00,94.49253333333334,10.66534999999999
2022-08-28 07:00:00,94.04706666666667,10.322325000000006
2022-08-28 07:30:00,94.26246666666667,8.61685
2022-08-28 08:00:00,94.15620000000001,9.366066666666683
2022-08-28 08:30:00,92.64886666666665,9.579425000000029
2022-08-28 09:00:00,89.6196,11.099899999999977
2022-08-28 09:30:00,86.21183333333333,11.613874999999993
2022-08-28 10:00:00,82.28746666666666,12.263458333333332
2022-08-28 10:30:00,79.70666666666668,13.980683333333346
2022-08-28 11:00:00,78.26086666666669,14.258233333333337
2022-08-28 11:30:00,77.14970000000001,10.327458333333368
2022-08-28 12:00:00,75.0216,10.246049999999997
2022-08-28 12:30:00,76.84833333333333,9.989458333333332
2022-08-28 13:00:00,78.05943333333332,9.144574999999989
2022-08-28 13:30:00,85.56576666666666,18.622091666666677
2022-08-28 14:00:00,85.29339999999999,14.28091666666667
2022-08-28 14:30:00,82.72673333333333,10.892716666666672
2022-08-28 15:00:00,83.51983333333332,10.170991666666666
2022-08-28 15:30:00,83.576,10.293374999999997
2022-08-28 16:00:00,83.77623333333334,10.025641666666672
2022-08-28 16:30:00,84.5486,9.227825000000024
2022-08-28 17:00:00,85.60643333333334,10.417216666666661
2022-08-28 17:30:00,86.87533333333332,10.139283333333339
2022-08-28 18:00:00,88.13763333333333,9.553683333333353
2022-08-28 18:30:00,88.8572,9.894000000000005
2022-08-28 19:00:00,89.61706666666667,9.581800000000015
2022-08-28 19:30:00,90.8955,9.429824999999994
2022-08-28 20:00:00,92.12010000000001,9.882516666666675
2022-08-28 20:30:00,92.60496666666666,11.36064166666668
2022-08-28 21:00:00,92.80953333333333,12.322366666666682
2022-08-28 21:30:00,92.94636666666666,12.668366666666671
2022-08-28 22:00:00,92.85483333333333,12.433408333333347
2022-08-28 22:30:00,93.04026666666667,12.256424999999993
2022-08-28 23:00:00,93.39723333333333,12.498366666666683
2022-08-28 23:30:00,93.63416666666669,11.590375000000023
2022-08-29 00:00:00,93.68260000000001,12.451308333333344
2022-08-29 00:30:00,93.56036666666668,11.980525000000014
2022-08-29 01:00:00,93.8374,12.076566666666693
2022-08-29 01:30:00,93.82906666666668,12.4799
2022-08-29 02:00:00,93.88816666666665,11.888608333333352
2022-08-29 02:30:00,94.22063333333334,10.870333333333335
2022-08-29 03:00:00,94.8537,10.444016666666656
2022-08-29 03:30:00,95.38843333333332,10.495766666666654
2022-08-29 04:00:00,95.70826666666667,10.299425
2022-08-29 04:30:00,95.89293333333335,9.719158333333326
2022-08-29 05:00:00,95.86383333333333,9.723583333333323
2022-08-29 05:30:00,95.91516666666666,9.85534166666666
2022-08-29 06:00:00,96.16539999999999,10.090775000000008
2022-08-29 06:30:00,95.0522,9.796333333333337
2022-08-29 07:00:00,92.96296666666666,12.88389166666667
2022-08-29 07:30:00,90.3421,13.957274999999996
2022-08-29 08:00:00,84.61253333333332,18.10020833333334
2022-08-29 08:30:00,79.23816666666667,12.424099999999981
2022-08-29 09:00:00,77.81119999999999,15.218133333333327
2022-08-29 09:30:00,74.3887,13.65724999999999
2022-08-29 10:00:00,70.16426666666668,20.58555833333334
2022-08-29 10:30:00,69.01866666666668,17.1306
2022-08-29 11:00:00,68.47416666666666,10.779866666666678
2022-08-29 11:30:00,68.79503333333335,14.17850833333334
2022-08-29 12:00:00,68.09873333333333,15.190358333333329
2022-08-29 12:30:00,67.84333333333333,15.183916666666676
2022-08-29 13:00:00,70.07623333333333,13.195741666666663
2022-08-29 13:30:00,72.3758,13.929066666666657
2022-08-29 14:00:00,72.23086666666667,14.852324999999993
2022-08-29 14:30:00,70.40163333333332,15.716866666666675
2022-08-29 15:00:00,70.0698,17.823716666666655
2022-08-29 15:30:00,69.35576666666667,19.19293333333333
2022-08-29 16:00:00,70.40470000000002,16.885633333333324
2022-08-29 16:30:00,74.79593333333334,15.526300000000006
2022-08-29 17:00:00,77.90209999999999,15.733941666666666
2022-08-29 17:30:00,80.12183333333333,14.804091666666679
2022-08-29 18:00:00,81.94110000000002,14.471291666666673
2022-08-29 18:30:00,83.78803333333335,14.546116666666663
2022-08-29 19:00:00,84.84383333333334,13.782991666666675
2022-08-29 19:30:00,85.76283333333333,12.707550000000012
2022-08-29 20:00:00,85.91613333333333,11.485333333333344
2022-08-29 20:30:00,86.23766666666666,12.339725000000001
2022-08-29 21:00:00,86.80433333333333,11.92458333333333
2022-08-29 21:30:00,87.34293333333333,11.301966666666672
2022-08-29 22:00:00,87.8947,10.997758333333337
2022-08-29 22:30:00,88.43596666666667,11.587100000000007
2022-08-29 23:00:00,88.37783333333333,12.096324999999993
2022-08-29 23:30:00,88.28099999999999,11.537216666666652
2022-08-30 00:00:00,88.18279999999999,12.134908333333343
2022-08-30 00:30:00,87.93093333333334,12.336883333333333
2022-08-30 01:00:00,87.38643333333331,10.057450000000003
2022-08-30 01:30:00,86.85606666666666,9.96148333333332
2022-08-30 02:00:00,87.55363333333334,11.48545
2022-08-30 02:30:00,89.04979999999998,11.27758333333334
2022-08-30 03:00:00,89.86926666666666,12.700891666666678
2022-08-30 03:30:00,90.61983333333333,12.825108333333333
2022-08-30 04:00:00,91.16216666666666,12.60197500000001
2022-08-30 04:30:00,91.29063333333332,11.945966666666678
2022-08-30 05:00:00,91.12750000000001,11.565033333333346
2022-08-30 05:30:00,90.70506666666668,12.573775000000012
2022-08-30 06:00:00,91.08793333333332,12.721516666666673
2022-08-30 06:30:00,89.90493333333333,11.846441666666664
2022-08-30 07:00:00,87.91803333333334,11.370916666666673
2022-08-30 07:30:00,84.39556666666667,12.33839166666668
2022-08-30 08:00:00,81.07563333333334,13.374916666666664
2022-08-30 08:30:00,79.70446666666666,13.020691666666664
2022-08-30 09:00:00,76.22133333333333,17.375233333333327
2022-08-30 09:30:00,74.00913333333332,17.516008333333332
2022-08-30 10:00:00,75.98823333333334,17.20156666666665
2022-08-30 10:30:00,75.90303333333334,19.13629999999999
2022-08-30 11:00:00,74.35139999999998,20.35040833333335
2022-08-30 11:30:00,72.56166666666667,16.089324999999988
2022-08-30 12:00:00,72.26543333333333,16.85760833333333
2022-08-30 12:30:00,72.2151,21.989000000000004
2022-08-30 13:00:00,69.81093333333334,24.376599999999996
2022-08-30 13:30:00,71.28446666666666,20.516641666666658
2022-08-30 14:00:00,75.35736666666666,18.795716666666664
2022-08-30 14:30:00,78.93936666666667,21.73703333333333
2022-08-30 15:00:00,79.78493333333333,16.561300000000017
2022-08-30 15:30:00,81.51243333333332,14.986575000000016
2022-08-30 16:00:00,83.15303333333334,15.778966666666676
2022-08-30 16:30:00,83.00623333333334,12.174850000000006
2022-08-30 17:00:00,83.92446666666667,13.432708333333323
2022-08-30 17:30:00,85.45039999999999,13.016758333333328
2022-08-30 18:00:00,86.96759999999999,12.258825000000002
2022-08-30 18:30:00,88.78920000000001,12.675375000000017
2022-08-30 19:00:00,89.99006666666666,16.78166666666668
2022-08-30 19:30:00,90.83776666666665,18.54993333333333
2022-08-30 20:00:00,91.73656666666668,21.78795000000001
2022-08-30 20:30:00,92.47993333333334,22.96604166666667
2022-08-30 21:00:00,92.82103333333335,22.29161666666667
2022-08-30 21:30:00,93.49759999999999,25.395141666666674
2022-08-30 22:00:00,92.82480000000001,19.667700000000025
2022-08-30 22:30:00,92.65376666666667,17.152658333333335
2022-08-30 23:00:00,92.5254,16.897575000000003
2022-08-30 23:30:00,92.3614,16.978541666666658
2022-08-31 00:00:00,92.73729999999999,17.599374999999995
2022-08-31 00:30:00,92.79023333333333,17.215808333333342
2022-08-31 01:00:00,92.6114,16.38452500000001
2022-08-31 01:30:00,92.68329999999999,17.488958333333343
2022-08-31 02:00:00,92.8317,17.698333333333323
2022-08-31 02:30:00,92.8839,18.079875
2022-08-31 03:00:00,93.0966,15.930225000000007
2022-08-31 03:30:00,93.5574,14.152741666666671
2022-08-31 04:00:00,93.7235,13.34964166666667
2022-08-31 04:30:00,93.53803333333333,13.85329166666665
2022-08-31 05:00:00,93.53689999999999,14.384025000000008
2022-08-31 05:30:00,93.34910000000002,15.335999999999999
2022-08-31 06:00:00,93.42586666666666,14.63185
2022-08-31 06:30:00,94.12763333333332,14.161608333333348
2022-08-31 07:00:00,94.29846666666666,14.066283333333331
2022-08-31 07:30:00,92.6736,13.719191666666674
2022-08-31 08:00:00,89.7601,14.121625000000009
2022-08-31 08:30:00,85.45470000000002,16.162041666666696
2022-08-31 09:00:00,82.85240000000002,17.25064166666668
2022-08-31 09:30:00,79.63266666666667,15.201441666666668
2022-08-31 10:00:00,75.67706666666668,15.413358333333335
2022-08-31 10:30:00,72.94049999999999,17.777741666666657
2022-08-31 11:00:00,72.76156666666665,13.488500000000016
2022-08-31 11:30:00,71.76716666666667,15.165775000000004
2022-08-31 12:00:00,69.21806666666666,15.922041666666672
2022-08-31 12:30:00,69.60026666666667,14.766425000000005
2022-08-31 13:00:00,70.17116666666666,13.104200000000006
2022-08-31 13:30:00,69.85913333333332,16.02170833333333
2022-08-31 14:00:00,69.66643333333334,14.820674999999994
2022-08-31 14:30:00,73.04763333333334,16.528491666666667
2022-08-31 15:00:00,73.2987,13.34700833333335
2022-08-31 15:30:00,74.88716666666667,11.82304166666664
2022-08-31 16:00:00,78.31590000000001,14.251541666666697
2022-08-31 16:30:00,82.06213333333332,12.14936666666668
2022-08-31 17:00:00,84.54599999999999,12.094150000000013
2022-08-31 17:30:00,86.34906666666667,13.183599999999998
2022-08-31 18:00:00,87.26556666666666,12.688349999999986
2022-08-31 18:30:00,87.81320000000001,13.4234
2022-08-31 19:00:00,88.04846666666667,13.010266666666666
2022-08-31 19:30:00,88.4568,12.840400000000002
2022-08-31 20:00:00,89.16806666666666,13.072950000000006
2022-08-31 20:30:00,89.73519999999999,13.147016666666673
2022-08-31 21:00:00,90.09503333333332,12.748508333333348
2022-08-31 21:30:00,90.65413333333333,12.034866666666673
2022-08-31 22:00:00,91.57016666666667,13.360783333333345
2022-08-31 22:30:00,91.91083333333333,12.361050000000006
2022-08-31 23:00:00,91.76873333333334,13.009183333333354
2022-08-31 23:30:00,92.05823333333333,12.556049999999999
2022-09-01 00:00:00,92.50526666666666,12.490383333333355
2022-09-01 00:30:00,92.31973333333335,12.020208333333343
2022-09-01 01:00:00,92.38396666666667,12.508100000000042
2022-09-01 01:30:00,92.50303333333333,11.413775000000015
2022-09-01 02:00:00,93.09023333333333,12.527008333333356
2022-09-01 02:30:00,93.71436666666666,12.770483333333345
2022-09-01 03:00:00,93.901,13.066975
2022-09-01 03:30:00,94.07976666666666,13.237100000000012
2022-09-01 04:00:00,94.35796666666667,13.396116666666686
2022-09-01 04:30:00,94.5205,13.740908333333351
2022-09-01 05:00:00,94.2987,13.293633333333347
2022-09-01 05:30:00,94.14126666666667,13.050641666666678
2022-09-01 06:00:00,94.11099999999999,13.131516666666684
2022-09-01 06:30:00,93.18196666666668,13.319783333333362
2022-09-01 07:00:00,92.62409999999998,13.221858333333316
2022-09-01 07:30:00,91.21090000000001,12.920783333333333
2022-09-01 08:00:00,91.1441,13.558350000000004
2022-09-01 08:30:00,92.02103333333332,13.52093333333336
2022-09-01 09:00:00,91.26433333333334,12.550791666666669
2022-09-01 09:30:00,87.67690000000002,12.671383333333353
2022-09-01 10:00:00,83.87263333333334,15.103300000000019
2022-09-01 10:30:00,80.65676666666667,11.312025000000006
2022-09-01 11:00:00,77.11433333333333,12.017991666666674
2022-09-01 11:30:00,74.96453333333332,13.36503333333333
2022-09-01 12:00:00,72.61659999999999,16.464916666666667
2022-09-01 12:30:00,72.95793333333333,15.199933333333348
2022-09-01 13:00:00,72.71293333333332,15.328366666666668
2022-09-01 13:30:00,73.16196666666666,13.685033333333323
2022-09-01 14:00:00,73.32786666666667,14.746133333333347
2022-09-01 14:30:00,73.749,13.874650000000003
2022-09-01 15:00:00,74.75173333333335,13.108733333333348
2022-09-01 15:30:00,75.69306666666667,14.843633333333344
2022-09-01 16:00:00,78.22099999999999,11.926116666666687
2022-09-01 16:30:00,81.43016666666668,11.579041666666669
2022-09-01 17:00:00,84.3074,12.189016666666674
2022-09-01 17:30:00,87.55893333333333,17.236424999999997
2022-09-01 18:00:00,88.20616666666668,16.30876666666667
2022-09-01 18:30:00,88.7669,15.411183333333355
2022-09-01 19:00:00,88.69643333333332,15.68917500000002
2022-09-01 19:30:00,88.54276666666667,15.690875000000005
2022-09-01 20:00:00,88.54920000000001,15.213800000000006
2022-09-01 20:30:00,88.63396666666667,15.338983333333346
2022-09-01 21:00:00,88.94843333333333,14.331891666666678
2022-09-01 21:30:00,88.78166666666668,14.035066666666665
2022-09-01 22:00:00,88.95173333333332,14.389166666666682
2022-09-01 22:30:00,89.46039999999999,14.013566666666676
2022-09-01 23:00:00,89.66283333333334,13.521658333333349
2022-09-01 23:30:00,90.48623333333333,13.003200000000007
2022-09-02 00:00:00,91.02763333333333,14.81685000000003
2022-09-02 00:30:00,91.44030000000001,14.763083333333356
2022-09-02 01:00:00,91.34983333333334,14.921875
2022-09-02 01:30:00,92.21463333333332,14.42535833333335
2022-09-02 02:00:00,92.41516666666668,14.64144166666668
2022-09-02 02:30:00,92.53719999999998,13.996025000000017
2022-09-02 03:00:00,92.36086666666668,13.324375000000003
2022-09-02 03:30:00,92.6681,14.184233333333353
2022-09-02 04:00:00,92.73083333333332,14.345150000000018
2022-09-02 04:30:00,92.7551,14.238333333333344
2022-09-02 05:00:00,92.95133333333334,13.917158333333347
2022-09-02 05:30:00,92.75576666666667,13.34553333333335
2022-09-02 06:00:00,92.49166666666666,13.363249999999994
2022-09-02 06:30:00,91.07656666666665,13.93895000000002
2022-09-02 07:00:00,88.81296666666665,13.05598333333333
2022-09-02 07:30:00,85.61949999999999,11.764466666666664
2022-09-02 08:00:00,82.15866666666668,12.50366666666666
2022-09-02 08:30:00,79.13504166666667,12.172775000000016
2022-09-02 09:00:00,77.58233333333332,12.839141666666663
2022-09-02 09:30:00,74.36857142857141,10.111783333333335
2022-09-02 10:00:00,71.55022222222223,7.491166666666643
2022-09-02 10:30:00,70.2368888888889,12.310375000000008
2022-09-02 11:00:00,68.59822222222223,8.412375000000011
2022-09-02 11:30:00,66.51286666666667,7.561500000000002
2022-09-02 12:00:00,68.82500000000002,10.764800000000008
2022-09-02 12:30:00,70.43973333333334,10.382833333333323
2022-09-02 13:00:00,70.22086666666668,14.621399999999994
2022-09-02 13:30:00,65.75273333333334,6.520299999999999
2022-09-02 14:00:00,62.64353333333334,7.189399999999999
2022-09-02 14:30:00,63.1684,9.117033333333325
2022-09-02 15:00:00,66.17546666666667,13.583699999999986
2022-09-02 15:30:00,67.96919999999999,11.463899999999988
2022-09-02 16:00:00,69.25013333333334,10.041133333333335
2022-09-02 16:30:00,71.82413333333332,11.381499999999988
2022-09-02 17:00:00,74.55553333333333,10.821366666666677
2022-09-02 17:30:00,79.12833333333333,12.03033333333336
2022-09-02 18:00:00,82.62733333333333,12.999733333333324
2022-09-02 18:30:00,84.13973333333334,13.392499999999998
2022-09-02 19:00:00,84.89253333333333,14.068666666666658
2022-09-02 19:30:00,86.13553333333331,15.198333333333338
2022-09-02 20:00:00,86.62706666666668,14.551366666666667
2022-09-02 20:30:00,87.39733333333332,15.237833333333313
2022-09-02 21:00:00,87.78286666666666,15.494766666666663
2022-09-02 21:30:00,87.91586666666669,16.7582666666667
2022-09-02 22:00:00,87.35493333333334,16.368533333333332
2022-09-02 22:30:00,87.3836,13.955133333333336
2022-09-02 23:00:00,88.27239999999999,14.581033333333338
2022-09-02 23:30:00,88.7936,14.466633333333348
2022-09-03 00:00:00,88.67766666666665,14.180700000000002
2022-09-03 00:30:00,87.68793333333333,12.836700000000008
2022-09-03 01:00:00,87.4068,13.087400000000017
2022-09-03 01:30:00,87.5214,12.922899999999998
2022-09-03 02:00:00,87.66533333333334,12.56313333333334
2022-09-03 02:30:00,87.76713333333333,12.059566666666683
2022-09-03 03:00:00,87.4506,12.23296666666667
2022-09-03 03:30:00,87.66113333333334,12.597366666666673
2022-09-03 04:00:00,88.08393333333333,13.452300000000022
2022-09-03 04:30:00,88.64026666666666,13.448599999999999
2022-09-03 05:00:00,88.84559999999999,13.411333333333332
2022-09-03 05:30:00,88.70846666666667,12.993366666666674
2022-09-03 06:00:00,88.07613333333333,12.352133333333342
2022-09-03 06:30:00,87.45333333333335,13.11296666666668
2022-09-03 07:00:00,86.37393333333333,11.514166666666654
2022-09-03 07:30:00,84.35053333333333,10.517200000000017
2022-09-03 08:00:00,82.69586666666666,9.481633333333349
2022-09-03 08:30:00,81.139,9.455833333333345
2022-09-03 09:00:00,78.71733333333333,8.399133333333324
2022-09-03 09:30:00,77.1646,6.979933333333335
2022-09-03 10:00:00,73.18046666666666,5.2324999999999875
2022-09-03 10:30:00,68.44413333333334,7.141266666666681
2022-09-03 11:00:00,66.13953333333333,7.158866666666675
2022-09-03 11:30:00,64.83566666666665,9.090799999999994
2022-09-03 12:00:00,62.65939999999999,10.806433333333345
2022-09-03 12:30:00,60.166666666666664,10.81280000000001
2022-09-03 13:00:00,61.556,6.395533333333319
2022-09-03 13:30:00,60.677266666666675,5.220666666666645
2022-09-03 14:00:00,61.11853333333333,7.522600000000011
2022-09-03 14:30:00,62.67606666666667,8.3309
2022-09-03 15:00:00,64.35546666666667,9.756433333333334
2022-09-03 15:30:00,65.5392,8.10246666666665
2022-09-03 16:00:00,67.57526666666666,8.159599999999998
2022-09-03 16:30:00,71.20713333333333,9.367066666666645
2022-09-03 17:00:00,76.22853333333333,11.603600000000014
2022-09-03 17:30:00,81.45993333333334,13.846666666666678
2022-09-03 18:00:00,83.98526666666666,12.730299999999986
2022-09-03 18:30:00,84.91,12.76503333333332
2022-09-03 19:00:00,85.201,12.46589999999999
2022-09-03 19:30:00,85.13066666666666,12.61133333333332
2022-09-03 20:00:00,84.99213333333333,12.262266666666662
2022-09-03 20:30:00,85.20273333333333,12.22556666666668
2022-09-03 21:00:00,85.87480000000001,12.060466666666656
2022-09-03 21:30:00,85.87226666666666,11.194666666666649
2022-09-03 22:00:00,85.84273333333334,11.270600000000002
2022-09-03 22:30:00,86.12586666666667,12.08283333333334
2022-09-03 23:00:00,86.05453333333334,12.396133333333339
2022-09-03 23:30:00,85.57853333333333,10.972966666666665
2022-09-04 00:00:00,85.7522,11.31753333333333
2022-09-04 00:30:00,86.21893333333334,12.442033333333342
2022-09-04 01:00:00,86.5972,12.244066666666669
2022-09-04 01:30:00,87.43260000000001,12.181133333333335
2022-09-04 02:00:00,87.00706666666666,11.478800000000007
2022-09-04 02:30:00,86.66319999999999,11.85786666666668
2022-09-04 03:00:00,86.51993333333334,11.058300000000031
2022-09-04 03:30:00,86.59513333333334,11.420633333333342
2022-09-04 04:00:00,87.325,11.971033333333324
2022-09-04 04:30:00,89.38006666666666,12.769666666666652
2022-09-04 05:00:00,91.0708,16.05613333333335
2022-09-04 05:30:00,92.54986666666667,15.694733333333346
2022-09-04 06:00:00,92.88446666666667,15.802766666666685
2022-09-04 06:30:00,93.0676,14.480400000000003
2022-09-04 07:00:00,92.64193333333334,14.622499999999988
2022-09-04 07:30:00,91.07433333333333,14.856799999999993
2022-09-04 08:00:00,87.8278,13.101500000000001
2022-09-04 08:30:00,83.58826666666667,11.263466666666645
2022-09-04 09:00:00,78.43393333333333,10.454033333333342
2022-09-04 09:30:00,77.96973333333332,10.420033333333322
2022-09-04 10:00:00,79.33433333333333,7.952366666666677
2022-09-04 10:30:00,77.04659999999998,7.840066666666672
2022-09-04 11:00:00,74.14799999999998,13.119499999999988
2022-09-04 11:30:00,74.62379999999999,14.477266666666651
2022-09-04 12:00:00,74.15706666666667,14.089566666666656
2022-09-04 12:30:00,72.86373333333333,9.717700000000008
2022-09-04 13:00:00,71.3116,11.96626666666667
2022-09-04 13:30:00,69.75353333333334,10.235033333333334
2022-09-04 14:00:00,69.56913333333333,8.726500000000016
2022-09-04 14:30:00,70.29386666666667,8.620033333333339
2022-09-04 15:00:00,71.7022,6.016133333333343
2022-09-04 15:30:00,73.49833333333332,8.664599999999993
2022-09-04 16:00:00,76.35446666666665,9.24433333333333
2022-09-04 16:30:00,78.725,9.298433333333321
2022-09-04 17:00:00,80.37846666666667,9.880166666666682
2022-09-04 17:30:00,81.86439999999999,10.089900000000014
2022-09-04 18:00:00,83.70373333333333,12.136033333333344
2022-09-04 18:30:00,86.30086666666666,14.518800000000013
2022-09-04 19:00:00,88.30306666666667,15.03540000000001
2022-09-04 19:30:00,90.07846666666667,14.455033333333347
2022-09-04 20:00:00,90.28933333333333,13.72420000000001
2022-09-04 20:30:00,90.60713333333334,13.390400000000014
2022-09-04 21:00:00,91.5212,12.825833333333335
2022-09-04 21:30:00,92.3904,12.86056666666667
2022-09-04 22:00:00,93.89793333333333,12.773899999999998
2022-09-04 22:30:00,94.43573333333333,13.358599999999996
2022-09-04 23:00:00,94.43066666666668,12.538833333333343
2022-09-04 23:30:00,94.50680000000001,13.654299999999992
2022-09-05 00:00:00,94.63186666666668,13.341166666666652
2022-09-05 00:30:00,95.08926666666666,13.609800000000007
2022-09-05 01:00:00,94.88826666666668,13.090833333333336
2022-09-05 01:30:00,94.96113333333332,13.571700000000007
2022-09-05 02:00:00,95.15086666666667,13.562433333333331
2022-09-05 02:30:00,94.8452,14.182866666666683
2022-09-05 03:00:00,95.04453333333333,14.255066666666664
2022-09-05 03:30:00,94.7468,14.74863333333333
2022-09-05 04:00:00,94.44986666666667,14.735033333333334
2022-09-05 04:30:00,94.32433333333333,14.875100000000003
2022-09-05 05:00:00,94.29393333333334,14.318633333333352
2022-09-05 05:30:00,94.30453333333334,13.77503333333334
2022-09-05 06:00:00,94.44026666666666,13.060199999999995
2022-09-05 06:30:00,92.30308333333333,8.96119166666665
2022-09-05 07:00:00,93.20246666666667,11.482166666666657
2022-09-05 07:30:00,91.84241666666667,16.974358333333342
2022-09-05 08:00:00,91.53900000000002,17.53370000000001
2022-09-05 08:30:00,91.42073333333335,15.75099999999999
2022-09-05 09:00:00,88.99483333333333,12.276550000000015
2022-09-05 09:30:00,86.73065,13.01410833333334
2022-09-05 10:00:00,85.69153333333333,16.637933333333336
2022-09-05 10:30:00,84.59733333333334,14.470066666666668
2022-09-05 11:00:00,81.01333333333334,16.346566666666675
2022-09-05 11:30:00,77.98920000000001,18.359566666666666
2022-09-05 12:00:00,76.61173333333333,18.537966666666662
2022-09-05 12:30:00,78.12893333333332,22.08099999999999
2022-09-05 13:00:00,75.11073333333334,10.287666666666667
2022-09-05 13:30:00,72.04706666666667,9.03436666666667
2022-09-05 14:00:00,73.64693333333332,8.601233333333326
2022-09-05 14:30:00,77.20893333333333,12.232533333333322
2022-09-05 15:00:00,77.76840000000001,16.223200000000034
2022-09-05 15:30:00,78.4504,21.45153333333333
2022-09-05 16:00:00,78.61386666666667,16.330433333333332
2022-09-05 16:30:00,80.9318,12.497699999999995
2022-09-05 17:00:00,83.174,12.509533333333337
2022-09-05 17:30:00,84.45880000000001,13.273833333333357
2022-09-05 18:00:00,85.8094,13.421499999999995
2022-09-05 18:30:00,86.90419999999999,13.830100000000002
2022-09-05 19:00:00,87.92286666666666,13.330033333333333
2022-09-05 19:30:00,88.75053333333332,13.857400000000027
2022-09-05 20:00:00,89.71513333333334,14.68516666666666
2022-09-05 20:30:00,90.47380000000001,15.16840000000002
2022-09-05 21:00:00,90.99573333333333,15.264033333333344
2022-09-05 21:30:00,90.87873333333333,15.106466666666662
2022-09-05 22:00:00,90.87686666666667,14.337733333333347
2022-09-05 22:30:00,90.79800000000002,14.029600000000016
2022-09-05 23:00:00,90.39106666666667,14.287366666666685
2022-09-05 23:30:00,90.31946666666666,14.14630000000001
2022-09-06 00:00:00,89.965,13.22486666666667
2022-09-06 00:30:00,90.06973333333333,13.772900000000007
2022-09-06 01:00:00,90.47706666666667,13.582333333333338
2022-09-06 01:30:00,90.7612,13.728833333333341
2022-09-06 02:00:00,91.07406666666665,14.764200000000017
2022-09-06 02:30:00,90.9972,13.68586666666667
2022-09-06 03:00:00,91.06500000000001,14.113900000000001
2022-09-06 03:30:00,90.98846666666667,14.614466666666672
2022-09-06 04:00:00,90.788,14.261533333333347
2022-09-06 04:30:00,91.10413333333334,13.852066666666673
2022-09-06 05:00:00,91.6224,13.660100000000014
2022-09-06 05:30:00,92.4152,14.440566666666697
2022-09-06 06:00:00,93.62620000000001,13.48823333333334
2022-09-06 06:30:00,94.437,13.06810000000003
2022-09-06 07:00:00,94.74253333333334,12.384666666666675
2022-09-06 07:30:00,94.62740000000001,12.268233333333328
2022-09-06 08:00:00,93.17040000000001,12.036299999999983
2022-09-06 08:30:00,90.41099999999999,13.157633333333337
2022-09-06 09:00:00,88.28153333333333,13.111033333333353
2022-09-06 09:30:00,85.5864,13.212833333333322
2022-09-06 10:00:00,89.15473333333333,15.671700000000001
2022-09-06 10:30:00,91.45500000000001,20.04303333333334
2022-09-06 11:00:00,91.22826666666667,18.802566666666664
2022-09-06 11:30:00,91.67533333333333,15.12700000000001
2022-09-06 12:00:00,91.2514,14.614466666666672
2022-09-06 12:30:00,91.06346666666668,12.606966666666679
2022-09-06 13:00:00,90.8778,11.52279999999999
2022-09-06 13:30:00,87.6014,10.070766666666685
2022-09-06 14:00:00,87.29513333333334,15.175633333333337
2022-09-06 14:30:00,86.94626666666666,16.097233333333335
2022-09-06 15:00:00,82.69826666666667,16.51039999999999
2022-09-06 15:30:00,78.5702,14.722400000000007
2022-09-06 16:00:00,78.75800000000001,12.571033333333332
2022-09-06 16:30:00,80.76933333333332,12.773766666666688
2022-09-06 17:00:00,81.637,11.718866666666685
2022-09-06 17:30:00,82.90666666666667,13.237466666666663
2022-09-06 18:00:00,85.29333333333334,15.099799999999988
2022-09-06 18:30:00,87.25719999999998,15.793933333333328
2022-09-06 19:00:00,88.95406666666666,15.901866666666663
2022-09-06 19:30:00,89.70946666666666,17.36803333333333
2022-09-06 20:00:00,90.01886666666668,16.367066666666688
2022-09-06 20:30:00,90.64599999999999,15.210300000000004
2022-09-06 21:00:00,91.83959999999999,14.90400000000001
2022-09-06 21:30:00,92.58813333333333,14.923266666666677
2022-09-06 22:00:00,92.82733333333333,14.56813333333335
2022-09-06 22:30:00,93.2912,15.547700000000006
2022-09-06 23:00:00,92.88980000000001,14.864100000000008
2022-09-06 23:30:00,92.40686666666667,14.458333333333329
2022-09-07 00:00:00,92.095,14.226600000000005
2022-09-07 00:30:00,92.49719999999999,13.94346666666668
2022-09-07 01:00:00,92.56346666666667,14.979766666666677
2022-09-07 01:30:00,92.46226666666665,15.547633333333323
2022-09-07 02:00:00,92.59219999999999,15.462000000000003
2022-09-07 02:30:00,92.8908,13.738166666666672
2022-09-07 03:00:00,93.58533333333335,12.96799999999999
2022-09-07 03:30:00,94.57826666666668,12.141933333333327
2022-09-07 04:00:00,94.7776,12.652233333333328
2022-09-07 04:30:00,94.97913333333334,13.196633333333324
2022-09-07 05:00:00,95.1384,13.651666666666642
2022-09-07 05:30:00,95.43773333333334,13.283199999999994
2022-09-07 06:00:00,95.1738,13.584866666666684
2022-09-07 06:30:00,95.0476,13.66113333333334
2022-09-07 07:00:00,94.05366666666667,13.64866666666667
2022-09-07 07:30:00,92.18513333333333,13.800599999999989
2022-09-07 08:00:00,90.08846666666668,13.87103333333333
2022-09-07 08:30:00,86.54186666666666,13.827099999999987
2022-09-07 09:00:00,84.10853333333334,13.812799999999996
2022-09-07 09:30:00,83.30346666666668,9.50703333333334
2022-09-07 10:00:00,81.86306666666668,11.598466666666681
2022-09-07 10:30:00,74.84186666666668,9.332599999999985
2022-09-07 11:00:00,71.9956,13.516433333333339
2022-09-07 11:30:00,74.87626666666667,12.661999999999992
2022-09-07 12:00:00,72.2326,4.36253333333336
2022-09-07 12:30:00,69.89626666666666,4.551433333333321
2022-09-07 13:00:00,66.6054,6.342499999999987
2022-09-07 13:30:00,67.73826666666668,8.02513333333333
2022-09-07 14:00:00,67.82939999999999,5.350466666666662
2022-09-07 14:30:00,68.54139999999998,7.747499999999988
2022-09-07 15:00:00,69.25313333333334,7.368766666666673
2022-09-07 15:30:00,70.55626666666667,8.365533333333346
2022-09-07 16:00:00,72.22466666666666,7.137166666666673
2022-09-07 16:30:00,76.92679999999999,9.115233333333336
2022-09-07 17:00:00,79.84386666666667,11.972100000000012
2022-09-07 17:30:00,81.95426666666667,12.35723333333334
2022-09-07 18:00:00,83.82433333333334,13.535033333333317
2022-09-07 18:30:00,84.99026666666666,13.210966666666664
2022-09-07 19:00:00,85.10640000000001,12.476466666666667
2022-09-07 19:30:00,86.27953333333332,13.120800000000003
2022-09-07 20:00:00,86.8708,13.110666666666674
2022-09-07 20:30:00,87.4342,14.673599999999993
2022-09-07 21:00:00,88.20566666666667,14.22656666666667
2022-09-07 21:30:00,88.2854,13.927466666666675
2022-09-07 22:00:00,87.41393333333335,13.329566666666665
2022-09-07 22:30:00,87.63113333333334,13.358599999999981
2022-09-07 23:00:00,88.73253333333334,13.712000000000003
2022-09-07 23:30:00,89.54853333333334,15.238
2022-09-08 00:00:00,89.09366666666668,14.14336666666668
2022-09-08 00:30:00,88.96013333333335,13.038466666666679
2022-09-08 01:00:00,89.29813333333334,13.845533333333336
2022-09-08 01:30:00,88.96246666666666,14.406999999999982
2022-09-08 02:00:00,88.81806666666668,12.59693333333334
2022-09-08 02:30:00,88.09133333333332,12.183000000000007
2022-09-08 03:00:00,88.51246666666665,12.915000000000006
2022-09-08 03:30:00,88.82526666666668,12.165433333333326
2022-09-08 04:00:00,89.16546666666666,13.004400000000018
2022-09-08 04:30:00,89.0044,13.342733333333356
2022-09-08 05:00:00,88.90559999999999,13.520800000000008
2022-09-08 05:30:00,88.75593333333333,13.363900000000015
2022-09-08 06:00:00,88.64773333333332,14.01209999999999
2022-09-08 06:30:00,87.22319999999999,12.55319999999999
2022-09-08 07:00:00,84.96346666666668,11.033233333333328
2022-09-08 07:30:00,82.86086666666667,10.318033333333332
2022-09-08 08:00:00,80.53826666666667,9.098133333333337
2022-09-08 08:30:00,76.6662,7.6733666666666664
2022-09-08 09:00:00,71.56973333333333,4.434466666666651
2022-09-08 09:30:00,67.71046666666666,2.472466666666662
2022-09-08 10:00:00,66.7642,3.877433333333329
2022-09-08 10:30:00,67.41340000000001,2.6611666666666594
2022-09-08 11:00:00,66.56373333333333,5.177833333333325
2022-09-08 11:30:00,66.84306666666667,4.319733333333332
2022-09-08 12:00:00,66.76399999999998,9.347699999999996
2022-09-08 12:30:00,70.36773333333333,13.346433333333323
2022-09-08 13:00:00,70.71920000000001,6.506
2022-09-08 13:30:00,70.29826666666666,9.171133333333344
2022-09-08 14:00:00,70.71473333333333,8.903066666666675
2022-09-08 14:30:00,71.94073333333333,12.801133333333325
2022-09-08 15:00:00,72.84146666666666,13.958633333333339
2022-09-08 15:30:00,73.4266,12.665933333333314
2022-09-08 16:00:00,73.38119999999999,12.707733333333323
2022-09-08 16:30:00,75.563,12.489066666666645
2022-09-08 17:00:00,77.83053333333334,11.828866666666656
2022-09-08 17:30:00,80.58353333333334,12.43076666666667
2022-09-08 18:00:00,82.21413333333334,13.068066666666653
2022-09-08 18:30:00,83.32966666666667,13.385466666666659
2022-09-08 19:00:00,84.0102,13.531833333333338
2022-09-08 19:30:00,83.85619999999999,12.971400000000003
2022-09-08 20:00:00,84.034,13.242533333333327
2022-09-08 20:30:00,84.8824,13.669599999999974
2022-09-08 21:00:00,85.42706666666666,13.557866666666683
2022-09-08 21:30:00,86.13253333333333,13.217666666666673
2022-09-08 22:00:00,86.1554,12.71126666666666
2022-09-08 22:30:00,85.4488,12.373800000000017
2022-09-08 23:00:00,84.3926,11.469033333333329
2022-09-08 23:30:00,84.25113333333333,10.699433333333332
2022-09-09 00:00:00,84.14419999999998,10.187033333333318
2022-09-09 00:30:00,83.28066666666666,9.703800000000001
2022-09-09 01:00:00,82.57533333333333,11.18076666666667
2022-09-09 01:30:00,83.1396,11.617533333333327
2022-09-09 02:00:00,83.88806666666667,11.980699999999999
2022-09-09 02:30:00,85.1456,13.014466666666678
2022-09-09 03:00:00,85.783,12.33993333333332
2022-09-09 03:30:00,86.0646,12.735199999999992
2022-09-09 04:00:00,86.31113333333333,12.716799999999978
2022-09-09 04:30:00,86.94213333333333,12.566600000000022
2022-09-09 05:00:00,87.64320000000001,13.366700000000009
2022-09-09 05:30:00,88.73253333333334,14.124033333333344
2022-09-09 06:00:00,88.898,13.692133333333345
2022-09-09 06:30:00,88.1688,12.363466666666682
2022-09-09 07:00:00,85.75805555555554,11.542458333333315
2022-09-09 07:30:00,82.49142857142856,9.298383333333334
2022-09-09 08:00:00,75.63291666666666,13.748733333333334
2022-09-09 08:30:00,72.117625,7.24604166666667
2022-09-09 09:00:00,70.58316666666666,6.595133333333322
2022-09-09 09:30:00,69.91344444444445,10.909266666666667
2022-09-09 10:00:00,69.2455,13.129833333333337
2022-09-09 10:30:00,70.2519,13.492983333333314
2022-09-09 11:00:00,69.60126666666666,12.897383333333337
2022-09-09 11:30:00,66.44469999999998,17.13969166666667
2022-09-09 12:00:00,66.22659999999999,15.940783333333329
2022-09-09 12:30:00,67.1986,16.826758333333323
2022-09-09 13:00:00,67.45743333333333,14.971608333333329
2022-09-09 13:30:00,67.8269,13.446374999999989
2022-09-09 14:00:00,66.63686666666666,11.975808333333326
2022-09-09 14:30:00,67.3878,13.632083333333334
2022-09-09 15:00:00,70.6539,14.876341666666683
2022-09-09 15:30:00,71.70403333333333,14.63780833333334
2022-09-09 16:00:00,73.61226666666667,14.153058333333334
2022-09-09 16:30:00,75.82896666666667,13.702908333333312
2022-09-09 17:00:00,77.01476666666666,10.63314166666666
2022-09-09 17:30:00,78.70916666666668,10.702808333333323
2022-09-09 18:00:00,81.49116666666667,12.55120833333332
2022-09-09 18:30:00,83.74733333333333,13.334516666666673
2022-09-09 19:00:00,85.29363333333333,13.644791666666663
2022-09-09 19:30:00,85.49943333333333,11.656374999999997
2022-09-09 20:00:00,85.77646666666668,11.916683333333324
2022-09-09 20:30:00,85.81893333333333,12.327816666666664
2022-09-09 21:00:00,84.93756666666667,11.142508333333339
2022-09-09 21:30:00,83.78846666666666,10.51625833333334
2022-09-09 22:00:00,83.81336666666667,10.021591666666666
2022-09-09 22:30:00,84.38993333333333,9.916408333333337
2022-09-09 23:00:00,84.86710000000001,10.456058333333345
2022-09-09 23:30:00,84.9657,10.43875833333334
2022-09-10 00:00:00,85.19059999999999,10.635216666666665
2022-09-10 00:30:00,85.70006666666667,10.749358333333333
2022-09-10 01:00:00,86.53046666666667,11.118783333333354
2022-09-10 01:30:00,86.75676666666666,11.370599999999996
2022-09-10 02:00:00,87.19303333333333,12.011866666666677
2022-09-10 02:30:00,87.47526666666666,10.90977500000001
2022-09-10 03:00:00,88.22663333333334,11.233800000000016
2022-09-10 03:30:00,88.27973333333333,11.761266666666657
2022-09-10 04:00:00,88.35683333333333,11.286108333333331
2022-09-10 04:30:00,88.53176666666667,12.126158333333336
2022-09-10 05:00:00,88.89533333333334,11.915716666666682
2022-09-10 05:30:00,88.7064,12.330308333333335
2022-09-10 06:00:00,88.603,12.153341666666662
2022-09-10 06:30:00,87.93616666666665,11.440100000000001
2022-09-10 07:00:00,85.50163333333333,10.008475000000004
2022-09-10 07:30:00,82.33636666666666,9.282350000000008
2022-09-10 08:00:00,79.38073333333332,8.806491666666659
2022-09-10 08:30:00,76.92723333333333,9.511125000000007
2022-09-10 09:00:00,75.19983333333333,9.704983333333345
2022-09-10 09:30:00,73.83286666666666,11.160075000000006
2022-09-10 10:00:00,71.85029999999999,15.158183333333326
2022-09-10 10:30:00,69.89206666666666,13.915483333333341
2022-09-10 11:00:00,68.43483333333333,14.53291666666668
2022-09-10 11:30:00,67.36393333333334,16.239958333333327
2022-09-10 12:00:00,67.65973333333332,14.917974999999998
2022-09-10 12:30:00,66.73303333333334,15.076683333333328
2022-09-10 13:00:00,65.52786666666665,17.471000000000004
2022-09-10 13:30:00,64.91400000000002,20.121074999999998
2022-09-10 14:00:00,66.09216666666667,20.405166666666666
2022-09-10 14:30:00,67.35306666666668,20.589499999999994
2022-09-10 15:00:00,68.59266666666667,20.246325000000006
2022-09-10 15:30:00,70.11036666666666,17.16627499999999
2022-09-10 16:00:00,72.55426666666668,16.059274999999985
2022-09-10 16:30:00,75.6095,14.125516666666684
2022-09-10 17:00:00,78.89966666666668,13.205083333333334
2022-09-10 17:30:00,81.7218,11.997558333333345
2022-09-10 18:00:00,83.67083333333335,13.243124999999992
2022-09-10 18:30:00,84.46806666666666,13.445566666666679
2022-09-10 19:00:00,84.89943333333333,13.836883333333333
2022-09-10 19:30:00,85.16403333333332,14.429316666666665
2022-09-10 20:00:00,84.8876,12.623499999999993
2022-09-10 20:30:00,85.2073,12.000616666666659
2022-09-10 21:00:00,84.96433333333333,12.00515
2022-09-10 21:30:00,84.97266666666667,11.669858333333337
2022-09-10 22:00:00,85.34093333333333,12.155891666666662
2022-09-10 22:30:00,85.55406666666667,12.810341666666659
2022-09-10 23:00:00,85.66923333333334,12.411741666666657
2022-09-10 23:30:00,85.48636666666667,10.811350000000004
2022-09-11 00:00:00,85.0806,10.824466666666652
2022-09-11 00:30:00,85.3982,10.057016666666684
2022-09-11 01:00:00,85.85610000000001,10.667516666666657
2022-09-11 01:30:00,85.96273333333333,10.556524999999993
2022-09-11 02:00:00,86.03106666666666,11.452208333333331
2022-09-11 02:30:00,86.49136666666666,11.071225000000013
2022-09-11 03:00:00,86.80199999999999,10.68271666666665
2022-09-11 03:30:00,87.12056666666665,11.607883333333348
2022-09-11 04:00:00,87.3793,10.81238333333333
2022-09-11 04:30:00,87.79653333333333,10.629741666666675
2022-09-11 05:00:00,88.10376666666666,10.982433333333333
2022-09-11 05:30:00,88.11623333333333,10.744041666666675
2022-09-11 06:00:00,87.93373333333334,11.584741666666673
2022-09-11 06:30:00,86.90513333333332,10.765100000000018
2022-09-11 07:00:00,84.83166666666665,9.809108333333342
2022-09-11 07:30:00,82.81410000000001,9.272633333333346
2022-09-11 08:00:00,79.93566666666666,8.716766666666672
2022-09-11 08:30:00,76.07406666666668,6.233400000000003
2022-09-11 09:00:00,71.13483333333333,11.157491666666644
2022-09-11 09:30:00,67.51473333333334,14.571016666666658
2022-09-11 10:00:00,64.7493,17.02146666666667
2022-09-11 10:30:00,63.76636666666667,18.51481666666667
2022-09-11 11:00:00,64.02156666666667,20.196391666666656
2022-09-11 11:30:00,63.68166666666667,21.02104166666667
2022-09-11 12:00:00,62.352666666666664,22.063583333333334
2022-09-11 12:30:00,61.40246666666667,24.597158333333326
2022-09-11 13:00:00,62.153966666666655,25.255916666666657
2022-09-11 13:30:00,64.9975,23.344050000000003
2022-09-11 14:00:00,67.16553333333334,19.02358333333334
2022-09-11 14:30:00,66.0317,22.063125000000007
2022-09-11 15:00:00,66.12386666666667,23.808991666666664
2022-09-11 15:30:00,69.67710000000001,19.30623333333333
2022-09-11 16:00:00,74.34100000000001,13.532033333333331
2022-09-11 16:30:00,78.65616666666666,14.029641666666677
2022-09-11 17:00:00,80.92766666666667,14.307966666666672
2022-09-11 17:30:00,83.3105,14.274450000000002
2022-09-11 18:00:00,85.48333333333333,13.674041666666653
2022-09-11 18:30:00,86.5503,13.023941666666687
2022-09-11 19:00:00,86.7575,11.853708333333344
2022-09-11 19:30:00,86.65386666666667,11.678350000000009
2022-09-11 20:00:00,86.62783333333333,11.772433333333339
2022-09-11 20:30:00,86.48526666666666,12.238208333333333
2022-09-11 21:00:00,86.41173333333333,12.416283333333325
2022-09-11 21:30:00,86.48253333333335,12.119058333333314
2022-09-11 22:00:00,86.64193333333333,12.472949999999983
2022-09-11 22:30:00,87.00123333333335,12.786233333333342
2022-09-11 23:00:00,87.23556666666666,12.106724999999997
2022-09-11 23:30:00,87.461,12.274666666666675
2022-09-12 00:00:00,87.39546666666665,12.23008333333334
2022-09-12 00:30:00,87.61266666666667,12.451416666666674
2022-09-12 01:00:00,87.7109,12.414008333333342
2022-09-12 01:30:00,87.63736666666667,12.144625000000005
2022-09-12 02:00:00,87.73006666666667,11.79675833333333
2022-09-12 02:30:00,87.88223333333335,12.036408333333313
2022-09-12 03:00:00,87.95513333333334,11.219399999999993
2022-09-12 03:30:00,88.27799999999999,12.740216666666669
2022-09-12 04:00:00,88.63646666666668,11.950933333333339
2022-09-12 04:30:00,87.91650000000001,11.722241666666676
2022-09-12 05:00:00,87.06303333333332,11.889283333333324
2022-09-12 05:30:00,86.62886666666668,11.29010000000001
2022-09-12 06:00:00,85.83306666666667,10.104383333333331
2022-09-12 06:30:00,84.87566666666666,7.926249999999996
2022-09-12 07:00:00,83.42486666666666,11.222425000000015
2022-09-12 07:30:00,80.24263333333333,11.165199999999999
2022-09-12 08:00:00,79.22673333333333,9.625391666666658
2022-09-12 08:30:00,77.20583333333335,9.967858333333325
2022-09-12 09:00:00,75.942,9.760958333333349
2022-09-12 09:30:00,76.26926666666665,11.483591666666669
2022-09-12 10:00:00,77.53876666666666,12.578625000000002
2022-09-12 10:30:00,79.90813333333332,12.089191666666679
2022-09-12 11:00:00,81.8737,14.465033333333352
2022-09-12 11:30:00,82.83136666666667,22.310550000000006
2022-09-12 12:00:00,83.37283333333333,21.866850000000014
2022-09-12 12:30:00,85.29243333333334,21.507816666666656
2022-09-12 13:00:00,89.02503333333331,20.17561666666667
2022-09-12 13:30:00,92.09336666666668,18.115008333333336
2022-09-12 14:00:00,93.67913333333334,17.228333333333325
2022-09-12 14:30:00,94.36316666666667,16.055441666666667
2022-09-12 15:00:00,94.0616,15.146191666666681
2022-09-12 15:30:00,92.8511,14.820825000000013
2022-09-12 16:00:00,92.01606666666666,15.551408333333342
2022-09-12 16:30:00,91.1579,15.291325000000015
2022-09-12 17:00:00,90.49036666666666,15.327616666666685
2022-09-12 17:30:00,90.86710000000001,15.602891666666693
2022-09-12 18:00:00,91.22466666666666,16.63085833333335
2022-09-12 18:30:00,91.27443333333333,16.673991666666666
2022-09-12 19:00:00,91.47696666666666,16.558241666666675
2022-09-12 19:30:00,91.30706666666666,17.349108333333334
2022-09-12 20:00:00,91.36703333333335,16.868916666666664
2022-09-12 20:30:00,91.67323333333334,16.30942499999999
2022-09-12 21:00:00,91.5497,15.975966666666665
2022-09-12 21:30:00,91.53423333333333,15.84879166666667
2022-09-12 22:00:00,91.35079999999999,15.911591666666666
2022-09-12 22:30:00,91.51060000000003,15.951141666666686
2022-09-12 23:00:00,91.69643333333332,15.22149166666668
2022-09-12 23:30:00,91.69013333333334,16.221050000000005
2022-09-13 00:00:00,91.82253333333334,15.669458333333324
2022-09-13 00:30:00,92.00970000000001,15.125266666666676
2022-09-13 01:00:00,92.15543333333332,15.048266666666677
2022-09-13 01:30:00,91.92530000000002,14.948433333333341
2022-09-13 02:00:00,91.90283333333335,15.604200000000006
2022-09-13 02:30:00,92.0242,15.338758333333345
2022-09-13 03:00:00,92.45479999999999,16.128033333333363
2022-09-13 03:30:00,92.67603333333332,16.425791666666683
2022-09-13 04:00:00,92.1369,16.149466666666683
2022-09-13 04:30:00,92.03023333333334,16.224225000000004
2022-09-13 05:00:00,91.66206666666668,15.745991666666669
2022-09-13 05:30:00,91.93436666666668,15.576983333333331
2022-09-13 06:00:00,91.57246666666667,16.069491666666664
2022-09-13 06:30:00,90.88109999999999,15.79403333333336
2022-09-13 07:00:00,88.62629999999999,14.410858333333337
2022-09-13 07:30:00,86.30236666666667,12.570608333333325
2022-09-13 08:00:00,83.18713333333334,12.057916666666657
2022-09-13 08:30:00,81.04356666666668,12.237583333333333
2022-09-13 09:00:00,79.03993333333332,15.145883333333344
2022-09-13 09:30:00,77.52683333333333,13.295933333333338
2022-09-13 10:00:00,75.08253333333332,12.552199999999985
2022-09-13 10:30:00,73.06823333333332,12.958691666666667
2022-09-13 11:00:00,72.11460000000001,15.277658333333335
2022-09-13 11:30:00,72.03726666666667,16.438141666666652
2022-09-13 12:00:00,71.51469999999999,16.220583333333337
2022-09-13 12:30:00,70.952,14.568775000000002
2022-09-13 13:00:00,69.09190000000001,16.718316666666666
2022-09-13 13:30:00,67.9064,14.749116666666666
2022-09-13 14:00:00,69.29249999999999,10.433558333333323
2022-09-13 14:30:00,70.89333333333335,9.618408333333335
2022-09-13 15:00:00,71.80576666666666,10.872641666666667
2022-09-13 15:30:00,73.27866666666667,11.639775
2022-09-13 16:00:00,75.23296666666667,14.61570833333333
2022-09-13 16:30:00,76.60506666666666,14.618124999999992
2022-09-13 17:00:00,77.90323333333332,14.63300000000001
2022-09-13 17:30:00,79.1077,14.778374999999997
2022-09-13 18:00:00,81.0676,15.95786666666666
2022-09-13 18:30:00,83.56503333333333,15.338508333333323
2022-09-13 19:00:00,86.08336666666666,15.174516666666676
2022-09-13 19:30:00,86.64713333333331,14.906566666666677
2022-09-13 20:00:00,87.61573333333334,15.023858333333337
2022-09-13 20:30:00,88.32293333333334,14.488350000000011
2022-09-13 21:00:00,88.8408,14.505341666666666
2022-09-13 21:30:00,89.64386666666667,15.03125833333334
2022-09-13 22:00:00,90.49600000000001,15.241491666666676
2022-09-13 22:30:00,90.9247,14.491699999999994
2022-09-13 23:00:00,91.78689999999999,15.005291666666679
2022-09-13 23:30:00,92.2443,15.450341666666674
2022-09-14 00:00:00,92.31113333333334,15.80854166666667
2022-09-14 00:30:00,92.20756666666666,16.90600000000002
2022-09-14 01:00:00,92.6454,16.484658333333343
2022-09-14 01:30:00,93.0205,16.16594166666667
2022-09-14 02:00:00,93.13480000000001,16.02116666666666
2022-09-14 02:30:00,93.16876666666668,15.812991666666676
2022-09-14 03:00:00,93.4674,15.825183333333342
2022-09-14 03:30:00,93.35886666666667,15.633450000000025
2022-09-14 04:00:00,93.34469999999999,14.911650000000009
2022-09-14 04:30:00,93.49089999999998,15.333066666666667
2022-09-14 05:00:00,93.62543333333333,15.359950000000012
2022-09-14 05:30:00,93.66493333333332,15.63560000000001
2022-09-14 06:00:00,93.51373333333333,15.629175000000032
2022-09-14 06:30:00,91.34416666666667,17.150441666666666
2022-09-14 07:00:00,87.82149999999999,13.99455833333333
2022-09-14 07:30:00,82.16093333333333,9.68976666666667
2022-09-14 08:00:00,77.40196666666665,13.042891666666662
2022-09-14 08:30:00,74.29083333333334,14.999983333333333
2022-09-14 09:00:00,71.61913333333334,14.869399999999999
2022-09-14 09:30:00,68.42953333333334,15.628316666666677
2022-09-14 10:00:00,66.33216666666667,19.461099999999995
2022-09-14 10:30:00,65.33933333333331,20.741800000000005
2022-09-14 11:00:00,66.46793333333332,18.41727499999999
2022-09-14 11:30:00,63.93536666666667,20.765825
2022-09-14 12:00:00,61.59663333333333,20.013441666666658
2022-09-14 12:30:00,60.6414,23.260925
2022-09-14 13:00:00,59.77996666666668,24.156416666666672
2022-09-14 13:30:00,59.03013333333333,25.34395833333334
2022-09-14 14:00:00,59.317499999999995,26.768991666666665
2022-09-14 14:30:00,58.78403333333334,28.883274999999998
2022-09-14 15:00:00,59.00386666666667,30.131591666666665
2022-09-14 15:30:00,60.31010000000001,27.384975000000004
2022-09-14 16:00:00,63.030899999999995,27.294091666666667
2022-09-14 16:30:00,66.98979999999999,25.425316666666674
2022-09-14 17:00:00,71.72670000000001,23.257908333333354
2022-09-14 17:30:00,77.72290000000001,20.398025000000004
2022-09-14 18:00:00,82.46889999999999,17.171875
2022-09-14 18:30:00,84.9028,15.918008333333347
2022-09-14 19:00:00,85.7968,15.528158333333309
2022-09-14 19:30:00,86.21779999999998,16.005858333333336
2022-09-14 20:00:00,87.04493333333333,15.912891666666667
2022-09-14 20:30:00,88.00033333333333,16.257424999999998
2022-09-14 21:00:00,88.52560000000001,16.335300000000004
2022-09-14 21:30:00,89.09986666666666,16.472883333333343
2022-09-14 22:00:00,89.77103333333335,15.635075
2022-09-14 22:30:00,90.22446666666666,15.430708333333342
2022-09-14 23:00:00,90.13910000000001,15.15099166666667
2022-09-14 23:30:00,89.6976,15.085283333333336
2022-09-15 00:00:00,89.55430000000001,14.391433333333353
2022-09-15 00:30:00,89.70943333333334,13.860775000000004
2022-09-15 01:00:00,89.86793333333333,13.12359166666667
2022-09-15 01:30:00,90.11096666666667,13.52984166666667
2022-09-15 02:00:00,89.95059999999998,14.558225000000022
2022-09-15 02:30:00,89.6896,14.39488333333334
2022-09-15 03:00:00,89.37633333333335,13.120808333333343
2022-09-15 03:30:00,88.77083333333333,12.577375000000004
2022-09-15 04:00:00,88.33283333333331,12.905408333333355
2022-09-15 04:30:00,88.25000000000001,12.66051666666668
2022-09-15 05:00:00,88.45596666666668,12.249899999999997
2022-09-15 05:30:00,88.54253333333334,12.32546666666667
2022-09-15 06:00:00,88.2515,12.208141666666677
2022-09-15 06:30:00,87.07003333333333,11.76147499999999
2022-09-15 07:00:00,86.32323333333332,11.50803333333333
2022-09-15 07:30:00,85.50030000000001,11.183708333333328
2022-09-15 08:00:00,83.3049,9.513941666666682
2022-09-15 08:30:00,80.931,9.989266666666666
2022-09-15 09:00:00,78.23263333333333,9.601799999999983
2022-09-15 09:30:00,74.67863333333334,13.008866666666663
2022-09-15 10:00:00,73.97203333333334,14.676308333333338
2022-09-15 10:30:00,75.04146666666665,11.903499999999994
2022-09-15 11:00:00,77.23113333333333,9.98622499999999
2022-09-15 11:30:00,78.90066666666665,10.72396666666667
2022-09-15 12:00:00,78.22596666666666,10.421641666666673
2022-09-15 12:30:00,77.5221,11.42799166666667
2022-09-15 13:00:00,76.95606666666666,16.31525833333336
2022-09-15 13:30:00,79.41413333333334,15.449733333333356
2022-09-15 14:00:00,81.34346666666667,15.195625000000007
2022-09-15 14:30:00,82.16853333333333,14.201250000000002
2022-09-15 15:00:00,82.57903333333333,13.832241666666675
2022-09-15 15:30:00,83.2432,13.064541666666685
2022-09-15 16:00:00,83.71979999999999,12.785758333333348
2022-09-15 16:30:00,84.68566666666666,13.744224999999986
2022-09-15 17:00:00,85.54653333333331,13.374483333333345
2022-09-15 17:30:00,86.42033333333333,13.810541666666666
2022-09-15 18:00:00,87.7353,14.965800000000002
2022-09-15 18:30:00,87.87893333333332,14.504833333333337
2022-09-15 19:00:00,88.35563333333333,14.632008333333332
2022-09-15 19:30:00,88.72563333333332,14.154783333333341
2022-09-15 20:00:00,89.30076666666666,14.226175000000012
2022-09-15 20:30:00,89.32789999999999,14.31339166666666
2022-09-15 21:00:00,89.42713333333333,14.35114999999999
2022-09-15 21:30:00,89.80186666666667,14.589408333333324
2022-09-15 22:00:00,90.08266666666665,14.232683333333341
2022-09-15 22:30:00,90.3445,14.882833333333323
2022-09-15 23:00:00,90.4497,13.594141666666658
2022-09-15 23:30:00,90.71146666666667,14.085733333333337
2022-09-16 00:00:00,91.10756666666666,13.810999999999993
2022-09-16 00:30:00,91.21776666666668,13.86593333333333
2022-09-16 01:00:00,91.7727,13.667358333333326
2022-09-16 01:30:00,92.10983333333333,13.254766666666669
2022-09-16 02:00:00,92.1258,13.56634166666666
2022-09-16 02:30:00,92.02416666666667,13.00833333333334
2022-09-16 03:00:00,91.92396666666666,13.21756666666667
2022-09-16 03:30:00,92.03193333333334,14.666533333333334
2022-09-16 04:00:00,92.014,15.250650000000007
2022-09-16 04:30:00,91.5533,14.671125000000018
2022-09-16 05:00:00,91.64606666666667,14.350850000000008
2022-09-16 05:30:00,91.8822,14.36074166666667
2022-09-16 06:00:00,91.59270000000001,14.94271666666667
2022-09-16 06:30:00,90.72416666666668,14.399874999999994
2022-09-16 07:00:00,89.21166666666667,13.821483333333333
2022-09-16 07:30:00,87.0766,13.611866666666671
2022-09-16 08:00:00,85.24337037037037,12.973400000000012
2022-09-16 08:30:00,83.11344444444444,14.155733333333345
2022-09-16 09:00:00,79.72022222222222,13.239066666666659
2022-09-16 09:30:00,76.1972962962963,13.095733333333328
2022-09-16 10:00:00,73.93214814814814,12.619399999999999
2022-09-16 10:30:00,70.33185185185185,16.03053333333333
2022-09-16 11:00:00,69.41170370370371,18.106799999999986
2022-09-16 11:30:00,68.74651851851851,18.22659999999999
2022-09-16 12:00:00,68.52066666666666,16.725999999999992
2022-09-16 12:30:00,67.11651851851852,20.933399999999992
2022-09-16 13:00:00,65.23525925925927,20.099799999999988
2022-09-16 13:30:00,64.59437037037037,21.505199999999995
2022-09-16 14:00:00,64.92681481481482,21.35306666666667
2022-09-16 14:30:00,66.86944444444445,19.111533333333334
2022-09-16 15:00:00,68.35655555555553,19.136199999999995
2022-09-16 15:30:00,68.3318148148148,18.75966666666666
2022-09-16 16:00:00,71.34899999999999,14.85866666666665
2022-09-16 16:30:00,75.16762962962963,11.571000000000012
2022-09-16 17:00:00,79.19981481481481,11.972933333333316
2022-09-16 17:30:00,83.03966666666666,14.876800000000003
2022-09-16 18:00:00,85.1678148148148,14.555400000000006
2022-09-16 18:30:00,85.74062962962962,14.407800000000009
2022-09-16 19:00:00,85.67537037037037,13.673866666666669
2022-09-16 19:30:00,86.26655555555556,12.72013333333335
2022-09-16 20:00:00,86.71392592592593,13.291333333333327
2022-09-16 20:30:00,87.05251851851853,13.824266666666688
2022-09-16 21:00:00,87.51744444444444,13.884666666666675
2022-09-16 21:30:00,88.3881111111111,13.871466666666677
2022-09-16 22:00:00,88.95774074074073,14.214933333333363
2022-09-16 22:30:00,89.46966666666667,14.342866666666666
2022-09-16 23:00:00,90.00137037037035,14.741666666666674
2022-09-16 23:30:00,90.05196296296296,14.361666666666665
2022-09-17 00:00:00,90.22837037037037,14.24633333333334
2022-09-17 00:30:00,90.43062962962964,15.188600000000008
2022-09-17 01:00:00,90.21677777777778,15.512400000000014
2022-09-17 01:30:00,90.24222222222222,16.007733333333363
2022-09-17 02:00:00,90.33248148148147,15.900000000000006
2022-09-17 02:30:00,90.72014814814814,16.10620000000003
2022-09-17 03:00:00,90.93411111111111,15.99086666666669
2022-09-17 03:30:00,91.251,15.438000000000002
2022-09-17 04:00:00,91.38737037037039,15.222733333333338
2022-09-17 04:30:00,91.18614814814816,15.347600000000014
2022-09-17 05:00:00,91.18903703703704,14.867866666666671
2022-09-17 05:30:00,91.12962962962963,15.13260000000001
2022-09-17 06:00:00,90.6488148148148,14.808666666666667
2022-09-17 06:30:00,89.01333333333332,13.49826666666668
2022-09-17 07:00:00,86.55696296296297,12.924400000000006
2022-09-17 07:30:00,83.53937037037036,10.962800000000001
2022-09-17 08:00:00,80.61188888888888,11.191933333333338
2022-09-17 08:30:00,75.99514814814816,14.829600000000013
2022-09-17 09:00:00,71.13888888888889,18.181266666666644
2022-09-17 09:30:00,67.31985185185185,22.562400000000004
2022-09-17 10:00:00,65.57485185185186,21.777799999999978
2022-09-17 10:30:00,65.1544074074074,23.45340000000001
2022-09-17 11:00:00,64.8597037037037,25.826666666666675
2022-09-17 11:30:00,64.54666666666668,22.87813333333333
2022-09-17 12:00:00,63.04444444444443,22.185799999999993
2022-09-17 12:30:00,63.0455925925926,23.22953333333333
2022-09-17 13:00:00,63.808629629629635,21.912466666666674
2022-09-17 13:30:00,65.41618518518518,19.612733333333324
2022-09-17 14:00:00,65.93085185185186,21.4944
2022-09-17 14:30:00,65.93640740740742,23.44766666666667
2022-09-17 15:00:00,65.45637037037038,23.339866666666666
2022-09-17 15:30:00,65.98262962962963,21.10333333333334
2022-09-17 16:00:00,67.2945925925926,19.450800000000008
2022-09-17 16:30:00,70.95988888888888,18.667466666666648
2022-09-17 17:00:00,75.63162962962963,17.27333333333334
2022-09-17 17:30:00,80.24292592592595,15.434399999999997
2022-09-17 18:00:00,83.56448148148148,15.690533333333335
2022-09-17 18:30:00,84.6915925925926,15.612400000000008
2022-09-17 19:00:00,85.1285185185185,15.312199999999976
2022-09-17 19:30:00,85.93122222222222,16.094199999999987
2022-09-17 20:00:00,86.53062962962963,15.705666666666687
2022-09-17 20:30:00,87.56774074074073,15.359466666666663
2022-09-17 21:00:00,88.21955555555557,15.920333333333346
2022-09-17 21:30:00,88.49474074074074,15.884133333333338
2022-09-17 22:00:00,88.32577777777777,15.248000000000005
2022-09-17 22:30:00,87.78485185185184,13.960333333333338
2022-09-17 23:00:00,88.17355555555555,13.816333333333347
2022-09-17 23:30:00,87.73203703703703,12.941866666666684
2022-09-18 00:00:00,87.75714814814813,12.807466666666684
2022-09-18 00:30:00,88.10877777777777,12.959000000000003
2022-09-18 01:00:00,88.22733333333332,13.09953333333334
2022-09-18 01:30:00,88.36892592592592,13.398600000000002
2022-09-18 02:00:00,88.04818518518519,12.855399999999989
2022-09-18 02:30:00,87.59733333333332,12.608999999999995
2022-09-18 03:00:00,87.77318518518518,12.696600000000004
2022-09-18 03:30:00,87.76555555555554,12.67186666666666
2022-09-18 04:00:00,87.5112962962963,12.307999999999979
2022-09-18 04:30:00,86.94007407407408,11.77306666666668
2022-09-18 05:00:00,87.08211111111113,11.122399999999985
2022-09-18 05:30:00,87.73051851851852,11.467799999999997
2022-09-18 06:00:00,87.5955925925926,11.449333333333328
2022-09-18 06:30:00,86.33692592592594,11.595333333333315
2022-09-18 07:00:00,83.79037037037035,11.777599999999993
2022-09-18 07:30:00,82.14392592592593,10.770266666666672
2022-09-18 08:00:00,80.08666666666666,10.01473333333334
2022-09-18 08:30:00,78.45096296296298,11.314666666666668
2022-09-18 09:00:00,77.4211111111111,12.66573333333335
2022-09-18 09:30:00,77.09422222222221,12.643
2022-09-18 10:00:00,77.79599999999999,13.771133333333339
2022-09-18 10:30:00,75.80744444444446,9.797466666666665
2022-09-18 11:00:00,74.87981481481484,13.30046666666668
2022-09-18 11:30:00,77.39585185185184,17.409666666666666
2022-09-18 12:00:00,82.24548148148148,20.94386666666668
2022-09-18 12:30:00,82.35351851851853,18.217466666666667
2022-09-18 13:00:00,74.9344074074074,11.695933333333315
2022-09-18 13:30:00,72.97992592592591,15.352733333333319
2022-09-18 14:00:00,71.75977777777778,12.88526666666668
2022-09-18 14:30:00,70.86503703703704,12.08286666666666
2022-09-18 15:00:00,72.0158148148148,15.139333333333326
2022-09-18 15:30:00,74.0774074074074,16.094200000000015
2022-09-18 16:00:00,74.91003703703704,12.662000000000006
2022-09-18 16:30:00,79.08588888888889,10.799666666666681
2022-09-18 17:00:00,82.61896296296295,14.045000000000002
2022-09-18 17:30:00,84.22162962962962,13.70986666666667
2022-09-18 18:00:00,84.86225925925926,13.048999999999978
2022-09-18 18:30:00,85.42625925925927,13.872266666666661
2022-09-18 19:00:00,85.91088888888888,13.794866666666664
2022-09-18 19:30:00,85.89037037037036,13.076200000000014
2022-09-18 20:00:00,86.39599999999999,12.845133333333322
2022-09-18 20:30:00,86.4827777777778,13.24666666666667
2022-09-18 21:00:00,87.02866666666665,13.29313333333333
2022-09-18 21:30:00,87.109,13.301933333333338
2022-09-18 22:00:00,87.28551851851853,13.111066666666673
2022-09-18 22:30:00,87.43351851851851,13.364933333333326
2022-09-18 23:00:00,87.71959259259259,12.612466666666677
2022-09-18 23:30:00,88.1944074074074,12.855400000000017
2022-09-19 00:00:00,88.13948148148148,13.070599999999999
2022-09-19 00:30:00,88.21651851851853,12.46566666666665
2022-09-19 01:00:00,88.49711111111111,12.4174
2022-09-19 01:30:00,89.67537037037036,13.766000000000005
2022-09-19 02:00:00,91.64640740740742,16.667266666666677
2022-09-19 02:30:00,92.29844444444444,16.24666666666667
2022-09-19 03:00:00,92.57088888888889,16.294533333333334
2022-09-19 03:30:00,92.27277777777778,16.084466666666685
2022-09-19 04:00:00,92.01622222222221,15.8018
2022-09-19 04:30:00,92.03818518518518,16.016133333333343
2022-09-19 05:00:00,93.41207407407407,14.804600000000008
2022-09-19 05:30:00,94.4752962962963,14.681399999999996
2022-09-19 06:00:00,95.09855555555556,14.646800000000013
2022-09-19 06:30:00,95.22014814814814,14.388266666666667
2022-09-19 07:00:00,95.04155555555556,14.339600000000019
2022-09-19 07:30:00,94.39633333333335,15.338866666666675
2022-09-19 08:00:00,93.05522222222223,15.096733333333333
2022-09-19 08:30:00,92.37792592592592,15.099066666666687
2022-09-19 09:00:00,91.13533333333334,15.042466666666684
2022-09-19 09:30:00,90.81062962962963,14.97126666666668
2022-09-19 10:00:00,89.86881481481481,14.824933333333334
2022-09-19 10:30:00,88.60414814814816,17.039466666666698
2022-09-19 11:00:00,88.24929629629631,14.640333333333345
2022-09-19 11:30:00,87.25692592592594,13.60560000000001
2022-09-19 12:00:00,86.6607037037037,13.562200000000004
2022-09-19 12:30:00,86.44133333333335,13.652266666666662
2022-09-19 13:00:00,85.91762962962963,13.93440000000001
2022-09-19 13:30:00,85.45537037037037,15.953199999999995
2022-09-19 14:00:00,86.63555555555554,16.804400000000015
2022-09-19 14:30:00,83.56303703703705,13.235133333333337
2022-09-19 15:00:00,81.34374074074076,12.220000000000013
2022-09-19 15:30:00,82.78618518518518,12.263266666666667
2022-09-19 16:00:00,84.43918518518518,11.590599999999995
2022-09-19 16:30:00,84.03337037037038,11.158066666666656
2022-09-19 17:00:00,82.61837037037039,11.807666666666663
2022-09-19 17:30:00,85.01414814814817,13.27046666666665
2022-09-19 18:00:00,87.22144444444444,14.81046666666667
2022-09-19 18:30:00,88.79659259259259,16.251866666666658
2022-09-19 19:00:00,89.4055185185185,14.999866666666662
2022-09-19 19:30:00,90.12051851851852,16.19080000000001
2022-09-19 20:00:00,89.85037037037038,14.5762
2022-09-19 20:30:00,89.51611111111112,14.612533333333317
2022-09-19 21:00:00,89.5714074074074,14.514533333333347
2022-09-19 21:30:00,89.73592592592593,13.784199999999998
2022-09-19 22:00:00,89.84307407407408,13.9602
2022-09-19 22:30:00,89.98551851851852,13.954800000000006
2022-09-19 23:00:00,90.10277777777779,14.302533333333344
2022-09-19 23:30:00,90.49781481481482,14.224133333333342
2022-09-20 00:00:00,90.64814814814815,14.211933333333334
2022-09-20 00:30:00,90.57418518518519,13.766933333333355
2022-09-20 01:00:00,91.05822222222224,13.925333333333342
2022-09-20 01:30:00,91.35877777777777,13.68340000000002
2022-09-20 02:00:00,91.066,12.554999999999978
2022-09-20 02:30:00,91.1498888888889,13.164200000000008
2022-09-20 03:00:00,91.46151851851852,13.035533333333333
2022-09-20 03:30:00,92.39822222222223,13.811000000000021
2022-09-20 04:00:00,92.9417037037037,13.903266666666681
2022-09-20 04:30:00,93.14374074074074,14.21186666666668
2022-09-20 05:00:00,93.5062962962963,14.573533333333344
2022-09-20 05:30:00,93.43088888888889,14.202600000000004
2022-09-20 06:00:00,93.53862962962963,14.076266666666655
2022-09-20 06:30:00,93.54896296296296,14.304400000000015
2022-09-20 07:00:00,93.91181481481482,14.061266666666668
2022-09-20 07:30:00,93.84155555555554,14.36099999999999
2022-09-20 08:00:00,93.43303703703705,14.5732
2022-09-20 08:30:00,91.9668888888889,14.500066666666669
2022-09-20 09:00:00,89.11181481481484,12.176400000000001
2022-09-20 09:30:00,85.09637037037038,11.19986666666668
2022-09-20 10:00:00,84.12677777777778,14.310333333333347
2022-09-20 10:30:00,83.3741111111111,13.8326
2022-09-20 11:00:00,81.26492592592592,14.017266666666657
2022-09-20 11:30:00,79.21425925925925,13.990333333333325
2022-09-20 12:00:00,76.1362962962963,14.102133333333327
2022-09-20 12:30:00,75.01303703703702,14.876066666666631
2022-09-20 13:00:00,75.83051851851853,11.19319999999999
2022-09-20 13:30:00,75.76548148148147,12.574666666666658
2022-09-20 14:00:00,75.96696296296297,11.027933333333323
2022-09-20 14:30:00,74.01059259259259,14.423666666666662
2022-09-20 15:00:00,72.51922222222223,11.294866666666664
2022-09-20 15:30:00,74.74922222222223,12.12606666666666
2022-09-20 16:00:00,77.28918518518519,11.696133333333336
2022-09-20 16:30:00,79.58151851851852,14.01413333333332
2022-09-20 17:00:00,83.89514814814815,13.940266666666659
2022-09-20 17:30:00,86.36881481481481,15.753266666666676
2022-09-20 18:00:00,86.77429629629631,13.765933333333336
2022-09-20 18:30:00,86.61003703703705,13.921866666666673
2022-09-20 19:00:00,86.84618518518519,14.163733333333326
2022-09-20 19:30:00,87.14322222222224,14.110866666666666
2022-09-20 20:00:00,87.59777777777778,13.24026666666667
2022-09-20 20:30:00,88.1782962962963,14.733800000000002
2022-09-20 21:00:00,88.37266666666667,14.768800000000013
2022-09-20 21:30:00,88.53966666666668,15.276866666666677
2022-09-20 22:00:00,88.61092592592591,15.340199999999996
2022-09-20 22:30:00,88.99781481481482,15.28200000000001
2022-09-20 23:00:00,89.64807407407407,14.788866666666664
2022-09-20 23:30:00,90.38218518518518,14.604133333333337
2022-09-21 00:00:00,91.22655555555555,14.603000000000023
2022-09-21 00:30:00,91.86522222222223,15.178133333333335
2022-09-21 01:00:00,91.55677777777777,15.782466666666693
2022-09-21 01:30:00,91.4451111111111,15.768266666666676
2022-09-21 02:00:00,91.07374074074073,14.527933333333323
2022-09-21 02:30:00,90.77485185185185,14.186533333333344
2022-09-21 03:00:00,91.00055555555556,13.87326666666668
2022-09-21 03:30:00,91.00937037037038,13.884799999999998
2022-09-21 04:00:00,91.10029629629629,14.955266666666674
2022-09-21 04:30:00,91.17981481481482,14.37960000000001
2022-09-21 05:00:00,90.99288888888888,13.920800000000028
2022-09-21 05:30:00,91.04114814814815,14.126400000000004
2022-09-21 06:00:00,90.69433333333333,13.685199999999995
2022-09-21 06:30:00,88.8558148148148,12.482333333333344
2022-09-21 07:00:00,84.93407407407406,11.68180000000001
2022-09-21 07:30:00,81.20118518518518,12.895066666666679
2022-09-21 08:00:00,77.45029629629629,9.887666666666647
2022-09-21 08:30:00,76.19418518518518,11.82719999999999
2022-09-21 09:00:00,74.00729629629629,15.455333333333343
2022-09-21 09:30:00,72.4474074074074,13.601466666666667
2022-09-21 10:00:00,71.41133333333333,16.113533333333322
2022-09-21 10:30:00,70.66659259259261,17.472266666666663
2022-09-21 11:00:00,71.14525925925926,17.029599999999995
2022-09-21 11:30:00,70.09662962962963,13.855733333333333
2022-09-21 12:00:00,67.39366666666666,14.962400000000002
2022-09-21 12:30:00,66.44185185185185,17.44426666666667
2022-09-21 13:00:00,64.6964814814815,18.135866666666658
2022-09-21 13:30:00,63.56781481481481,20.337133333333327
2022-09-21 14:00:00,64.24848148148149,20.873733333333334
2022-09-21 14:30:00,65.06225925925926,19.50713333333332
2022-09-21 15:00:00,66.06533333333333,18.677999999999997
2022-09-21 15:30:00,67.50266666666667,17.788200000000003
2022-09-21 16:00:00,69.17585185185186,17.345
2022-09-21 16:30:00,71.94722222222224,15.055666666666667
2022-09-21 17:00:00,74.50959259259258,13.41419999999998
2022-09-21 17:30:00,79.69414814814814,12.650266666666681
2022-09-21 18:00:00,82.85807407407407,13.478000000000009
2022-09-21 18:30:00,84.49581481481482,14.280333333333331
2022-09-21 19:00:00,85.52025925925926,14.572599999999994
2022-09-21 19:30:00,86.24074074074075,14.561266666666668
2022-09-21 20:00:00,86.31448148148148,14.341266666666655
2022-09-21 20:30:00,86.05681481481481,13.829933333333315
2022-09-21 21:00:00,86.05488888888888,13.329333333333324
2022-09-21 21:30:00,86.60892592592593,14.12606666666666
2022-09-21 22:00:00,86.66603703703703,15.70546666666668
2022-09-21 22:30:00,86.80470370370371,14.305399999999992
2022-09-21 23:00:00,87.25559259259259,13.753466666666668
2022-09-21 23:30:00,87.35051851851853,13.545266666666691
2022-09-22 00:00:00,87.84518518518517,14.187533333333334
2022-09-22 00:30:00,88.53214814814815,14.809200000000004
2022-09-22 01:00:00,89.01666666666667,14.478800000000007
2022-09-22 01:30:00,88.77933333333333,13.353066666666663
2022-09-22 02:00:00,88.88540740740741,13.281333333333322
2022-09-22 02:30:00,89.59903703703702,14.544600000000003
2022-09-22 03:00:00,89.28229629629628,14.3964
2022-09-22 03:30:00,89.14559259259259,13.620066666666673
2022-09-22 04:00:00,89.2217037037037,13.795466666666684
2022-09-22 04:30:00,89.1291111111111,13.937733333333341
2022-09-22 05:00:00,89.56333333333333,14.194733333333318
2022-09-22 05:30:00,89.68911111111112,14.416933333333333
2022-09-22 06:00:00,89.69311111111112,14.098666666666674
2022-09-22 06:30:00,89.18451851851852,13.84953333333334
2022-09-22 07:00:00,87.05374074074074,12.51400000000001
2022-09-22 07:30:00,83.64333333333333,10.021533333333338
2022-09-22 08:00:00,79.81014814814813,7.721333333333348
2022-09-22 08:30:00,77.49481481481482,7.380266666666657
2022-09-22 09:00:00,75.55555555555554,11.67713333333333
2022-09-22 09:30:00,72.3815925925926,15.660866666666664
2022-09-22 10:00:00,70.7492962962963,16.47319999999999
2022-09-22 10:30:00,70.34822222222222,16.191733333333346
2022-09-22 11:00:00,67.85211111111111,16.97339999999999
2022-09-22 11:30:00,67.72866666666665,20.852466666666658
2022-09-22 12:00:00,68.68233333333333,20.165799999999997
2022-09-22 12:30:00,64.61548148148148,21.64313333333333
2022-09-22 13:00:00,63.34322222222223,20.129466666666673
2022-09-22 13:30:00,63.03274074074074,24.198066666666655
2022-09-22 14:00:00,65.29592592592593,20.0456
2022-09-22 14:30:00,68.31744444444445,21.340799999999994
2022-09-22 15:00:00,69.47003703703703,18.14753333333332
2022-09-22 15:30:00,70.69166666666666,16.681533333333327
2022-09-22 16:00:00,71.63944444444445,16.828400000000002
2022-09-22 16:30:00,72.90707407407407,18.522600000000004
2022-09-22 17:00:00,75.76366666666667,15.619933333333336
2022-09-22 17:30:00,80.95592592592592,14.340333333333334
2022-09-22 18:00:00,84.24896296296295,15.380466666666678
2022-09-22 18:30:00,85.17866666666666,14.676266666666649
2022-09-22 19:00:00,85.79885185185186,14.947333333333333
2022-09-22 19:30:00,86.24862962962963,15.397933333333327
2022-09-22 20:00:00,86.5355925925926,14.707200000000014
2022-09-22 20:30:00,86.44466666666666,14.067866666666674
2022-09-22 21:00:00,86.87551851851852,13.94919999999999
2022-09-22 21:30:00,87.19781481481479,13.982733333333343
2022-09-22 22:00:00,87.75170370370371,14.933800000000005
2022-09-22 22:30:00,87.76803703703703,14.890466666666669
2022-09-22 23:00:00,88.0505925925926,15.18706666666668
2022-09-22 23:30:00,88.93385185185186,15.313466666666699
2022-09-23 00:00:00,88.98259259259261,14.821200000000005
2022-09-23 00:30:00,89.01766666666667,14.435933333333324
2022-09-23 01:00:00,89.26385185185185,14.246533333333346
2022-09-23 01:30:00,89.15192592592592,13.721666666666678
2022-09-23 02:00:00,88.91577777777778,13.388200000000012
2022-09-23 02:30:00,89.30992592592594,13.51740000000001
2022-09-23 03:00:00,89.84066666666666,13.924933333333342
2022-09-23 03:30:00,89.62418518518518,13.842866666666666
2022-09-23 04:00:00,89.64648148148147,13.804533333333339
2022-09-23 04:30:00,89.34977777777777,13.909800000000004
2022-09-23 05:00:00,89.67611111111113,14.57826666666665
2022-09-23 05:30:00,89.6925925925926,14.444999999999993
2022-09-23 06:00:00,89.06244444444445,13.785600000000002
2022-09-23 06:30:00,87.9832222222222,13.522933333333313
2022-09-23 07:00:00,85.2055925925926,11.765199999999993
2022-09-23 07:30:00,82.33385185185186,11.024333333333317
2022-09-23 08:00:00,79.48314814814815,8.820533333333344
2022-09-23 08:30:00,74.8197037037037,12.287333333333322
2022-09-23 09:00:00,72.10777777777777,12.868333333333325
2022-09-23 09:30:00,69.54785185185186,17.65673333333332
2022-09-23 10:00:00,68.76540740740741,19.419333333333334
2022-09-23 10:30:00,69.0648888888889,17.63539999999999
2022-09-23 11:00:00,68.3782962962963,20.748066666666652
2022-09-23 11:30:00,66.71540740740741,21.654599999999995
2022-09-23 12:00:00,66.41603703703703,21.219466666666683
2022-09-23 12:30:00,65.81466666666667,22.007866666666665
2022-09-23 13:00:00,65.41737037037038,23.042733333333352
2022-09-23 13:30:00,64.52222222222221,22.320000000000014
2022-09-23 14:00:00,64.42707407407408,24.41900000000001
2022-09-23 14:30:00,65.62066666666666,24.458199999999984
2022-09-23 15:00:00,67.29374074074073,19.65439999999999
2022-09-23 15:30:00,70.075,17.334533333333333
2022-09-23 16:00:00,73.55933333333333,19.536199999999994
2022-09-23 16:30:00,78.22718518518519,16.0976
2022-09-23 17:00:00,81.41111111111111,14.107466666666667
2022-09-23 17:30:00,83.13029629629631,14.590933333333325
2022-09-23 18:00:00,84.0114814814815,14.402333333333331
2022-09-23 18:30:00,84.36133333333333,15.071066666666667
2022-09-23 19:00:00,84.95996296296296,14.031533333333343
2022-09-23 19:30:00,85.77033333333334,13.073066666666662
2022-09-23 20:00:00,86.404,13.12993333333334
2022-09-23 20:30:00,86.86918518518519,13.29986666666666
2022-09-23 21:00:00,86.93111111111111,14.489000000000019
2022-09-23 21:30:00,86.8288888888889,13.707400000000007
2022-09-23 22:00:00,87.1214074074074,13.446333333333328
2022-09-23 22:30:00,87.3162222222222,13.742800000000017
2022-09-23 23:00:00,87.70662962962963,12.642333333333312
2022-09-23 23:30:00,87.61322222222222,13.223133333333351
2022-09-24 00:00:00,87.82651851851851,13.508999999999986
2022-09-24 00:30:00,87.8851851851852,14.078400000000002
2022-09-24 01:00:00,88.07451851851852,14.221000000000004
2022-09-24 01:30:00,88.71355555555556,13.20653333333334
2022-09-24 02:00:00,89.0311851851852,12.649133333333339
2022-09-24 02:30:00,88.72788888888888,13.007066666666674
2022-09-24 03:00:00,88.74459259259258,13.833466666666666
2022-09-24 03:30:00,88.73225925925925,14.125200000000007
2022-09-24 04:00:00,89.41711111111111,14.752933333333331
2022-09-24 04:30:00,89.47737037037037,14.989199999999997
2022-09-24 05:00:00,89.75814814814814,14.918333333333337
2022-09-24 05:30:00,89.51007407407407,14.247866666666653
2022-09-24 06:00:00,88.78225925925926,14.552666666666667
2022-09-24 06:30:00,86.44829629629629,14.07586666666667
2022-09-24 07:00:00,81.19003703703703,13.370866666666657
2022-09-24 07:30:00,76.64670370370371,12.489133333333328
2022-09-24 08:00:00,74.64074074074074,11.42786666666666
2022-09-24 08:30:00,72.67218518518519,16.551333333333332
2022-09-24 09:00:00,68.905,19.222466666666676
2022-09-24 09:30:00,65.23307407407407,22.36479999999999
2022-09-24 10:00:00,62.9625925925926,21.3044
2022-09-24 10:30:00,61.36911111111111,22.975533333333345
2022-09-24 11:00:00,60.78992592592593,26.124800000000008
2022-09-24 11:30:00,62.18748148148148,25.053933333333326
2022-09-24 12:00:00,62.604518518518525,20.98733333333334
2022-09-24 12:30:00,62.641,23.438133333333326
2022-09-24 13:00:00,63.33266666666667,23.172933333333333
2022-09-24 13:30:00,63.45307407407407,23.611599999999996
2022-09-24 14:00:00,64.0962962962963,22.458600000000004
2022-09-24 14:30:00,65.26103703703704,21.83826666666667
2022-09-24 15:00:00,67.41422222222224,22.27326666666667
2022-09-24 15:30:00,68.41351851851852,20.170199999999994
2022-09-24 16:00:00,70.57455555555555,17.15906666666666
2022-09-24 16:30:00,73.4382962962963,11.282466666666664
2022-09-24 17:00:00,78.267,11.956266666666664
2022-09-24 17:30:00,81.4915925925926,13.3296
2022-09-24 18:00:00,83.00655555555556,13.597799999999992
2022-09-24 18:30:00,83.24248148148148,13.08113333333334
2022-09-24 19:00:00,83.90807407407407,14.133066666666693
2022-09-24 19:30:00,84.3984074074074,13.792933333333337
2022-09-24 20:00:00,84.68862962962963,13.050399999999996
2022-09-24 20:30:00,85.10248148148149,14.285266666666658
2022-09-24 21:00:00,85.52181481481482,16.816333333333347
2022-09-24 21:30:00,85.46514814814816,14.646666666666675
2022-09-24 22:00:00,85.57596296296296,12.632333333333321
2022-09-24 22:30:00,85.86759259259259,12.997133333333323
2022-09-24 23:00:00,86.31251851851852,13.96386666666666
2022-09-24 23:30:00,86.85737037037038,14.35266666666665
2022-09-25 00:00:00,87.47077777777778,14.40733333333334
2022-09-25 00:30:00,87.56240740740742,13.873599999999996
2022-09-25 01:00:00,88.049,14.120599999999996
2022-09-25 01:30:00,88.3297037037037,14.051666666666662
2022-09-25 02:00:00,87.77418518518519,13.3536
2022-09-25 02:30:00,87.66444444444443,13.014133333333334
2022-09-25 03:00:00,88.02307407407407,13.6494
2022-09-25 03:30:00,88.42425925925926,14.420866666666669
2022-09-25 04:00:00,88.90740740740742,14.73733333333334
2022-09-25 04:30:00,89.10233333333332,14.842533333333336
2022-09-25 05:00:00,89.6695185185185,14.630066666666679
2022-09-25 05:30:00,89.78848148148148,15.153933333333342
2022-09-25 06:00:00,89.53181481481482,15.355133333333342
2022-09-25 06:30:00,87.27262962962963,14.498666666666665
2022-09-25 07:00:00,84.46992592592592,12.19113333333334
2022-09-25 07:30:00,80.38292592592592,10.321466666666666
2022-09-25 08:00:00,74.62162962962962,8.025800000000004
2022-09-25 08:30:00,70.83651851851852,9.238133333333323
2022-09-25 09:00:00,66.92455555555556,18.09113333333334
2022-09-25 09:30:00,65.26255555555555,16.39406666666666
2022-09-25 10:00:00,64.04148148148148,16.889733333333332
2022-09-25 10:30:00,62.59107407407407,20.59386666666667
2022-09-25 11:00:00,63.90037037037036,20.139066666666665
2022-09-25 11:30:00,65.09433333333334,18.23960000000001
2022-09-25 12:00:00,64.36577777777777,19.692
2022-09-25 12:30:00,64.59822222222222,21.105800000000002
2022-09-25 13:00:00,64.57914814814814,22.96933333333334
2022-09-25 13:30:00,65.41118518518518,23.28000000000001
2022-09-25 14:00:00,65.56266666666666,21.786200000000008
2022-09-25 14:30:00,64.93103703703704,22.75739999999999
2022-09-25 15:00:00,66.40362962962962,19.352466666666665
2022-09-25 15:30:00,67.29559259259258,18.21333333333333
2022-09-25 16:00:00,68.90359259259259,16.357200000000006
2022-09-25 16:30:00,72.9104074074074,16.10626666666667
2022-09-25 17:00:00,78.4527037037037,11.837266666666665
2022-09-25 17:30:00,81.422,12.471866666666685
2022-09-25 18:00:00,82.53255555555556,13.12026666666668
2022-09-25 18:30:00,83.2538148148148,13.07480000000001
2022-09-25 19:00:00,83.27562962962963,12.926200000000009
2022-09-25 19:30:00,83.4342962962963,13.651533333333347
2022-09-25 20:00:00,83.9324074074074,13.38206666666666
2022-09-25 20:30:00,84.24077777777777,14.2256
2022-09-25 21:00:00,84.58862962962962,14.725333333333325
2022-09-25 21:30:00,85.61574074074073,16.528800000000004
2022-09-25 22:00:00,86.76892592592593,17.31986666666667
2022-09-25 22:30:00,88.44811111111113,18.275400000000005
2022-09-25 23:00:00,88.82433333333333,15.990666666666684
2022-09-25 23:30:00,89.22711111111113,15.476733333333328
2022-09-26 00:00:00,89.21255555555555,14.5668
2022-09-26 00:30:00,89.13888888888887,14.063933333333352
2022-09-26 01:00:00,88.98974074074073,12.592533333333336
2022-09-26 01:30:00,88.60544444444444,13.16146666666667
2022-09-26 02:00:00,89.22488888888888,14.279133333333334
2022-09-26 02:30:00,90.20014814814814,14.333266666666688
2022-09-26 03:00:00,91.33974074074074,13.294600000000003
2022-09-26 03:30:00,91.35988888888889,12.524666666666675
2022-09-26 04:00:00,91.33007407407406,13.327666666666673
2022-09-26 04:30:00,91.59303703703705,13.091066666666677
2022-09-26 05:00:00,92.22770370370371,13.477800000000016
2022-09-26 05:30:00,92.10625925925925,13.978600000000029
2022-09-26 06:00:00,92.35662962962962,13.61060000000002
2022-09-26 06:30:00,92.10933333333332,14.064866666666688
2022-09-26 07:00:00,90.96762962962963,15.045933333333338
2022-09-26 07:30:00,88.79848148148147,14.922799999999995
2022-09-26 08:00:00,86.21974074074075,17.028266666666653
2022-09-26 08:30:00,81.98818518518519,17.849800000000016
2022-09-26 09:00:00,77.9864074074074,16.64633333333333
2022-09-26 09:30:00,76.07274074074074,12.800066666666666
2022-09-26 10:00:00,76.71851851851851,12.381133333333352
2022-09-26 10:30:00,77.11151851851851,12.73126666666667
2022-09-26 11:00:00,77.22962962962964,9.612400000000008
2022-09-26 11:30:00,75.8868888888889,24.24000000000001
2022-09-26 12:00:00,78.99903703703704,20.241199999999992
2022-09-26 12:30:00,85.23096296296296,23.61406666666666
2022-09-26 13:00:00,88.83037037037037,22.707199999999986
2022-09-26 13:30:00,91.59274074074074,18.94946666666668
2022-09-26 14:00:00,93.22077777777777,18.311866666666674
2022-09-26 14:30:00,94.23937037037038,17.274
2022-09-26 15:00:00,94.70507407407408,16.60326666666667
2022-09-26 15:30:00,94.79966666666665,16.115600000000015
2022-09-26 16:00:00,95.06755555555554,15.835000000000022
2022-09-26 16:30:00,94.89625925925925,15.74420000000002
2022-09-26 17:00:00,95.03062962962964,15.533000000000015
2022-09-26 17:30:00,94.77414814814814,14.637133333333338
2022-09-26 18:00:00,94.8335925925926,14.8814
2022-09-26 18:30:00,95.0377037037037,15.048200000000008
2022-09-26 19:00:00,95.18355555555554,15.79106666666668
2022-09-26 19:30:00,95.02418518518519,15.154000000000025
2022-09-26 20:00:00,95.11374074074075,15.499333333333325
2022-09-26 20:30:00,95.08462962962965,15.167266666666663
2022-09-26 21:00:00,94.42496296296297,15.814133333333345
2022-09-26 21:30:00,93.99074074074073,15.449466666666666
2022-09-26 22:00:00,94.18596296296295,15.351400000000012
2022-09-26 22:30:00,94.73237037037036,15.555333333333351
2022-09-26 23:00:00,95.00477777777779,15.309600000000017
2022-09-26 23:30:00,95.04662962962963,15.239266666666666
2022-09-27 00:00:00,95.08485185185185,15.006333333333345
2022-09-27 00:30:00,95.10377777777778,15.066799999999986
2022-09-27 01:00:00,95.38303703703703,14.87486666666669
2022-09-27 01:30:00,95.30937037037036,15.093666666666692
2022-09-27 02:00:00,95.37655555555556,14.961666666666659
2022-09-27 02:30:00,95.28244444444445,14.820066666666662
2022-09-27 03:00:00,95.15666666666668,14.921266666666682
2022-09-27 03:30:00,95.48685185185185,15.361199999999997
2022-09-27 04:00:00,95.21603703703701,15.345266666666674
2022-09-27 04:30:00,95.05007407407408,15.188866666666655
2022-09-27 05:00:00,94.67233333333333,14.968933333333325
2022-09-27 05:30:00,94.899,15.339866666666666
2022-09-27 06:00:00,94.78903703703703,15.08893333333333
2022-09-27 06:30:00,94.13985185185183,14.846466666666672
2022-09-27 07:00:00,92.42981481481482,16.043866666666673
2022-09-27 07:30:00,88.64544444444444,16.954666666666697
2022-09-27 08:00:00,83.45544444444445,15.792000000000002
2022-09-27 08:30:00,79.45196296296295,14.554066666666671
2022-09-27 09:00:00,76.51766666666667,14.770666666666656
2022-09-27 09:30:00,74.25066666666666,15.288999999999973
2022-09-27 10:00:00,72.37477777777778,9.256066666666669
2022-09-27 10:30:00,69.11255555555556,15.67146666666666
2022-09-27 11:00:00,68.36114814814815,18.77713333333333
2022-09-27 11:30:00,68.61455555555555,26.417799999999986
2022-09-27 12:00:00,67.17966666666666,29.04139999999999
2022-09-27 12:30:00,66.05585185185186,25.99793333333332
2022-09-27 13:00:00,72.05403703703705,18.779466666666657
2022-09-27 13:30:00,73.85585185185185,13.567000000000007
2022-09-27 14:00:00,73.81970370370371,13.243133333333347
2022-09-27 14:30:00,72.02855555555556,15.143400000000014
2022-09-27 15:00:00,72.5445925925926,15.629533333333342
2022-09-27 15:30:00,73.99281481481482,13.821799999999996
2022-09-27 16:00:00,76.73348148148148,12.853133333333332
2022-09-27 16:30:00,80.68,13.207600000000014
2022-09-27 17:00:00,83.31625925925927,13.289866666666654
2022-09-27 17:30:00,85.11962962962963,13.910800000000009
2022-09-27 18:00:00,85.77251851851852,13.492800000000003
2022-09-27 18:30:00,86.33711111111113,13.742133333333328
2022-09-27 19:00:00,86.79181481481481,13.997933333333336
2022-09-27 19:30:00,87.16329629629631,14.20253333333335
2022-09-27 20:00:00,87.60325925925925,13.8476
2022-09-27 20:30:00,88.28214814814815,13.720399999999998
2022-09-27 21:00:00,88.9568148148148,14.068066666666667
2022-09-27 21:30:00,89.01885185185185,13.613133333333337
2022-09-27 22:00:00,89.16296296296295,14.572066666666657
2022-09-27 22:30:00,89.922,15.713733333333337
2022-09-27 23:00:00,91.2344074074074,15.946600000000004
2022-09-27 23:30:00,91.99003703703704,16.153000000000006
2022-09-28 00:00:00,92.73003703703704,16.00779999999999
2022-09-28 00:30:00,93.08566666666667,16.000066666666683
2022-09-28 01:00:00,93.80351851851852,15.517666666666685
2022-09-28 01:30:00,93.97348148148147,15.522266666666667
2022-09-28 02:00:00,94.0817037037037,15.567533333333358
2022-09-28 02:30:00,94.51674074074074,15.619066666666683
2022-09-28 03:00:00,94.63192592592593,15.365666666666655
2022-09-28 03:30:00,94.81003703703705,15.165399999999991
2022-09-28 04:00:00,95.11622222222222,14.707000000000022
2022-09-28 04:30:00,95.13637037037036,14.854933333333335
2022-09-28 05:00:00,95.31922222222221,14.77846666666666
2022-09-28 05:30:00,95.61111111111111,14.734200000000001
2022-09-28 06:00:00,95.91662962962964,15.065399999999997
2022-09-28 06:30:00,96.02477777777777,15.51773333333334
2022-09-28 07:00:00,95.75259259259259,15.237266666666656
2022-09-28 07:30:00,95.666,15.624400000000009
2022-09-28 08:00:00,95.466,15.619600000000005
2022-09-28 08:30:00,94.3411111111111,15.858933333333326
2022-09-28 09:00:00,92.67774074074075,17.399933333333337
2022-09-28 09:30:00,91.75666666666666,18.54333333333335
2022-09-28 10:00:00,90.59985185185185,19.684333333333328
2022-09-28 10:30:00,89.1761111111111,18.77540000000002
2022-09-28 11:00:00,88.60637037037037,17.611400000000003
2022-09-28 11:30:00,88.36166666666666,19.40206666666667
2022-09-28 12:00:00,85.3474814814815,17.42540000000001
2022-09-28 12:30:00,81.31833333333333,15.758866666666663
2022-09-28 13:00:00,78.77859259259259,14.154533333333347
2022-09-28 13:30:00,80.92692592592591,15.768866666666653
2022-09-28 14:00:00,85.92296296296296,14.716000000000008
2022-09-28 14:30:00,88.39329629629628,17.893600000000006
2022-09-28 15:00:00,88.97203703703705,18.171333333333337
2022-09-28 15:30:00,90.03233333333333,16.48033333333335
2022-09-28 16:00:00,91.13055555555556,16.574600000000004
2022-09-28 16:30:00,92.08425925925926,15.77173333333333
2022-09-28 17:00:00,92.83611111111112,16.132600000000025
2022-09-28 17:30:00,93.75514814814814,15.950133333333355
2022-09-28 18:00:00,94.43277777777777,16.43126666666666
2022-09-28 18:30:00,94.51818518518519,16.71606666666665
2022-09-28 19:00:00,94.72537037037037,15.632999999999996
2022-09-28 19:30:00,95.09548148148149,15.939333333333352
2022-09-28 20:00:00,95.41644444444445,16.179000000000002
2022-09-28 20:30:00,95.76781481481481,15.781866666666673
2022-09-28 21:00:00,95.87718518518517,15.884599999999992
2022-09-28 21:30:00,95.82096296296295,15.916333333333341
2022-09-28 22:00:00,95.87766666666668,16.187533333333334
2022-09-28 22:30:00,95.84966666666666,16.194866666666655
2022-09-28 23:00:00,95.79262962962963,16.208733333333342
2022-09-28 23:30:00,95.74103703703705,15.562133333333335
2022-09-29 00:00:00,95.83307407407409,15.637866666666667
2022-09-29 00:30:00,95.73792592592594,15.577733333333327
2022-09-29 01:00:00,95.62211111111111,15.227333333333348
2022-09-29 01:30:00,95.71037037037037,15.614200000000011
2022-09-29 02:00:00,95.70729629629629,15.40273333333333
2022-09-29 02:30:00,95.61014814814814,15.01033333333335
2022-09-29 03:00:00,95.78155555555556,15.679133333333326
2022-09-29 03:30:00,95.77640740740739,15.23260000000002
2022-09-29 04:00:00,96.045,15.759400000000014
2022-09-29 04:30:00,96.42633333333333,15.652733333333344
2022-09-29 05:00:00,96.23992592592592,16.041200000000003
2022-09-29 05:30:00,96.31859259259258,15.911933333333351
2022-09-29 06:00:00,96.33177777777777,16.55866666666668
2022-09-29 06:30:00,96.04848148148147,16.061000000000007
2022-09-29 07:00:00,95.31096296296295,15.54600000000002
2022-09-29 07:30:00,93.30551851851851,15.486666666666665
2022-09-29 08:00:00,92.312,15.883600000000001
2022-09-29 08:30:00,91.48396296296295,15.06773333333335
2022-09-29 09:00:00,92.49262962962963,15.413266666666672
2022-09-29 09:30:00,93.69737037037038,15.544799999999995
2022-09-29 10:00:00,94.41303703703703,14.593266666666679
2022-09-29 10:30:00,94.65603703703704,13.713066666666677
2022-09-29 11:00:00,94.82777777777777,14.56246666666668
2022-09-29 11:30:00,94.3565185185185,15.024333333333345
2022-09-29 12:00:00,92.88644444444445,15.248666666666665
2022-09-29 12:30:00,91.41766666666666,13.84353333333334
2022-09-29 13:00:00,89.45592592592592,16.83460000000001
2022-09-29 13:30:00,86.60418518518519,19.18833333333332
2022-09-29 14:00:00,84.43070370370371,18.8848
2022-09-29 14:30:00,81.0622962962963,15.076999999999998
2022-09-29 15:00:00,79.26077777777778,16.39580000000001
2022-09-29 15:30:00,78.38937037037037,16.021733333333344
2022-09-29 16:00:00,80.50055555555554,14.272333333333322
2022-09-29 16:30:00,82.81088888888888,12.985666666666674
2022-09-29 17:00:00,84.51470370370372,12.945533333333344
2022-09-29 17:30:00,86.80318518518519,13.723466666666653
2022-09-29 18:00:00,88.497,14.37866666666666
2022-09-29 18:30:00,89.45303703703703,16.164666666666662
2022-09-29 19:00:00,90.23529629629628,16.360533333333336
2022-09-29 19:30:00,91.1528148148148,17.437266666666673
2022-09-29 20:00:00,91.89437037037038,17.433466666666675
2022-09-29 20:30:00,91.95940740740743,17.0826
2022-09-29 21:00:00,91.42074074074074,16.888333333333335
2022-09-29 21:30:00,90.88851851851854,15.957200000000014
2022-09-29 22:00:00,90.92077777777779,16.3968
2022-09-29 22:30:00,91.07525925925927,16.26560000000002
2022-09-29 23:00:00,91.49370370370372,15.934000000000012
2022-09-29 23:30:00,91.94418518518518,15.174466666666675
2022-09-30 00:00:00,92.18933333333335,15.242666666666665
2022-09-30 00:30:00,92.25388888888887,15.290066666666675
2022-09-30 01:00:00,92.67103703703704,15.333666666666687
2022-09-30 01:30:00,92.84696296296295,14.72320000000002
2022-09-30 02:00:00,92.88425925925927,15.18146666666668
2022-09-30 02:30:00,93.07033333333332,14.835000000000022
2022-09-30 03:00:00,93.07462962962963,14.765933333333336
2022-09-30 03:30:00,92.95437037037037,14.676933333333352
2022-09-30 04:00:00,92.99825925925927,14.981933333333345
2022-09-30 04:30:00,92.79203703703703,13.822266666666664
2022-09-30 05:00:00,92.68488888888888,14.244533333333322
2022-09-30 05:30:00,92.41911111111112,14.532266666666672
2022-09-30 06:00:00,92.35451851851852,15.450799999999987
2022-09-30 06:30:00,90.90222222222222,13.689733333333336
2022-09-30 07:00:00,88.46811111111111,12.9114
2022-09-30 07:30:00,84.88514814814815,10.802266666666668
2022-09-30 08:00:00,80.80385185185185,8.699399999999997
2022-09-30 08:30:00,75.32659259259259,9.495199999999983
2022-09-30 09:00:00,69.25525925925926,14.753466666666668
2022-09-30 09:30:00,67.1822962962963,18.73506666666666
2022-09-30 10:00:00,66.35751851851852,18.121933333333317
2022-09-30 10:30:00,69.83325925925925,19.592066666666675
2022-09-30 11:00:00,71.87562962962963,17.866199999999992
2022-09-30 11:30:00,72.05303703703704,17.51106666666668
2022-09-30 12:00:00,71.0257037037037,20.256933333333336
2022-09-30 12:30:00,70.64433333333334,16.27919999999999
2022-09-30 13:00:00,69.82814814814814,15.698333333333323
2022-09-30 13:30:00,69.53118518518518,16.088333333333324
2022-09-30 14:00:00,69.5062962962963,14.834066666666672
2022-09-30 14:30:00,70.2875925925926,15.996133333333333
2022-09-30 15:00:00,70.8264814814815,15.457999999999984
2022-09-30 15:30:00,73.3482962962963,15.388933333333327
2022-09-30 16:00:00,77.65829629629629,13.37426666666667
2022-09-30 16:30:00,81.8264814814815,15.4272
2022-09-30 17:00:00,84.89807407407407,18.711866666666666
2022-09-30 17:30:00,86.04396296296296,16.365466666666663
2022-09-30 18:00:00,87.6738888888889,13.954533333333316
2022-09-30 18:30:00,91.09344444444444,17.456999999999994
2022-09-30 19:00:00,92.98188888888889,17.909666666666666
2022-09-30 19:30:00,93.2267037037037,16.918266666666668
2022-09-30 20:00:00,93.56474074074073,17.039199999999994
2022-09-30 20:30:00,93.76500000000001,17.11460000000001
2022-09-30 21:00:00,93.58262962962962,17.059066666666666
2022-09-30 21:30:00,93.1107037037037,17.168933333333328
2022-09-30 22:00:00,93.00233333333334,16.301333333333332
2022-09-30 22:30:00,92.91122222222222,16.69253333333333
2022-09-30 23:00:00,92.82351851851851,16.647266666666667
2022-09-30 23:30:00,92.35485185185186,15.87933333333335
2022-10-01 00:00:00,91.75448148148148,16.234666666666683
2022-10-01 00:30:00,92.44277777777778,16.21153333333335
2022-10-01 01:00:00,93.49555555555555,16.88426666666666
2022-10-01 01:30:00,93.7182962962963,17.445800000000006
2022-10-01 02:00:00,93.75303703703703,17.62600000000002
2022-10-01 02:30:00,94.15974074074074,17.596466666666643
2022-10-01 03:00:00,94.82644444444445,17.473533333333336
2022-10-01 03:30:00,95.2375925925926,17.197199999999995
2022-10-01 04:00:00,95.4847037037037,16.82860000000001
2022-10-01 04:30:00,95.38303703703703,16.70986666666667
2022-10-01 05:00:00,95.60218518518519,16.77213333333333
2022-10-01 05:30:00,95.56744444444445,16.34786666666666
2022-10-01 06:00:00,95.98759259259259,14.988600000000005
2022-10-01 06:30:00,96.09825925925924,15.62233333333333
2022-10-01 07:00:00,96.22444444444444,15.951733333333337
2022-10-01 07:30:00,96.52537037037037,16.44040000000001
2022-10-01 08:00:00,96.68744444444445,16.960400000000007
2022-10-01 08:30:00,96.72825925925925,16.570266666666683
2022-10-01 09:00:00,96.85329629629629,17.009400000000028
2022-10-01 09:30:00,96.83048148148148,18.932600000000008
2022-10-01 10:00:00,96.8988148148148,19.0612
2022-10-01 10:30:00,96.99018518518518,19.12740000000001
2022-10-01 11:00:00,97.07851851851852,19.317066666666676
2022-10-01 11:30:00,97.13203703703704,19.52919999999999
2022-10-01 12:00:00,96.88637037037036,19.869466666666682
2022-10-01 12:30:00,96.17133333333335,20.858599999999996
2022-10-01 13:00:00,95.47674074074074,20.793599999999998
2022-10-01 13:30:00,93.41985185185186,21.66940000000001
2022-10-01 14:00:00,92.87325925925927,17.506200000000007
2022-10-01 14:30:00,93.03022222222222,18.545333333333332
2022-10-01 15:00:00,92.33566666666667,17.83040000000001
2022-10-01 15:30:00,92.12585185185185,17.327000000000012
2022-10-01 16:00:00,93.47662962962961,17.706133333333327
2022-10-01 16:30:00,94.82644444444445,17.292266666666677
2022-10-01 17:00:00,95.94285185185184,17.00293333333336
2022-10-01 17:30:00,96.63303703703706,17.028733333333335
2022-10-01 18:00:00,96.75133333333332,17.143866666666668
2022-10-01 18:30:00,96.98007407407407,17.920600000000007
2022-10-01 19:00:00,97.04718518518519,17.809800000000024
2022-10-01 19:30:00,97.27822222222224,18.026333333333355
2022-10-01 20:00:00,97.08188888888888,18.297600000000003
2022-10-01 20:30:00,97.28374074074074,18.091866666666675
2022-10-01 21:00:00,97.1234074074074,17.218400000000017
2022-10-01 21:30:00,97.00696296296296,17.952266666666674
2022-10-01 22:00:00,97.17562962962963,17.940266666666673
2022-10-01 22:30:00,97.031,18.255733333333353
2022-10-01 23:00:00,97.3515925925926,18.72853333333333
2022-10-01 23:30:00,97.30392592592594,18.2782
2022-10-02 00:00:00,97.19144444444446,18.506933333333336
2022-10-02 00:30:00,97.39862962962962,18.668466666666674
2022-10-02 01:00:00,97.52403703703705,18.45346666666667
2022-10-02 01:30:00,97.47281481481483,18.57939999999998
2022-10-02 02:00:00,97.56955555555555,17.99300000000001
2022-10-02 02:30:00,97.624,18.422533333333348
2022-10-02 03:00:00,97.51659259259259,17.964666666666673
2022-10-02 03:30:00,97.67996296296296,17.76806666666667
2022-10-02 04:00:00,97.76525925925927,18.296866666666673
2022-10-02 04:30:00,97.64977777777779,18.205799999999996
2022-10-02 05:00:00,97.71440740740742,18.417533333333324
2022-10-02 05:30:00,97.66337037037037,18.49133333333333
2022-10-02 06:00:00,97.78962962962963,18.543266666666653
2022-10-02 06:30:00,97.76437037037037,19.079333333333338
2022-10-02 07:00:00,98.40485185185186,23.25373333333333
2022-10-02 07:30:00,98.09796296296297,23.442800000000005
2022-10-02 08:00:00,95.84655555555557,16.693066666666653
2022-10-02 08:30:00,93.52466666666666,18.280400000000014
2022-10-02 09:00:00,91.35137037037038,20.341533333333317
2022-10-02 09:30:00,87.43907407407409,22.036866666666683
2022-10-02 10:00:00,82.0458888888889,20.459199999999996
2022-10-02 10:30:00,78.1081111111111,16.778599999999997
2022-10-02 11:00:00,75.12337037037037,15.248533333333327
2022-10-02 11:30:00,72.13048148148148,11.615333333333325
2022-10-02 12:00:00,70.9908888888889,10.173866666666669
2022-10-02 12:30:00,69.5407037037037,13.175266666666673
2022-10-02 13:00:00,68.0447037037037,17.319466666666663
2022-10-02 13:30:00,67.57544444444446,18.02293333333334
2022-10-02 14:00:00,69.03925925925927,15.55373333333334
2022-10-02 14:30:00,70.6031111111111,12.84633333333332
2022-10-02 15:00:00,72.56592592592591,16.29806666666667
2022-10-02 15:30:00,75.39148148148146,13.011733333333325
2022-10-02 16:00:00,77.69048148148148,12.605266666666665
2022-10-02 16:30:00,78.3337037037037,10.9024
2022-10-02 17:00:00,81.92666666666668,11.432599999999994
2022-10-02 17:30:00,84.71366666666667,14.075333333333333
2022-10-02 18:00:00,86.91207407407407,15.762999999999977
2022-10-02 18:30:00,88.03629629629629,17.02966666666667
2022-10-02 19:00:00,88.91477777777777,17.056799999999996
2022-10-02 19:30:00,89.42785185185184,17.87039999999999
2022-10-02 20:00:00,89.78151851851854,18.317600000000013
2022-10-02 20:30:00,90.06307407407407,16.77640000000001
2022-10-02 21:00:00,90.6725925925926,17.25806666666668
2022-10-02 21:30:00,91.12125925925926,16.603066666666678
2022-10-02 22:00:00,91.8135185185185,16.826866666666675
2022-10-02 22:30:00,92.15281481481482,16.01126666666667
2022-10-02 23:00:00,92.42451851851852,15.810400000000001
2022-10-02 23:30:00,92.87955555555556,16.39233333333334
2022-10-03 00:00:00,93.056,16.448066666666676
2022-10-03 00:30:00,92.7766666666667,16.349599999999995
2022-10-03 01:00:00,92.98262962962963,16.40126666666667
2022-10-03 01:30:00,92.90592592592594,16.290866666666673
2022-10-03 02:00:00,92.23462962962962,15.483466666666672
2022-10-03 02:30:00,91.84848148148149,15.286400000000015
2022-10-03 03:00:00,91.3692962962963,15.187200000000018
2022-10-03 03:30:00,91.32925925925926,15.002266666666685
2022-10-03 04:00:00,91.25307407407406,15.300600000000017
2022-10-03 04:30:00,91.53333333333333,15.713000000000022
2022-10-03 05:00:00,91.67377777777777,16.549933333333342
2022-10-03 05:30:00,91.63544444444445,16.882466666666673
2022-10-03 06:00:00,91.50455555555556,16.6952
2022-10-03 06:30:00,87.71374074074075,17.364400000000003
2022-10-03 07:00:00,81.94414814814814,17.329800000000006
2022-10-03 07:30:00,76.94748148148149,17.202066666666667
2022-10-03 08:00:00,71.31362962962963,12.543066666666661
2022-10-03 08:30:00,68.45055555555555,14.796733333333329
2022-10-03 09:00:00,67.34403703703704,16.72106666666665
2022-10-03 09:30:00,66.77970370370369,16.474399999999996
2022-10-03 10:00:00,67.10944444444445,15.545666666666676
2022-10-03 10:30:00,66.89781481481481,15.667799999999993
2022-10-03 11:00:00,64.91911111111112,15.414733333333338
2022-10-03 11:30:00,64.35207407407408,15.950466666666664
2022-10-03 12:00:00,63.79911111111111,16.01753333333332
2022-10-03 12:30:00,62.959259259259255,16.57913333333333
2022-10-03 13:00:00,63.73107407407409,17.58493333333334
2022-10-03 13:30:00,64.4958888888889,21.547466666666658
2022-10-03 14:00:00,68.07155555555555,21.388533333333335
2022-10-03 14:30:00,70.97051851851853,19.802133333333316
2022-10-03 15:00:00,73.15274074074074,16.62586666666668
2022-10-03 15:30:00,75.20833333333331,14.642999999999986
2022-10-03 16:00:00,76.89011111111111,14.270133333333334
2022-10-03 16:30:00,79.83185185185187,14.385066666666674
2022-10-03 17:00:00,82.86044444444445,14.584199999999981
2022-10-03 17:30:00,84.79796296296298,14.808000000000007
2022-10-03 18:00:00,85.8521111111111,14.99866666666668
2022-10-03 18:30:00,86.52277777777778,14.687333333333328
2022-10-03 19:00:00,87.24677777777778,14.577866666666651
2022-10-03 19:30:00,87.59551851851853,15.58493333333331
2022-10-03 20:00:00,87.97811111111112,14.947400000000016
2022-10-03 20:30:00,88.7374074074074,16.0616
2022-10-03 21:00:00,88.98851851851852,15.163800000000023
2022-10-03 21:30:00,88.76633333333334,14.362666666666684
2022-10-03 22:00:00,88.9327037037037,14.978200000000001
2022-10-03 22:30:00,89.40559259259258,15.84686666666667
2022-10-03 23:00:00,89.71385185185186,15.521999999999991
2022-10-03 23:30:00,90.39429629629632,15.92486666666666
2022-10-04 00:00:00,90.9991851851852,15.633400000000009
2022-10-04 00:30:00,91.48362962962963,16.22373333333333
2022-10-04 01:00:00,91.93255555555555,15.78906666666667
2022-10-04 01:30:00,91.8225185185185,16.113133333333337
2022-10-04 02:00:00,91.86144444444443,15.468400000000003
2022-10-04 02:30:00,91.72448148148148,15.532333333333327
2022-10-04 03:00:00,92.52059259259259,16.452600000000018
2022-10-04 03:30:00,92.5988888888889,16.44826666666667
2022-10-04 04:00:00,92.26774074074075,15.859333333333339
2022-10-04 04:30:00,91.72162962962963,15.210333333333352
2022-10-04 05:00:00,91.58951851851852,14.964066666666668
2022-10-04 05:30:00,91.7207037037037,14.975133333333346
2022-10-04 06:00:00,92.53296296296296,15.811066666666662
2022-10-04 06:30:00,92.24944444444445,15.431666666666672
2022-10-04 07:00:00,89.66651851851853,12.996600000000015
2022-10-04 07:30:00,87.02162962962963,12.417266666666663
2022-10-04 08:00:00,84.13722222222223,10.907266666666672
2022-10-04 08:30:00,80.66662962962964,10.337199999999996
2022-10-04 09:00:00,77.10392592592594,10.47793333333334
2022-10-04 09:30:00,75.01144444444444,11.371799999999993
2022-10-04 10:00:00,73.68214814814814,13.071400000000011
2022-10-04 10:30:00,73.61718518518518,10.590866666666656
2022-10-04 11:00:00,72.82344444444442,11.976200000000006
2022-10-04 11:30:00,69.86618518518519,12.532999999999987
2022-10-04 12:00:00,66.73007407407407,14.288266666666672
2022-10-04 12:30:00,66.2224074074074,14.400733333333335
2022-10-04 13:00:00,66.32340740740742,15.041466666666658
2022-10-04 13:30:00,65.54507407407408,17.783799999999992
2022-10-04 14:00:00,65.43585185185185,19.980866666666664
2022-10-04 14:30:00,66.106,21.04406666666665
2022-10-04 15:00:00,67.94207407407409,18.638666666666666
2022-10-04 15:30:00,70.33014814814814,15.79099999999999
2022-10-04 16:00:00,73.02888888888887,15.202666666666659
2022-10-04 16:30:00,76.26985185185184,13.37599999999999
2022-10-04 17:00:00,80.11574074074073,13.14973333333333
2022-10-04 17:30:00,83.50159259259259,14.228466666666662
2022-10-04 18:00:00,85.34266666666666,14.471133333333341
2022-10-04 18:30:00,85.8714074074074,14.136399999999995
2022-10-04 19:00:00,86.51096296296298,13.883666666666642
2022-10-04 19:30:00,86.68525925925925,13.687333333333314
2022-10-04 20:00:00,86.9962962962963,14.085200000000015
2022-10-04 20:30:00,87.4945185185185,14.000666666666675
2022-10-04 21:00:00,87.86574074074073,14.094133333333332
2022-10-04 21:30:00,88.592,15.401933333333346
2022-10-04 22:00:00,89.11618518518519,15.717266666666674
2022-10-04 22:30:00,89.24803703703704,15.607
2022-10-04 23:00:00,89.38937037037039,15.708200000000005
2022-10-04 23:30:00,90.28229629629631,15.938200000000009
2022-10-05 00:00:00,90.75796296296295,16.0612
2022-10-05 00:30:00,91.16114814814813,16.059600000000017
2022-10-05 01:00:00,91.2671111111111,16.104466666666667
2022-10-05 01:30:00,91.55762962962963,14.90133333333334
2022-10-05 02:00:00,92.0712962962963,14.690600000000003
2022-10-05 02:30:00,92.55888888888889,15.700800000000001
2022-10-05 03:00:00,92.69374074074075,16.69666666666666
2022-10-05 03:30:00,92.43866666666668,16.94879999999999
2022-10-05 04:00:00,91.94896296296298,16.025466666666674
2022-10-05 04:30:00,92.01585185185185,15.86093333333335
2022-10-05 05:00:00,91.94392592592592,15.103533333333331
2022-10-05 05:30:00,92.4505185185185,15.85053333333336
2022-10-05 06:00:00,92.50592592592594,15.752933333333345
2022-10-05 06:30:00,89.62899999999999,13.653133333333358
2022-10-05 07:00:00,85.58822222222221,12.163266666666658
2022-10-05 07:30:00,80.28685185185185,10.682066666666685
2022-10-05 08:00:00,77.49348148148148,15.287466666666674
2022-10-05 08:30:00,76.09166666666667,13.549199999999985
2022-10-05 09:00:00,73.12329629629629,11.875866666666667
2022-10-05 09:30:00,73.23144444444443,10.447066666666672
2022-10-05 10:00:00,72.17644444444443,12.437400000000011
2022-10-05 10:30:00,71.81085185185185,11.388466666666659
2022-10-05 11:00:00,70.2187037037037,12.773399999999995
2022-10-05 11:30:00,68.53466666666667,14.666466666666672
2022-10-05 12:00:00,66.31477777777778,15.425066666666659
2022-10-05 12:30:00,66.2054074074074,17.15113333333334
2022-10-05 13:00:00,66.84177777777776,17.68773333333334
2022-10-05 13:30:00,67.44244444444445,18.125800000000005
2022-10-05 14:00:00,67.58585185185186,18.552999999999997
2022-10-05 14:30:00,68.19366666666666,17.636266666666664
2022-10-05 15:00:00,68.55433333333333,17.07593333333333
2022-10-05 15:30:00,70.23129629629629,16.381133333333345
2022-10-05 16:00:00,72.1314074074074,11.640933333333336
2022-10-05 16:30:00,74.9429259259259,14.927266666666668
2022-10-05 17:00:00,78.95007407407407,15.62093333333334
2022-10-05 17:30:00,82.4831111111111,13.799400000000006
2022-10-05 18:00:00,84.68255555555555,14.705799999999996
2022-10-05 18:30:00,85.57144444444445,14.613133333333323
2022-10-05 19:00:00,85.93225925925925,15.696066666666681
2022-10-05 19:30:00,86.13177777777777,15.88506666666666
2022-10-05 20:00:00,86.3848888888889,15.270800000000008
2022-10-05 20:30:00,86.74462962962963,14.431399999999996
2022-10-05 21:00:00,87.32792592592592,13.386399999999995
2022-10-05 21:30:00,87.5112962962963,13.948800000000006
2022-10-05 22:00:00,87.4925925925926,14.333600000000018
2022-10-05 22:30:00,88.57362962962962,15.167000000000002
2022-10-05 23:00:00,89.1472962962963,15.287599999999998
2022-10-05 23:30:00,89.23099999999998,14.837066666666686
2022-10-06 00:00:00,89.8834814814815,14.699466666666666
2022-10-06 00:30:00,90.13100000000001,14.79506666666667
2022-10-06 01:00:00,90.80814814814815,15.285200000000003
2022-10-06 01:30:00,91.09729629629629,14.353799999999993
2022-10-06 02:00:00,91.6344074074074,15.138199999999998
2022-10-06 02:30:00,92.09862962962963,14.635133333333343
2022-10-06 03:00:00,92.02022222222223,15.107600000000005
2022-10-06 03:30:00,92.14037037037038,15.790266666666668
2022-10-06 04:00:00,92.42437037037037,15.374400000000009
2022-10-06 04:30:00,92.86522222222223,15.929400000000001
2022-10-06 05:00:00,92.67918518518519,15.31986666666667
2022-10-06 05:30:00,92.92414814814816,15.514466666666664
2022-10-06 06:00:00,92.55685185185185,15.84593333333332
2022-10-06 06:30:00,89.14337037037038,16.344600000000028
2022-10-06 07:00:00,83.68014814814815,16.646533333333338
2022-10-06 07:30:00,78.13211111111112,15.104933333333335
2022-10-06 08:00:00,73.80155555555557,10.772599999999997
2022-10-06 08:30:00,69.98007407407407,12.511533333333325
2022-10-06 09:00:00,66.89755555555557,18.842066666666653
2022-10-06 09:30:00,64.50096296296297,22.229666666666667
2022-10-06 10:00:00,63.18662962962963,23.26386666666665
2022-10-06 10:30:00,62.65059259259259,20.44233333333333
2022-10-06 11:00:00,63.071666666666665,22.308400000000006
2022-10-06 11:30:00,65.36188888888888,18.9854
2022-10-06 12:00:00,64.00677777777778,15.585666666666654
2022-10-06 12:30:00,63.25918518518519,18.647933333333327
2022-10-06 13:00:00,63.39185185185186,18.52993333333334
2022-10-06 13:30:00,63.41214814814815,17.25379999999999
2022-10-06 14:00:00,63.60314814814814,19.31620000000001
2022-10-06 14:30:00,64.71348148148147,19.804266666666663
2022-10-06 15:00:00,65.90496296296297,19.084400000000002
2022-10-06 15:30:00,67.30096296296296,17.354266666666675
2022-10-06 16:00:00,70.40162962962964,16.499399999999994
2022-10-06 16:30:00,74.71655555555554,14.400666666666666
2022-10-06 17:00:00,79.41233333333332,12.870800000000017
2022-10-06 17:30:00,82.70551851851853,13.945800000000006
2022-10-06 18:00:00,83.48425925925925,13.054933333333324
2022-10-06 18:30:00,84.03314814814814,12.715733333333347
2022-10-06 19:00:00,84.39937037037036,13.798733333333345
2022-10-06 19:30:00,84.26407407407409,12.70819999999999
2022-10-06 20:00:00,84.1421111111111,12.921933333333314
2022-10-06 20:30:00,84.52103703703705,14.15339999999999
2022-10-06 21:00:00,85.52696296296297,17.99459999999999
2022-10-06 21:30:00,86.21696296296295,17.836399999999998
2022-10-06 22:00:00,86.94496296296296,16.295533333333324
2022-10-06 22:30:00,86.97714814814816,14.784999999999997
2022-10-06 23:00:00,86.88229629629629,12.55640000000001
2022-10-06 23:30:00,86.5731851851852,13.12726666666667
2022-10-07 00:00:00,86.85692592592594,13.67946666666667
2022-10-07 00:30:00,87.55011111111111,13.407666666666671
2022-10-07 01:00:00,88.28862962962963,13.573666666666668
2022-10-07 01:30:00,89.15166666666666,14.260866666666672
2022-10-07 02:00:00,89.53459259259259,14.0668
2022-10-07 02:30:00,89.72688888888888,13.989666666666665
2022-10-07 03:00:00,89.57637037037037,14.19353333333332
2022-10-07 03:30:00,89.48318518518519,13.407066666666665
2022-10-07 04:00:00,89.68555555555555,13.202066666666681
2022-10-07 04:30:00,89.84866666666667,13.258199999999988
2022-10-07 05:00:00,89.45451851851854,14.358533333333341
2022-10-07 05:30:00,88.76618518518518,13.200000000000017
2022-10-07 06:00:00,88.98081481481479,13.13473333333333
2022-10-07 06:30:00,87.7387037037037,13.118133333333333
2022-10-07 07:00:00,83.06181481481482,11.834733333333347
2022-10-07 07:30:00,78.78774074074073,9.651599999999988
2022-10-07 08:00:00,77.66796296296296,13.659333333333336
2022-10-07 08:30:00,77.13592592592592,15.158333333333331
2022-10-07 09:00:00,71.34977777777777,22.959999999999994
2022-10-07 09:30:00,68.23244444444444,23.449533333333328
2022-10-07 10:00:00,67.5102962962963,20.225133333333325
2022-10-07 10:30:00,66.24103703703703,14.875933333333336
2022-10-07 11:00:00,63.37196296296296,18.585933333333344
2022-10-07 11:30:00,63.726444444444446,16.88386666666667
2022-10-07 12:00:00,63.872592592592596,20.704199999999993
2022-10-07 12:30:00,63.58488888888889,19.437733333333334
2022-10-07 13:00:00,64.02440740740741,19.73046666666668
2022-10-07 13:30:00,64.86399999999999,20.06646666666667
2022-10-07 14:00:00,65.59833333333333,19.141
2022-10-07 14:30:00,66.11114814814813,18.858866666666664
2022-10-07 15:00:00,67.75181481481481,19.128933333333336
2022-10-07 15:30:00,69.18518518518518,19.451866666666653
2022-10-07 16:00:00,72.93951851851851,16.20806666666666
2022-10-07 16:30:00,76.39492592592593,13.493666666666655
2022-10-07 17:00:00,79.53281481481481,13.085733333333323
2022-10-07 17:30:00,81.03333333333333,13.487466666666677
2022-10-07 18:00:00,82.05266666666665,14.170333333333346
2022-10-07 18:30:00,82.77859259259259,15.19446666666667
2022-10-07 19:00:00,83.38437037037038,14.875799999999998
2022-10-07 19:30:00,83.98696296296296,13.873866666666657
2022-10-07 20:00:00,84.69303703703703,14.037133333333344
2022-10-07 20:30:00,85.02470370370371,14.269800000000032
2022-10-07 21:00:00,85.18888888888887,13.693800000000024
2022-10-07 21:30:00,84.97188888888888,12.231000000000009
2022-10-07 22:00:00,85.04122222222222,11.899199999999993
2022-10-07 22:30:00,85.52692592592592,12.399333333333317
2022-10-07 23:00:00,86.14774074074074,12.111266666666666
2022-10-07 23:30:00,87.06685185185184,13.70253333333332
2022-10-08 00:00:00,87.72440740740743,14.475066666666677
2022-10-08 00:30:00,87.86733333333333,13.888800000000003
2022-10-08 01:00:00,87.79396296296296,13.564933333333329
2022-10-08 01:30:00,88.02718518518516,13.31653333333334
2022-10-08 02:00:00,88.22596296296297,13.735466666666667
2022-10-08 02:30:00,88.2287037037037,14.085666666666683
2022-10-08 03:00:00,88.45896296296297,13.829733333333351
2022-10-08 03:30:00,88.91833333333335,13.827400000000011
2022-10-08 04:00:00,89.12485185185184,14.471000000000018
2022-10-08 04:30:00,89.64074074074072,14.319933333333339
2022-10-08 05:00:00,89.80788888888888,14.836733333333328
2022-10-08 05:30:00,89.90262962962963,14.719133333333332
2022-10-08 06:00:00,89.77392592592592,15.000666666666675
2022-10-08 06:30:00,88.91866666666667,13.883800000000008
2022-10-08 07:00:00,87.23737037037037,12.822733333333332
2022-10-08 07:30:00,83.96892592592593,9.79073333333335
2022-10-08 08:00:00,77.45440740740742,6.96693333333333
2022-10-08 08:30:00,70.73777777777778,14.431466666666637
2022-10-08 09:00:00,68.2882962962963,14.59086666666667
2022-10-08 09:30:00,66.74762962962963,12.824866666666658
2022-10-08 10:00:00,67.64777777777778,11.964399999999998
2022-10-08 10:30:00,65.1672962962963,17.775733333333328
2022-10-08 11:00:00,65.10537037037037,18.491533333333336
2022-10-08 11:30:00,66.46837037037038,14.796933333333342
2022-10-08 12:00:00,68.47548148148148,17.78600000000001
2022-10-08 12:30:00,71.93796296296297,23.099999999999994
2022-10-08 13:00:00,72.44592592592592,18.658866666666647
2022-10-08 13:30:00,69.82633333333332,17.57713333333333
2022-10-08 14:00:00,68.49777777777778,19.316133333333333
2022-10-08 14:30:00,69.60614814814815,13.398466666666664
2022-10-08 15:00:00,72.89481481481481,13.690066666666667
2022-10-08 15:30:00,75.22751851851852,12.9726
2022-10-08 16:00:00,77.24014814814814,13.754866666666658
2022-10-08 16:30:00,79.13503703703704,13.128600000000048
2022-10-08 17:00:00,81.37514814814816,13.320599999999985
2022-10-08 17:30:00,82.98355555555555,14.47686666666668
2022-10-08 18:00:00,83.98599999999999,14.256400000000028
2022-10-08 18:30:00,84.51503703703705,14.458933333333363
2022-10-08 19:00:00,85.07574074074074,14.617666666666665
2022-10-08 19:30:00,85.08485185185185,14.98066666666665
2022-10-08 20:00:00,85.42918518518519,14.432533333333353
2022-10-08 20:30:00,86.35866666666666,15.050600000000003
2022-10-08 21:00:00,86.81203703703704,14.855933333333326
2022-10-08 21:30:00,87.29518518518518,15.81013333333334
2022-10-08 22:00:00,87.80148148148149,15.938266666666664
2022-10-08 22:30:00,88.53066666666669,16.642066666666665
2022-10-08 23:00:00,88.98574074074074,16.27900000000001
2022-10-08 23:30:00,89.36040740740742,15.989400000000003
2022-10-09 00:00:00,89.75711111111112,16.19673333333334
2022-10-09 00:30:00,89.70237037037037,16.3288
2022-10-09 01:00:00,90.49007407407407,17.002200000000016
2022-10-09 01:30:00,90.14122222222223,16.26546666666667
2022-10-09 02:00:00,90.0731851851852,16.218400000000017
2022-10-09 02:30:00,89.93481481481481,15.22520000000003
2022-10-09 03:00:00,90.30355555555555,14.687399999999997
2022-10-09 03:30:00,90.98848148148147,15.343133333333355
2022-10-09 04:00:00,91.30107407407407,15.665000000000006
2022-10-09 04:30:00,91.61992592592593,16.60900000000001
2022-10-09 05:00:00,91.8458888888889,16.353133333333346
2022-10-09 05:30:00,91.93933333333331,16.145733333333325
2022-10-09 06:00:00,91.5535185185185,15.500133333333324
2022-10-09 06:30:00,87.79544444444446,17.254333333333335
2022-10-09 07:00:00,82.00970370370369,17.645266666666657
2022-10-09 07:30:00,76.33433333333333,16.18713333333335
2022-10-09 08:00:00,70.48877777777777,11.495533333333334
2022-10-09 08:30:00,67.4172962962963,14.215000000000003
2022-10-09 09:00:00,65.46014814814814,16.702666666666673
2022-10-09 09:30:00,62.46918518518518,22.914266666666663
2022-10-09 10:00:00,61.331407407407404,20.87053333333334
2022-10-09 10:30:00,61.903888888888886,17.750600000000006
2022-10-09 11:00:00,62.83366666666666,15.523533333333333
2022-10-09 11:30:00,62.64655555555555,19.14313333333334
2022-10-09 12:00:00,75.59351851851852,32.640133333333324
2022-10-09 12:30:00,90.51659259259259,25.989733333333334
2022-10-09 13:00:00,93.29696296296297,20.67513333333332
2022-10-09 13:30:00,94.05503703703704,19.137200000000007
2022-10-09 14:00:00,94.63285185185185,18.581999999999994
2022-10-09 14:30:00,94.53548148148147,17.44553333333333
2022-10-09 15:00:00,94.3568888888889,17.88133333333336
2022-10-09 15:30:00,93.00107407407408,18.39106666666666
2022-10-09 16:00:00,91.66951851851852,18.84666666666668
2022-10-09 16:30:00,91.09314814814815,20.07913333333333
2022-10-09 17:00:00,90.93555555555555,19.20540000000001
2022-10-09 17:30:00,91.37866666666667,19.601866666666666
2022-10-09 18:00:00,92.05681481481481,19.541533333333348
2022-10-09 18:30:00,92.01648148148149,19.510333333333335
2022-10-09 19:00:00,92.31670370370371,20.396066666666655
2022-10-09 19:30:00,92.30585185185186,19.536999999999992
2022-10-09 20:00:00,92.87474074074075,19.258533333333318
2022-10-09 20:30:00,93.13692592592594,19.169133333333335
2022-10-09 21:00:00,93.57300000000001,18.756933333333322
2022-10-09 21:30:00,93.76100000000001,19.444066666666686
2022-10-09 22:00:00,93.80881481481482,18.99973333333334
2022-10-09 22:30:00,93.6818148148148,19.145399999999995
2022-10-09 23:00:00,94.1302962962963,18.162333333333322
2022-10-09 23:30:00,94.63777777777777,17.677333333333323
2022-10-10 00:00:00,94.85899999999998,17.403800000000004
2022-10-10 00:30:00,95.01914814814815,17.376866666666672
2022-10-10 01:00:00,95.29677777777778,17.40626666666668
2022-10-10 01:30:00,95.31677777777777,17.276733333333354
2022-10-10 02:00:00,95.67603703703702,16.566733333333346
2022-10-10 02:30:00,95.88196296296297,15.96820000000001
2022-10-10 03:00:00,95.90144444444445,16.15813333333334
2022-10-10 03:30:00,96.0192962962963,16.520733333333325
2022-10-10 04:00:00,96.09062962962963,16.23386666666667
2022-10-10 04:30:00,95.98477777777778,16.099000000000018
2022-10-10 05:00:00,96.14914814814816,15.46126666666666
2022-10-10 05:30:00,96.1738888888889,16.529533333333333
2022-10-10 06:00:00,96.11974074074074,17.048333333333332
2022-10-10 06:30:00,93.95644444444446,19.857733333333343
2022-10-10 07:00:00,90.01311111111112,22.96860000000001
2022-10-10 07:30:00,83.4432962962963,23.568066666666667
2022-10-10 08:00:00,76.122,24.045666666666648
2022-10-10 08:30:00,72.45707407407407,24.08333333333333
2022-10-10 09:00:00,69.73296296296297,21.784266666666667
2022-10-10 09:30:00,65.95966666666666,17.669200000000004
2022-10-10 10:00:00,66.0905925925926,16.691866666666655
2022-10-10 10:30:00,65.30811111111112,18.787933333333328
2022-10-10 11:00:00,61.882925925925925,19.984333333333332
2022-10-10 11:30:00,61.28333333333333,11.662800000000004
2022-10-10 12:00:00,63.68951851851851,9.606533333333331
2022-10-10 12:30:00,63.24233333333333,8.913466666666679
2022-10-10 13:00:00,61.35318518518519,12.390600000000006
2022-10-10 13:30:00,60.66185185185184,13.878200000000007
2022-10-10 14:00:00,61.55585185185186,16.017933333333318
2022-10-10 14:30:00,61.092407407407414,15.028266666666674
2022-10-10 15:00:00,61.75292592592593,16.425133333333335
2022-10-10 15:30:00,64.99714814814814,16.12993333333334
2022-10-10 16:00:00,72.72914814814814,15.2412
2022-10-10 16:30:00,75.53577777777778,10.435399999999987
2022-10-10 17:00:00,77.77103703703705,10.810933333333338
2022-10-10 17:30:00,79.87441666666666,11.276299999999992
2022-10-10 18:00:00,83.16185714285714,6.616016666666667
2022-10-10 18:30:00,85.15023809523811,6.421849999999992
2022-10-10 19:00:00,85.82395238095238,6.655850000000001
2022-10-10 19:30:00,85.17811111111111,4.752708333333331
2022-10-10 20:00:00,85.45216666666666,4.6908750000000055
2022-10-10 20:30:00,86.18933333333334,3.5627999999999815
2022-10-10 21:00:00,86.59075,3.1953583333333313
2022-10-10 21:30:00,86.92458333333333,2.6203749999999957
2022-10-10 22:00:00,87.16275,3.1624249999999847
2022-10-10 22:30:00,87.55075000000001,2.912224999999978
2022-10-10 23:00:00,87.80158333333333,2.686675000000008
2022-10-10 23:30:00,88.04974999999999,3.2731916666666763
2022-10-11 00:00:00,88.13525,3.7815750000000037
2022-10-11 00:30:00,88.60450000000002,3.6500500000000073
2022-10-11 01:00:00,88.86716666666668,4.481466666666677
2022-10-11 01:30:00,88.75441666666666,4.105675000000005
2022-10-11 02:00:00,89.09725000000002,4.795791666666659
2022-10-11 02:30:00,89.13308333333335,4.494541666666635
2022-10-11 03:00:00,88.92216666666667,4.5138999999999925
2022-10-11 03:30:00,89.05391666666667,5.173608333333334
2022-10-11 04:00:00,89.16516666666668,4.603100000000012
2022-10-11 04:30:00,89.63733333333334,5.068516666666639
2022-10-11 05:00:00,90.14408333333334,5.346508333333318
2022-10-11 05:30:00,90.01358333333333,5.428291666666681
2022-10-11 06:00:00,90.10516666666668,5.9988666666666575
2022-10-11 06:30:00,88.71991666666666,5.237325000000013
2022-10-11 07:00:00,87.31725,3.941408333333328
2022-10-11 07:30:00,85.53941666666667,1.6194916666666757
2022-10-11 08:00:00,82.53041666666665,3.223774999999989
2022-10-11 08:30:00,78.5145,5.360183333333325
2022-10-11 09:00:00,73.45591666666667,7.377958333333325
2022-10-11 09:30:00,70.46374999999999,9.590008333333316
2022-10-11 10:00:00,66.87074999999999,14.22732499999998
2022-10-11 10:30:00,65.41525,15.235625000000006
2022-10-11 11:00:00,63.949,16.72489999999999
2022-10-11 11:30:00,64.19983333333333,16.59696666666668
2022-10-11 12:00:00,65.08216666666667,10.382333333333335
2022-10-11 12:30:00,62.621249999999996,15.010958333333328
2022-10-11 13:00:00,62.14983333333333,15.33678333333333
2022-10-11 13:30:00,62.6985,16.21076666666667
2022-10-11 14:00:00,62.62174999999999,17.079408333333326
2022-10-11 14:30:00,62.40958333333333,20.18640833333334
2022-10-11 15:00:00,63.91575,21.611391666666655
2022-10-11 15:30:00,64.98258333333334,19.755808333333327
2022-10-11 16:00:00,67.14016666666667,18.833266666666667
2022-10-11 16:30:00,70.15983333333334,17.07363333333332
2022-10-11 17:00:00,74.14058333333334,14.089024999999992
2022-10-11 17:30:00,79.8265,12.0368
2022-10-11 18:00:00,82.42125,10.870325000000008
2022-10-11 18:30:00,83.61133333333333,7.283466666666698
2022-10-11 19:00:00,83.6125,2.910116666666667
2022-10-11 19:30:00,83.82508333333334,2.5878916666666782
2022-10-11 20:00:00,83.9675,1.9257999999999953
2022-10-11 20:30:00,84.93866666666668,2.0501833333333366
2022-10-11 21:00:00,85.2105,1.7409333333333308
2022-10-11 21:30:00,84.73841666666668,1.7628083333333109
2022-10-11 22:00:00,84.48125000000002,1.8838583333333077
2022-10-11 22:30:00,85.00658333333334,2.5614083333333184
2022-10-11 23:00:00,85.90916666666668,1.9710999999999927
2022-10-11 23:30:00,87.16025,2.4013083333333327
2022-10-12 00:00:00,87.75791666666667,2.604241666666667
2022-10-12 00:30:00,87.29708333333333,4.416691666666651
2022-10-12 01:00:00,87.43733333333333,4.954333333333338
2022-10-12 01:30:00,87.97766666666666,3.8135666666666594
2022-10-12 02:00:00,88.66833333333334,4.540966666666662
2022-10-12 02:30:00,89.35391666666666,5.207474999999988
2022-10-12 03:00:00,89.95599999999999,4.109483333333316
2022-10-12 03:30:00,90.54224999999998,4.1709916666666516
2022-10-12 04:00:00,90.67008333333332,4.332224999999994
2022-10-12 04:30:00,91.05208333333333,4.811841666666652
2022-10-12 05:00:00,91.37508333333334,4.4752750000000106
2022-10-12 05:30:00,91.59408333333334,5.065425000000019
2022-10-12 06:00:00,91.54208333333334,4.3068250000000035
2022-10-12 06:30:00,89.18016666666666,4.666116666666653
2022-10-12 07:00:00,83.37708333333335,5.8401250000000005
2022-10-12 07:30:00,75.94933333333333,10.702600000000004
2022-10-12 08:00:00,69.84966666666666,14.991233333333327
2022-10-12 08:30:00,67.41683333333334,14.650766666666662
2022-10-12 09:00:00,66.74758333333334,17.58949166666666
2022-10-12 09:30:00,64.49616666666667,17.444383333333327
2022-10-12 10:00:00,64.82166666666666,13.200033333333323
2022-10-12 10:30:00,66.05266666666667,11.955216666666658
2022-10-12 11:00:00,64.80516666666666,14.946466666666666
2022-10-12 11:30:00,64.5495,12.929200000000002
2022-10-12 12:00:00,64.57891666666667,10.965124999999986
2022-10-12 12:30:00,64.673,10.38941666666667
2022-10-12 13:00:00,69.38841666666667,17.22550833333333
2022-10-12 13:30:00,82.20533333333333,14.415483333333327
2022-10-12 14:00:00,89.64041666666668,7.823208333333326
2022-10-12 14:30:00,88.07750000000001,8.782083333333318
2022-10-12 15:00:00,85.62016666666666,14.325999999999993
2022-10-12 15:30:00,84.24333333333333,15.675049999999985
2022-10-12 16:00:00,83.47516666666667,16.821333333333328
2022-10-12 16:30:00,83.25616666666666,17.134100000000018
2022-10-12 17:00:00,83.73125,16.971824999999995
2022-10-12 17:30:00,84.99416666666667,15.42425
2022-10-12 18:00:00,86.12641666666667,14.701758333333359
2022-10-12 18:30:00,86.99375,13.019258333333354
2022-10-12 19:00:00,87.64741666666666,11.968275000000034
2022-10-12 19:30:00,88.04258333333333,11.695791666666636
2022-10-12 20:00:00,88.5955,10.711133333333322
2022-10-12 20:30:00,88.97841666666666,9.589841666666658
2022-10-12 21:00:00,89.21541666666667,9.838574999999992
2022-10-12 21:30:00,89.41816666666666,9.382916666666688
2022-10-12 22:00:00,89.50475,8.72437499999998
2022-10-12 22:30:00,90.31391666666667,8.34645833333333
2022-10-12 23:00:00,90.69683333333334,8.697616666666661
2022-10-12 23:30:00,90.83175,8.403391666666636
2022-10-13 00:00:00,91.14416666666666,6.259366666666679
2022-10-13 00:30:00,91.85875,7.088741666666635
2022-10-13 01:00:00,91.8925,6.622133333333338
2022-10-13 01:30:00,91.81341666666667,6.778208333333353
2022-10-13 02:00:00,92.14591666666666,7.160591666666676
2022-10-13 02:30:00,92.18775000000001,7.0624916666666735
2022-10-13 03:00:00,92.01350000000001,6.779266666666672
2022-10-13 03:30:00,92.31158333333333,6.84479166666668
2022-10-13 04:00:00,92.39299999999999,6.724533333333341
2022-10-13 04:30:00,92.23041666666666,7.048374999999993
2022-10-13 05:00:00,92.39341666666667,6.723558333333344
2022-10-13 05:30:00,92.348,6.387716666666677
2022-10-13 06:00:00,92.35924999999999,7.6394916666666575
2022-10-13 06:30:00,90.27850000000001,9.644999999999982
2022-10-13 07:00:00,85.94675000000001,13.10832499999998
2022-10-13 07:30:00,81.37225000000001,15.72785833333333
2022-10-13 08:00:00,76.78399999999999,18.280833333333305
2022-10-13 08:30:00,72.6035,22.092150000000004
2022-10-13 09:00:00,70.38175,24.814924999999995
2022-10-13 09:30:00,67.65083333333332,25.118649999999995
2022-10-13 10:00:00,65.0705,25.806933333333326
2022-10-13 10:30:00,63.74858333333334,26.875058333333335
2022-10-13 11:00:00,64.12166666666667,19.14078333333333
2022-10-13 11:30:00,63.91516666666667,19.420816666666674
2022-10-13 12:00:00,65.34741666666667,15.078758333333326
2022-10-13 12:30:00,65.70866666666666,16.36195
2022-10-13 13:00:00,65.48474999999999,20.922941666666667
2022-10-13 13:30:00,65.92225,21.104558333333337
2022-10-13 14:00:00,66.07583333333334,22.754583333333322
2022-10-13 14:30:00,66.79841666666665,22.51584166666666
2022-10-13 15:00:00,67.71333333333332,21.901716666666672
2022-10-13 15:30:00,69.03358333333333,19.791958333333334
2022-10-13 16:00:00,72.65366666666667,12.479449999999986
2022-10-13 16:30:00,76.20575,9.642025000000018
2022-10-13 17:00:00,79.47341666666667,11.475141666666659
2022-10-13 17:30:00,81.832,9.45313333333334
2022-10-13 18:00:00,83.07575,8.226124999999982
2022-10-13 18:30:00,83.57008333333332,7.16805833333332
2022-10-13 19:00:00,83.66366666666667,5.672000000000011
2022-10-13 19:30:00,84.20316666666666,5.485449999999986
2022-10-13 20:00:00,83.94875,5.163858333333323
2022-10-13 20:30:00,84.35083333333334,3.9512666666666547
2022-10-13 21:00:00,85.12091666666666,3.894091666666654
2022-10-13 21:30:00,85.48325,3.239041666666651
2022-10-13 22:00:00,85.405,2.18656666666665
2022-10-13 22:30:00,85.49516666666666,1.8651833333333059
2022-10-13 23:00:00,86.46983333333334,1.9196500000000185
2022-10-13 23:30:00,87.37408333333333,3.0827916666666795
2022-10-14 00:00:00,87.88083333333333,1.962066666666658
2022-10-14 00:30:00,88.18133333333333,2.162399999999991
2022-10-14 01:00:00,88.10916666666667,3.0707333333333224
2022-10-14 01:30:00,87.47808333333333,3.6405083333333152
2022-10-14 02:00:00,87.673,2.2613833333333417
2022-10-14 02:30:00,88.12616666666666,2.094399999999993
2022-10-14 03:00:00,87.62966666666667,2.101050000000015
2022-10-14 03:30:00,87.486,1.8153500000000093
2022-10-14 04:00:00,87.16408333333334,1.978808333333319
2022-10-14 04:30:00,87.076,2.3712166666666548
2022-10-14 05:00:00,87.35133333333333,3.62854999999999
2022-10-14 05:30:00,87.71358333333333,2.148108333333326
2022-10-14 06:00:00,87.75583333333334,2.106983333333332
2022-10-14 06:30:00,86.3985,2.4482166666666814
2022-10-14 07:00:00,82.21891666666667,3.8969083333333288
2022-10-14 07:30:00,80.3635,4.4789499999999975
2022-10-14 08:00:00,77.36749999999999,4.3228666666666555
2022-10-14 08:30:00,75.9035,7.734266666666656
2022-10-14 09:00:00,73.75358333333332,11.794324999999986
2022-10-14 09:30:00,77.276,10.806833333333344
2022-10-14 10:00:00,85.4835,15.342766666666662
2022-10-14 10:30:00,82.05983333333333,14.580300000000022
2022-10-14 11:00:00,75.35508333333333,15.567825
2022-10-14 11:30:00,69.85575,15.949824999999997
2022-10-14 12:00:00,65.74333333333334,14.112566666666673
2022-10-14 12:30:00,65.15516666666666,16.673300000000012
2022-10-14 13:00:00,65.50266666666667,17.770316666666666
2022-10-14 13:30:00,64.98058333333333,18.55045833333333
2022-10-14 14:00:00,64.01816666666667,18.654999999999994
2022-10-14 14:30:00,66.03058333333334,18.83347500000002
2022-10-14 15:00:00,67.67524999999999,20.47864166666666
2022-10-14 15:30:00,69.34766666666667,16.09061666666667
2022-10-14 16:00:00,71.63475,13.541541666666674
2022-10-14 16:30:00,75.70808333333333,13.39854166666666
2022-10-14 17:00:00,80.142,10.637616666666673
2022-10-14 17:30:00,82.1215,7.233166666666662
2022-10-14 18:00:00,82.569,3.713233333333349
2022-10-14 18:30:00,83.98311111111111,4.643916666666669
2022-10-14 19:00:00,85.86655555555556,4.382033333333325
2022-10-14 19:30:00,86.84011111111111,5.826033333333328
2022-10-14 20:00:00,86.2125,4.521683333333314
2022-10-14 20:30:00,85.97483333333332,2.69135
2022-10-14 21:00:00,86.60416666666667,1.8274833333333333
2022-10-14 21:30:00,87.08,0.0
2022-10-14 22:00:00,86.72133333333333,0.0
2022-10-14 22:30:00,87.43733333333334,0.0
2022-10-14 23:00:00,89.57,0.0
2022-10-14 23:30:00,,
2022-10-15 00:00:00,,
2022-10-15 00:30:00,,
2022-10-15 01:00:00,,
2022-10-15 01:30:00,,
2022-10-15 02:00:00,,
2022-10-15 02:30:00,,
2022-10-15 03:00:00,,
2022-10-15 03:30:00,,
2022-10-15 04:00:00,,
2022-10-15 04:30:00,,
2022-10-15 05:00:00,,
2022-10-15 05:30:00,,
2022-10-15 06:00:00,,
2022-10-15 06:30:00,,
2022-10-15 07:00:00,,
2022-10-15 07:30:00,,
2022-10-15 08:00:00,,
2022-10-15 08:30:00,,
2022-10-15 09:00:00,,
2022-10-15 09:30:00,,
2022-10-15 10:00:00,,
2022-10-15 10:30:00,,
2022-10-15 11:00:00,,
2022-10-15 11:30:00,,
2022-10-15 12:00:00,,
2022-10-15 12:30:00,,
2022-10-15 13:00:00,,
2022-10-15 13:30:00,,
2022-10-15 14:00:00,,
2022-10-15 14:30:00,,
2022-10-15 15:00:00,,
2022-10-15 15:30:00,,
2022-10-15 16:00:00,,
2022-10-15 16:30:00,,
2022-10-15 17:00:00,,
2022-10-15 17:30:00,,
2022-10-15 18:00:00,,
2022-10-15 18:30:00,,
2022-10-15 19:00:00,,
2022-10-15 19:30:00,,
2022-10-15 20:00:00,,
2022-10-15 20:30:00,,
2022-10-15 21:00:00,,
2022-10-15 21:30:00,,
2022-10-15 22:00:00,,
2022-10-15 22:30:00,,
2022-10-15 23:00:00,,
2022-10-15 23:30:00,,
2022-10-16 00:00:00,,
2022-10-16 00:30:00,,
2022-10-16 01:00:00,,
2022-10-16 01:30:00,,
2022-10-16 02:00:00,,
2022-10-16 02:30:00,,
2022-10-16 03:00:00,,
2022-10-16 03:30:00,,
2022-10-16 04:00:00,,
2022-10-16 04:30:00,,
2022-10-16 05:00:00,,
2022-10-16 05:30:00,,
2022-10-16 06:00:00,,
2022-10-16 06:30:00,,
2022-10-16 07:00:00,,
2022-10-16 07:30:00,,
2022-10-16 08:00:00,,
2022-10-16 08:30:00,,
2022-10-16 09:00:00,,
2022-10-16 09:30:00,,
2022-10-16 10:00:00,,
2022-10-16 10:30:00,,
2022-10-16 11:00:00,,
2022-10-16 11:30:00,,
2022-10-16 12:00:00,,
2022-10-16 12:30:00,,
2022-10-16 13:00:00,,
2022-10-16 13:30:00,,
2022-10-16 14:00:00,,
2022-10-16 14:30:00,,
2022-10-16 15:00:00,,
2022-10-16 15:30:00,,
2022-10-16 16:00:00,,
2022-10-16 16:30:00,,
2022-10-16 17:00:00,,
2022-10-16 17:30:00,,
2022-10-16 18:00:00,,
2022-10-16 18:30:00,,
2022-10-16 19:00:00,,
2022-10-16 19:30:00,,
2022-10-16 20:00:00,,
2022-10-16 20:30:00,,
2022-10-16 21:00:00,,
2022-10-16 21:30:00,,
2022-10-16 22:00:00,,
2022-10-16 22:30:00,,
2022-10-16 23:00:00,,
2022-10-16 23:30:00,,
2022-10-17 00:00:00,,
2022-10-17 00:30:00,,
2022-10-17 01:00:00,,
2022-10-17 01:30:00,,
2022-10-17 02:00:00,,
2022-10-17 02:30:00,,
2022-10-17 03:00:00,,
2022-10-17 03:30:00,,
2022-10-17 04:00:00,,
2022-10-17 04:30:00,,
2022-10-17 05:00:00,,
2022-10-17 05:30:00,,
2022-10-17 06:00:00,,
2022-10-17 06:30:00,,
2022-10-17 07:00:00,,
2022-10-17 07:30:00,,
2022-10-17 08:00:00,,
2022-10-17 08:30:00,,
2022-10-17 09:00:00,,
2022-10-17 09:30:00,,
2022-10-17 10:00:00,,
2022-10-17 10:30:00,,
2022-10-17 11:00:00,,
2022-10-17 11:30:00,,
2022-10-17 12:00:00,,
2022-10-17 12:30:00,,
2022-10-17 13:00:00,,
2022-10-17 13:30:00,,
2022-10-17 14:00:00,,
2022-10-17 14:30:00,,
2022-10-17 15:00:00,,
2022-10-17 15:30:00,,
2022-10-17 16:00:00,,
2022-10-17 16:30:00,,
2022-10-17 17:00:00,,
2022-10-17 17:30:00,,
2022-10-17 18:00:00,,
2022-10-17 18:30:00,,
2022-10-17 19:00:00,,
2022-10-17 19:30:00,,
2022-10-17 20:00:00,,
2022-10-17 20:30:00,,
2022-10-17 21:00:00,,
2022-10-17 21:30:00,,
2022-10-17 22:00:00,,
2022-10-17 22:30:00,,
2022-10-17 23:00:00,,
2022-10-17 23:30:00,,
2022-10-18 00:00:00,,
2022-10-18 00:30:00,,
2022-10-18 01:00:00,,
2022-10-18 01:30:00,,
2022-10-18 02:00:00,,
2022-10-18 02:30:00,,
2022-10-18 03:00:00,,
2022-10-18 03:30:00,,
2022-10-18 04:00:00,,
2022-10-18 04:30:00,,
2022-10-18 05:00:00,,
2022-10-18 05:30:00,,
2022-10-18 06:00:00,,
2022-10-18 06:30:00,,
2022-10-18 07:00:00,,
2022-10-18 07:30:00,,
2022-10-18 08:00:00,,
2022-10-18 08:30:00,,
2022-10-18 09:00:00,,
2022-10-18 09:30:00,,
2022-10-18 10:00:00,,
2022-10-18 10:30:00,,
2022-10-18 11:00:00,,
2022-10-18 11:30:00,,
2022-10-18 12:00:00,,
2022-10-18 12:30:00,,
2022-10-18 13:00:00,,
2022-10-18 13:30:00,,
2022-10-18 14:00:00,,
2022-10-18 14:30:00,,
2022-10-18 15:00:00,,
2022-10-18 15:30:00,,
2022-10-18 16:00:00,,
2022-10-18 16:30:00,,
2022-10-18 17:00:00,,
2022-10-18 17:30:00,,
2022-10-18 18:00:00,,
2022-10-18 18:30:00,,
2022-10-18 19:00:00,,
2022-10-18 19:30:00,,
2022-10-18 20:00:00,,
2022-10-18 20:30:00,,
2022-10-18 21:00:00,,
2022-10-18 21:30:00,,
2022-10-18 22:00:00,,
2022-10-18 22:30:00,,
2022-10-18 23:00:00,,
2022-10-18 23:30:00,,
2022-10-19 00:00:00,,
2022-10-19 00:30:00,,
2022-10-19 01:00:00,,
2022-10-19 01:30:00,,
2022-10-19 02:00:00,,
2022-10-19 02:30:00,,
2022-10-19 03:00:00,,
2022-10-19 03:30:00,,
2022-10-19 04:00:00,,
2022-10-19 04:30:00,,
2022-10-19 05:00:00,,
2022-10-19 05:30:00,,
2022-10-19 06:00:00,,
2022-10-19 06:30:00,,
2022-10-19 07:00:00,,
2022-10-19 07:30:00,,
2022-10-19 08:00:00,,
2022-10-19 08:30:00,,
2022-10-19 09:00:00,,
2022-10-19 09:30:00,,
2022-10-19 10:00:00,,
2022-10-19 10:30:00,,
2022-10-19 11:00:00,,
2022-10-19 11:30:00,,
2022-10-19 12:00:00,,
2022-10-19 12:30:00,,
2022-10-19 13:00:00,,
2022-10-19 13:30:00,,
2022-10-19 14:00:00,,
2022-10-19 14:30:00,,
2022-10-19 15:00:00,,
2022-10-19 15:30:00,,
2022-10-19 16:00:00,,
2022-10-19 16:30:00,,
2022-10-19 17:00:00,,
2022-10-19 17:30:00,,
2022-10-19 18:00:00,,
2022-10-19 18:30:00,,
2022-10-19 19:00:00,,
2022-10-19 19:30:00,,
2022-10-19 20:00:00,,
2022-10-19 20:30:00,,
2022-10-19 21:00:00,,
2022-10-19 21:30:00,,
2022-10-19 22:00:00,,
2022-10-19 22:30:00,,
2022-10-19 23:00:00,,
2022-10-19 23:30:00,,
2022-10-20 00:00:00,,
2022-10-20 00:30:00,,
2022-10-20 01:00:00,,
2022-10-20 01:30:00,,
2022-10-20 02:00:00,,
2022-10-20 02:30:00,,
2022-10-20 03:00:00,,
2022-10-20 03:30:00,,
2022-10-20 04:00:00,,
2022-10-20 04:30:00,,
2022-10-20 05:00:00,,
2022-10-20 05:30:00,,
2022-10-20 06:00:00,,
2022-10-20 06:30:00,,
2022-10-20 07:00:00,,
2022-10-20 07:30:00,,
2022-10-20 08:00:00,,
2022-10-20 08:30:00,,
2022-10-20 09:00:00,,
2022-10-20 09:30:00,,
2022-10-20 10:00:00,,
2022-10-20 10:30:00,,
2022-10-20 11:00:00,,
2022-10-20 11:30:00,,
2022-10-20 12:00:00,,
2022-10-20 12:30:00,,
2022-10-20 13:00:00,,
2022-10-20 13:30:00,,
2022-10-20 14:00:00,,
2022-10-20 14:30:00,,
2022-10-20 15:00:00,,
2022-10-20 15:30:00,,
2022-10-20 16:00:00,,
2022-10-20 16:30:00,,
2022-10-20 17:00:00,,
2022-10-20 17:30:00,,
2022-10-20 18:00:00,,
2022-10-20 18:30:00,,
2022-10-20 19:00:00,,
2022-10-20 19:30:00,,
2022-10-20 20:00:00,,
2022-10-20 20:30:00,,
2022-10-20 21:00:00,,
2022-10-20 21:30:00,,
2022-10-20 22:00:00,,
2022-10-20 22:30:00,,
2022-10-20 23:00:00,,
2022-10-20 23:30:00,,
2022-10-21 00:00:00,,
2022-10-21 00:30:00,,
2022-10-21 01:00:00,,
2022-10-21 01:30:00,,
2022-10-21 02:00:00,,
2022-10-21 02:30:00,,
2022-10-21 03:00:00,,
2022-10-21 03:30:00,,
2022-10-21 04:00:00,,
2022-10-21 04:30:00,,
2022-10-21 05:00:00,,
2022-10-21 05:30:00,,
2022-10-21 06:00:00,,
2022-10-21 06:30:00,,
2022-10-21 07:00:00,,
2022-10-21 07:30:00,,
2022-10-21 08:00:00,,
2022-10-21 08:30:00,,
2022-10-21 09:00:00,,
2022-10-21 09:30:00,,
2022-10-21 10:00:00,,
2022-10-21 10:30:00,,
2022-10-21 11:00:00,,
2022-10-21 11:30:00,,
2022-10-21 12:00:00,,
2022-10-21 12:30:00,,
2022-10-21 13:00:00,,
2022-10-21 13:30:00,,
2022-10-21 14:00:00,,
2022-10-21 14:30:00,,
2022-10-21 15:00:00,,
2022-10-21 15:30:00,,
2022-10-21 16:00:00,,
2022-10-21 16:30:00,,
2022-10-21 17:00:00,,
2022-10-21 17:30:00,,
2022-10-21 18:00:00,,
2022-10-21 18:30:00,,
2022-10-21 19:00:00,,
2022-10-21 19:30:00,,
2022-10-21 20:00:00,,
2022-10-21 20:30:00,,
2022-10-21 21:00:00,,
2022-10-21 21:30:00,,
2022-10-21 22:00:00,,
2022-10-21 22:30:00,,
2022-10-21 23:00:00,,
2022-10-21 23:30:00,,
2022-10-22 00:00:00,,
2022-10-22 00:30:00,,
2022-10-22 01:00:00,,
2022-10-22 01:30:00,,
2022-10-22 02:00:00,,
2022-10-22 02:30:00,,
2022-10-22 03:00:00,,
2022-10-22 03:30:00,,
2022-10-22 04:00:00,,
2022-10-22 04:30:00,,
2022-10-22 05:00:00,,
2022-10-22 05:30:00,,
2022-10-22 06:00:00,,
2022-10-22 06:30:00,,
2022-10-22 07:00:00,,
2022-10-22 07:30:00,,
2022-10-22 08:00:00,,
2022-10-22 08:30:00,,
2022-10-22 09:00:00,,
2022-10-22 09:30:00,,
2022-10-22 10:00:00,,
2022-10-22 10:30:00,,
2022-10-22 11:00:00,,
2022-10-22 11:30:00,,
2022-10-22 12:00:00,,
2022-10-22 12:30:00,,
2022-10-22 13:00:00,,
2022-10-22 13:30:00,,
2022-10-22 14:00:00,,
2022-10-22 14:30:00,,
2022-10-22 15:00:00,,
2022-10-22 15:30:00,,
2022-10-22 16:00:00,,
2022-10-22 16:30:00,,
2022-10-22 17:00:00,,
2022-10-22 17:30:00,,
2022-10-22 18:00:00,,
2022-10-22 18:30:00,,
2022-10-22 19:00:00,,
2022-10-22 19:30:00,,
2022-10-22 20:00:00,,
2022-10-22 20:30:00,,
2022-10-22 21:00:00,,
2022-10-22 21:30:00,,
2022-10-22 22:00:00,,
2022-10-22 22:30:00,,
2022-10-22 23:00:00,,
2022-10-22 23:30:00,,
2022-10-23 00:00:00,,
2022-10-23 00:30:00,,
2022-10-23 01:00:00,,
2022-10-23 01:30:00,,
2022-10-23 02:00:00,,
2022-10-23 02:30:00,,
2022-10-23 03:00:00,,
2022-10-23 03:30:00,,
2022-10-23 04:00:00,,
2022-10-23 04:30:00,,
2022-10-23 05:00:00,,
2022-10-23 05:30:00,,
2022-10-23 06:00:00,,
2022-10-23 06:30:00,,
2022-10-23 07:00:00,,
2022-10-23 07:30:00,,
2022-10-23 08:00:00,,
2022-10-23 08:30:00,,
2022-10-23 09:00:00,,
2022-10-23 09:30:00,,
2022-10-23 10:00:00,,
2022-10-23 10:30:00,,
2022-10-23 11:00:00,,
2022-10-23 11:30:00,,
2022-10-23 12:00:00,,
2022-10-23 12:30:00,,
2022-10-23 13:00:00,,
2022-10-23 13:30:00,,
2022-10-23 14:00:00,,
2022-10-23 14:30:00,,
2022-10-23 15:00:00,,
2022-10-23 15:30:00,,
2022-10-23 16:00:00,,
2022-10-23 16:30:00,,
2022-10-23 17:00:00,,
2022-10-23 17:30:00,,
2022-10-23 18:00:00,,
2022-10-23 18:30:00,,
2022-10-23 19:00:00,,
2022-10-23 19:30:00,,
2022-10-23 20:00:00,,
2022-10-23 20:30:00,,
2022-10-23 21:00:00,,
2022-10-23 21:30:00,,
2022-10-23 22:00:00,,
2022-10-23 22:30:00,,
2022-10-23 23:00:00,,
2022-10-23 23:30:00,,
2022-10-24 00:00:00,,
2022-10-24 00:30:00,,
2022-10-24 01:00:00,,
2022-10-24 01:30:00,,
2022-10-24 02:00:00,,
2022-10-24 02:30:00,,
2022-10-24 03:00:00,,
2022-10-24 03:30:00,,
2022-10-24 04:00:00,,
2022-10-24 04:30:00,,
2022-10-24 05:00:00,,
2022-10-24 05:30:00,,
2022-10-24 06:00:00,,
2022-10-24 06:30:00,,
2022-10-24 07:00:00,,
2022-10-24 07:30:00,,
2022-10-24 08:00:00,,
2022-10-24 08:30:00,,
2022-10-24 09:00:00,,
2022-10-24 09:30:00,,
2022-10-24 10:00:00,,
2022-10-24 10:30:00,,
2022-10-24 11:00:00,,
2022-10-24 11:30:00,,
2022-10-24 12:00:00,,
2022-10-24 12:30:00,,
2022-10-24 13:00:00,,
2022-10-24 13:30:00,,
2022-10-24 14:00:00,,
2022-10-24 14:30:00,,
2022-10-24 15:00:00,,
2022-10-24 15:30:00,,
2022-10-24 16:00:00,,
2022-10-24 16:30:00,,
2022-10-24 17:00:00,,
2022-10-24 17:30:00,,
2022-10-24 18:00:00,,
2022-10-24 18:30:00,,
2022-10-24 19:00:00,,
2022-10-24 19:30:00,,
2022-10-24 20:00:00,,
2022-10-24 20:30:00,,
2022-10-24 21:00:00,,
2022-10-24 21:30:00,,
2022-10-24 22:00:00,,
2022-10-24 22:30:00,,
2022-10-24 23:00:00,,
2022-10-24 23:30:00,,
2022-10-25 00:00:00,,
2022-10-25 00:30:00,,
2022-10-25 01:00:00,,
2022-10-25 01:30:00,,
2022-10-25 02:00:00,,
2022-10-25 02:30:00,,
2022-10-25 03:00:00,,
2022-10-25 03:30:00,,
2022-10-25 04:00:00,,
2022-10-25 04:30:00,,
2022-10-25 05:00:00,,
2022-10-25 05:30:00,,
2022-10-25 06:00:00,,
2022-10-25 06:30:00,,
2022-10-25 07:00:00,,
2022-10-25 07:30:00,,
2022-10-25 08:00:00,,
2022-10-25 08:30:00,,
2022-10-25 09:00:00,,
2022-10-25 09:30:00,,
2022-10-25 10:00:00,,
2022-10-25 10:30:00,,
2022-10-25 11:00:00,,
2022-10-25 11:30:00,,
2022-10-25 12:00:00,,
2022-10-25 12:30:00,,
2022-10-25 13:00:00,,
2022-10-25 13:30:00,,
2022-10-25 14:00:00,,
2022-10-25 14:30:00,,
2022-10-25 15:00:00,,
2022-10-25 15:30:00,,
2022-10-25 16:00:00,,
2022-10-25 16:30:00,,
2022-10-25 17:00:00,,
2022-10-25 17:30:00,,
2022-10-25 18:00:00,,
2022-10-25 18:30:00,,
2022-10-25 19:00:00,,
2022-10-25 19:30:00,,
2022-10-25 20:00:00,,
2022-10-25 20:30:00,,
2022-10-25 21:00:00,,
2022-10-25 21:30:00,,
2022-10-25 22:00:00,,
2022-10-25 22:30:00,,
2022-10-25 23:00:00,,
2022-10-25 23:30:00,,
2022-10-26 00:00:00,,
2022-10-26 00:30:00,,
2022-10-26 01:00:00,,
2022-10-26 01:30:00,,
2022-10-26 02:00:00,,
2022-10-26 02:30:00,,
2022-10-26 03:00:00,,
2022-10-26 03:30:00,,
2022-10-26 04:00:00,,
2022-10-26 04:30:00,,
2022-10-26 05:00:00,,
2022-10-26 05:30:00,,
2022-10-26 06:00:00,,
2022-10-26 06:30:00,,
2022-10-26 07:00:00,,
2022-10-26 07:30:00,,
2022-10-26 08:00:00,,
2022-10-26 08:30:00,,
2022-10-26 09:00:00,,
2022-10-26 09:30:00,,
2022-10-26 10:00:00,,
2022-10-26 10:30:00,,
2022-10-26 11:00:00,,
2022-10-26 11:30:00,,
2022-10-26 12:00:00,,
2022-10-26 12:30:00,,
2022-10-26 13:00:00,,
2022-10-26 13:30:00,,
2022-10-26 14:00:00,,
2022-10-26 14:30:00,,
2022-10-26 15:00:00,,
2022-10-26 15:30:00,,
2022-10-26 16:00:00,,
2022-10-26 16:30:00,,
2022-10-26 17:00:00,,
2022-10-26 17:30:00,,
2022-10-26 18:00:00,,
2022-10-26 18:30:00,,
2022-10-26 19:00:00,,
2022-10-26 19:30:00,,
2022-10-26 20:00:00,,
2022-10-26 20:30:00,,
2022-10-26 21:00:00,,
2022-10-26 21:30:00,,
2022-10-26 22:00:00,,
2022-10-26 22:30:00,,
2022-10-26 23:00:00,,
2022-10-26 23:30:00,,
2022-10-27 00:00:00,,
2022-10-27 00:30:00,,
2022-10-27 01:00:00,,
2022-10-27 01:30:00,,
2022-10-27 02:00:00,,
2022-10-27 02:30:00,,
2022-10-27 03:00:00,,
2022-10-27 03:30:00,,
2022-10-27 04:00:00,,
2022-10-27 04:30:00,,
2022-10-27 05:00:00,,
2022-10-27 05:30:00,,
2022-10-27 06:00:00,,
2022-10-27 06:30:00,,
2022-10-27 07:00:00,,
2022-10-27 07:30:00,,
2022-10-27 08:00:00,,
2022-10-27 08:30:00,,
2022-10-27 09:00:00,,
2022-10-27 09:30:00,,
2022-10-27 10:00:00,,
2022-10-27 10:30:00,,
2022-10-27 11:00:00,,
2022-10-27 11:30:00,,
2022-10-27 12:00:00,,
2022-10-27 12:30:00,,
2022-10-27 13:00:00,,
2022-10-27 13:30:00,,
2022-10-27 14:00:00,,
2022-10-27 14:30:00,,
2022-10-27 15:00:00,,
2022-10-27 15:30:00,,
2022-10-27 16:00:00,,
2022-10-27 16:30:00,,
2022-10-27 17:00:00,,
2022-10-27 17:30:00,,
2022-10-27 18:00:00,,
2022-10-27 18:30:00,,
2022-10-27 19:00:00,,
2022-10-27 19:30:00,,
2022-10-27 20:00:00,,
2022-10-27 20:30:00,,
2022-10-27 21:00:00,,
2022-10-27 21:30:00,,
2022-10-27 22:00:00,,
2022-10-27 22:30:00,,
2022-10-27 23:00:00,,
2022-10-27 23:30:00,,
2022-10-28 00:00:00,,
2022-10-28 00:30:00,,
2022-10-28 01:00:00,,
2022-10-28 01:30:00,,
2022-10-28 02:00:00,,
2022-10-28 02:30:00,,
2022-10-28 03:00:00,,
2022-10-28 03:30:00,,
2022-10-28 04:00:00,,
2022-10-28 04:30:00,,
2022-10-28 05:00:00,,
2022-10-28 05:30:00,,
2022-10-28 06:00:00,,
2022-10-28 06:30:00,,
2022-10-28 07:00:00,,
2022-10-28 07:30:00,,
2022-10-28 08:00:00,,
2022-10-28 08:30:00,,
2022-10-28 09:00:00,,
2022-10-28 09:30:00,,
2022-10-28 10:00:00,,
2022-10-28 10:30:00,,
2022-10-28 11:00:00,,
2022-10-28 11:30:00,,
2022-10-28 12:00:00,,
2022-10-28 12:30:00,,
2022-10-28 13:00:00,,
2022-10-28 13:30:00,,
2022-10-28 14:00:00,,
2022-10-28 14:30:00,,
2022-10-28 15:00:00,,
2022-10-28 15:30:00,,
2022-10-28 16:00:00,,
2022-10-28 16:30:00,,
2022-10-28 17:00:00,,
2022-10-28 17:30:00,,
2022-10-28 18:00:00,,
2022-10-28 18:30:00,,
2022-10-28 19:00:00,,
2022-10-28 19:30:00,,
2022-10-28 20:00:00,,
2022-10-28 20:30:00,,
2022-10-28 21:00:00,,
2022-10-28 21:30:00,,
2022-10-28 22:00:00,,
2022-10-28 22:30:00,,
2022-10-28 23:00:00,,
2022-10-28 23:30:00,,
2022-10-29 00:00:00,,
2022-10-29 00:30:00,,
2022-10-29 01:00:00,,
2022-10-29 01:30:00,,
2022-10-29 02:00:00,,
2022-10-29 02:30:00,,
2022-10-29 03:00:00,,
2022-10-29 03:30:00,,
2022-10-29 04:00:00,,
2022-10-29 04:30:00,,
2022-10-29 05:00:00,,
2022-10-29 05:30:00,,
2022-10-29 06:00:00,,
2022-10-29 06:30:00,,
2022-10-29 07:00:00,,
2022-10-29 07:30:00,,
2022-10-29 08:00:00,,
2022-10-29 08:30:00,,
2022-10-29 09:00:00,,
2022-10-29 09:30:00,,
2022-10-29 10:00:00,,
2022-10-29 10:30:00,,
2022-10-29 11:00:00,,
2022-10-29 11:30:00,,
2022-10-29 12:00:00,,
2022-10-29 12:30:00,,
2022-10-29 13:00:00,,
2022-10-29 13:30:00,,
2022-10-29 14:00:00,,
2022-10-29 14:30:00,,
2022-10-29 15:00:00,,
2022-10-29 15:30:00,,
2022-10-29 16:00:00,,
2022-10-29 16:30:00,,
2022-10-29 17:00:00,,
2022-10-29 17:30:00,,
2022-10-29 18:00:00,,
2022-10-29 18:30:00,,
2022-10-29 19:00:00,,
2022-10-29 19:30:00,,
2022-10-29 20:00:00,,
2022-10-29 20:30:00,,
2022-10-29 21:00:00,,
2022-10-29 21:30:00,,
2022-10-29 22:00:00,,
2022-10-29 22:30:00,,
2022-10-29 23:00:00,,
2022-10-29 23:30:00,,
2022-10-30 00:00:00,,
2022-10-30 00:30:00,,
2022-10-30 01:00:00,,
2022-10-30 01:30:00,,
2022-10-30 02:00:00,,
2022-10-30 02:30:00,,
2022-10-30 03:00:00,,
2022-10-30 03:30:00,,
2022-10-30 04:00:00,,
2022-10-30 04:30:00,,
2022-10-30 05:00:00,,
2022-10-30 05:30:00,,
2022-10-30 06:00:00,,
2022-10-30 06:30:00,,
2022-10-30 07:00:00,,
2022-10-30 07:30:00,,
2022-10-30 08:00:00,,
2022-10-30 08:30:00,,
2022-10-30 09:00:00,,
2022-10-30 09:30:00,,
2022-10-30 10:00:00,,
2022-10-30 10:30:00,,
2022-10-30 11:00:00,,
2022-10-30 11:30:00,,
2022-10-30 12:00:00,,
2022-10-30 12:30:00,,
2022-10-30 13:00:00,,
2022-10-30 13:30:00,,
2022-10-30 14:00:00,,
2022-10-30 14:30:00,,
2022-10-30 15:00:00,,
2022-10-30 15:30:00,,
2022-10-30 16:00:00,,
2022-10-30 16:30:00,,
2022-10-30 17:00:00,,
2022-10-30 17:30:00,,
2022-10-30 18:00:00,,
2022-10-30 18:30:00,,
2022-10-30 19:00:00,,
2022-10-30 19:30:00,,
2022-10-30 20:00:00,,
2022-10-30 20:30:00,,
2022-10-30 21:00:00,,
2022-10-30 21:30:00,,
2022-10-30 22:00:00,,
2022-10-30 22:30:00,,
2022-10-30 23:00:00,,
2022-10-30 23:30:00,,
2022-10-31 00:00:00,,
2022-10-31 00:30:00,,
2022-10-31 01:00:00,,
2022-10-31 01:30:00,,
2022-10-31 02:00:00,,
2022-10-31 02:30:00,,
2022-10-31 03:00:00,,
2022-10-31 03:30:00,,
2022-10-31 04:00:00,,
2022-10-31 04:30:00,,
2022-10-31 05:00:00,,
2022-10-31 05:30:00,,
2022-10-31 06:00:00,,
2022-10-31 06:30:00,,
2022-10-31 07:00:00,,
2022-10-31 07:30:00,,
2022-10-31 08:00:00,,
2022-10-31 08:30:00,,
2022-10-31 09:00:00,,
2022-10-31 09:30:00,,
2022-10-31 10:00:00,,
2022-10-31 10:30:00,,
2022-10-31 11:00:00,,
2022-10-31 11:30:00,,
2022-10-31 12:00:00,,
2022-10-31 12:30:00,,
2022-10-31 13:00:00,,
2022-10-31 13:30:00,,
2022-10-31 14:00:00,,
2022-10-31 14:30:00,,
2022-10-31 15:00:00,,
2022-10-31 15:30:00,,
2022-10-31 16:00:00,,
2022-10-31 16:30:00,,
2022-10-31 17:00:00,,
2022-10-31 17:30:00,,
2022-10-31 18:00:00,,
2022-10-31 18:30:00,,
2022-10-31 19:00:00,,
2022-10-31 19:30:00,,
2022-10-31 20:00:00,,
2022-10-31 20:30:00,,
2022-10-31 21:00:00,,
2022-10-31 21:30:00,,
2022-10-31 22:00:00,,
2022-10-31 22:30:00,,
2022-10-31 23:00:00,,
2022-10-31 23:30:00,,
2022-11-01 00:00:00,,
2022-11-01 00:30:00,,
2022-11-01 01:00:00,,
2022-11-01 01:30:00,,
2022-11-01 02:00:00,,
2022-11-01 02:30:00,,
2022-11-01 03:00:00,,
2022-11-01 03:30:00,,
2022-11-01 04:00:00,,
2022-11-01 04:30:00,,
2022-11-01 05:00:00,,
2022-11-01 05:30:00,,
2022-11-01 06:00:00,,
2022-11-01 06:30:00,,
2022-11-01 07:00:00,,
2022-11-01 07:30:00,,
2022-11-01 08:00:00,,
2022-11-01 08:30:00,,
2022-11-01 09:00:00,,
2022-11-01 09:30:00,,
2022-11-01 10:00:00,,
2022-11-01 10:30:00,,
2022-11-01 11:00:00,,
2022-11-01 11:30:00,,
2022-11-01 12:00:00,,
2022-11-01 12:30:00,,
2022-11-01 13:00:00,,
2022-11-01 13:30:00,,
2022-11-01 14:00:00,,
2022-11-01 14:30:00,,
2022-11-01 15:00:00,,
2022-11-01 15:30:00,,
2022-11-01 16:00:00,,
2022-11-01 16:30:00,,
2022-11-01 17:00:00,,
2022-11-01 17:30:00,,
2022-11-01 18:00:00,,
2022-11-01 18:30:00,,
2022-11-01 19:00:00,,
2022-11-01 19:30:00,,
2022-11-01 20:00:00,,
2022-11-01 20:30:00,,
2022-11-01 21:00:00,,
2022-11-01 21:30:00,,
2022-11-01 22:00:00,,
2022-11-01 22:30:00,,
2022-11-01 23:00:00,,
2022-11-01 23:30:00,,
2022-11-02 00:00:00,,
2022-11-02 00:30:00,,
2022-11-02 01:00:00,,
2022-11-02 01:30:00,,
2022-11-02 02:00:00,,
2022-11-02 02:30:00,,
2022-11-02 03:00:00,,
2022-11-02 03:30:00,,
2022-11-02 04:00:00,,
2022-11-02 04:30:00,,
2022-11-02 05:00:00,,
2022-11-02 05:30:00,,
2022-11-02 06:00:00,,
2022-11-02 06:30:00,,
2022-11-02 07:00:00,,
2022-11-02 07:30:00,,
2022-11-02 08:00:00,,
2022-11-02 08:30:00,,
2022-11-02 09:00:00,,
2022-11-02 09:30:00,,
2022-11-02 10:00:00,,
2022-11-02 10:30:00,,
2022-11-02 11:00:00,,
2022-11-02 11:30:00,,
2022-11-02 12:00:00,,
2022-11-02 12:30:00,,
2022-11-02 13:00:00,,
2022-11-02 13:30:00,,
2022-11-02 14:00:00,,
2022-11-02 14:30:00,,
2022-11-02 15:00:00,,
2022-11-02 15:30:00,,
2022-11-02 16:00:00,,
2022-11-02 16:30:00,,
2022-11-02 17:00:00,,
2022-11-02 17:30:00,,
2022-11-02 18:00:00,,
2022-11-02 18:30:00,,
2022-11-02 19:00:00,,
2022-11-02 19:30:00,,
2022-11-02 20:00:00,,
2022-11-02 20:30:00,,
2022-11-02 21:00:00,,
2022-11-02 21:30:00,,
2022-11-02 22:00:00,,
2022-11-02 22:30:00,,
2022-11-02 23:00:00,,
2022-11-02 23:30:00,,
2022-11-03 00:00:00,,
2022-11-03 00:30:00,,
2022-11-03 01:00:00,,
2022-11-03 01:30:00,,
2022-11-03 02:00:00,,
2022-11-03 02:30:00,,
2022-11-03 03:00:00,,
2022-11-03 03:30:00,,
2022-11-03 04:00:00,,
2022-11-03 04:30:00,,
2022-11-03 05:00:00,,
2022-11-03 05:30:00,,
2022-11-03 06:00:00,,
2022-11-03 06:30:00,,
2022-11-03 07:00:00,,
2022-11-03 07:30:00,,
2022-11-03 08:00:00,,
2022-11-03 08:30:00,,
2022-11-03 09:00:00,,
2022-11-03 09:30:00,,
2022-11-03 10:00:00,,
2022-11-03 10:30:00,,
2022-11-03 11:00:00,,
2022-11-03 11:30:00,,
2022-11-03 12:00:00,,
2022-11-03 12:30:00,,
2022-11-03 13:00:00,,
2022-11-03 13:30:00,,
2022-11-03 14:00:00,,
2022-11-03 14:30:00,,
2022-11-03 15:00:00,,
2022-11-03 15:30:00,,
2022-11-03 16:00:00,,
2022-11-03 16:30:00,,
2022-11-03 17:00:00,,
2022-11-03 17:30:00,,
2022-11-03 18:00:00,,
2022-11-03 18:30:00,,
2022-11-03 19:00:00,,
2022-11-03 19:30:00,,
2022-11-03 20:00:00,,
2022-11-03 20:30:00,,
2022-11-03 21:00:00,,
2022-11-03 21:30:00,,
2022-11-03 22:00:00,,
2022-11-03 22:30:00,,
2022-11-03 23:00:00,,
2022-11-03 23:30:00,,
2022-11-04 00:00:00,,
2022-11-04 00:30:00,,
2022-11-04 01:00:00,,
2022-11-04 01:30:00,,
2022-11-04 02:00:00,,
2022-11-04 02:30:00,,
2022-11-04 03:00:00,,
2022-11-04 03:30:00,,
2022-11-04 04:00:00,,
2022-11-04 04:30:00,,
2022-11-04 05:00:00,,
2022-11-04 05:30:00,,
2022-11-04 06:00:00,,
2022-11-04 06:30:00,,
2022-11-04 07:00:00,,
2022-11-04 07:30:00,78.268,0.0
2022-11-04 08:00:00,66.675,0.0
2022-11-04 08:30:00,65.22149999999999,1.4272166666666664
2022-11-04 09:00:00,63.45633333333333,7.126266666666673
2022-11-04 09:30:00,61.59288888888889,6.402683333333336
2022-11-04 10:00:00,63.40055555555556,12.834499999999984
2022-11-04 10:30:00,63.335166666666666,15.211116666666662
2022-11-04 11:00:00,67.13941666666668,8.941491666666671
2022-11-04 11:30:00,66.2525,8.41601666666665
2022-11-04 12:00:00,64.73363333333333,11.002150000000015
2022-11-04 12:30:00,65.58959999999999,8.204799999999992
2022-11-04 13:00:00,71.18106666666667,14.747799999999984
2022-11-04 13:30:00,71.84006666666667,20.381066666666683
2022-11-04 14:00:00,76.20333333333335,16.466200000000015
2022-11-04 14:30:00,78.29386666666667,12.0805
2022-11-04 15:00:00,78.41373333333334,10.136233333333337
2022-11-04 15:30:00,77.64779999999999,5.83076666666669
2022-11-04 16:00:00,77.40140000000001,3.284000000000006
2022-11-04 16:30:00,78.58906666666667,2.9448000000000008
2022-11-04 17:00:00,80.3794,3.295766666666651
2022-11-04 17:30:00,81.74466666666667,3.089000000000013
2022-11-04 18:00:00,82.45246666666667,2.315066666666681
2022-11-04 18:30:00,83.20046666666669,2.1878333333333444
2022-11-04 19:00:00,83.06986666666667,2.4605999999999995
2022-11-04 19:30:00,83.10626666666664,2.9627333333333326
2022-11-04 20:00:00,83.48333333333332,3.485366666666664
2022-11-04 20:30:00,84.08813333333333,3.2811000000000092
2022-11-04 21:00:00,84.4668,3.1585000000000036
2022-11-04 21:30:00,84.91173333333333,2.716899999999967
2022-11-04 22:00:00,85.0348,2.5710333333333466
2022-11-04 22:30:00,85.47613333333335,3.4749666666666883
2022-11-04 23:00:00,85.85573333333333,2.6108666666666522
2022-11-04 23:30:00,86.24879999999999,4.364233333333303
2022-11-05 00:00:00,87.03893333333333,4.664966666666658
2022-11-05 00:30:00,86.51366666666667,5.693699999999993
2022-11-05 01:00:00,86.6088,5.478666666666655
2022-11-05 01:30:00,87.01846666666667,5.008733333333339
2022-11-05 02:00:00,87.9946,5.350766666666658
2022-11-05 02:30:00,88.80753333333334,6.153266666666681
2022-11-05 03:00:00,89.23966666666668,5.8296333333333195
2022-11-05 03:30:00,90.021,5.422699999999992
2022-11-05 04:00:00,90.15113333333333,5.376733333333334
2022-11-05 04:30:00,90.61633333333333,5.1822666666666635
2022-11-05 05:00:00,90.70320000000001,4.864299999999986
2022-11-05 05:30:00,90.83726666666666,4.905233333333314
2022-11-05 06:00:00,90.5278,4.749633333333321
2022-11-05 06:30:00,89.072,5.552099999999982
2022-11-05 07:00:00,84.447,8.614766666666654
2022-11-05 07:30:00,77.90626666666667,13.49766666666666
2022-11-05 08:00:00,73.75840000000001,12.089666666666659
2022-11-05 08:30:00,69.35466666666666,17.031333333333322
2022-11-05 09:00:00,66.23686666666666,20.760933333333327
2022-11-05 09:30:00,64.4024,18.59163333333334
2022-11-05 10:00:00,65.05466666666666,13.429733333333317
2022-11-05 10:30:00,64.50126666666668,13.714000000000006
2022-11-05 11:00:00,63.2136,12.76453333333334
2022-11-05 11:30:00,63.973800000000004,12.335800000000006
2022-11-05 12:00:00,61.904466666666664,16.280433333333335
2022-11-05 12:30:00,62.19786666666666,17.49803333333334
2022-11-05 13:00:00,61.448466666666675,16.33780000000001
2022-11-05 13:30:00,61.15566666666666,17.364366666666655
2022-11-05 14:00:00,62.50986666666667,13.100733333333338
2022-11-05 14:30:00,68.52006666666666,13.364033333333325
2022-11-05 15:00:00,72.2286,8.800166666666655
2022-11-05 15:30:00,75.48273333333333,5.566733333333332
2022-11-05 16:00:00,75.96799999999999,4.466466666666662
2022-11-05 16:30:00,76.00606666666667,4.080766666666662
2022-11-05 17:00:00,77.25526666666667,3.2666333333333455
2022-11-05 17:30:00,79.23580000000001,3.2891333333333392
2022-11-05 18:00:00,80.1964,3.137133333333324
2022-11-05 18:30:00,80.38893333333334,2.62533333333333
2022-11-05 19:00:00,80.7466,2.1524666666666548
2022-11-05 19:30:00,81.32553333333333,1.927599999999984
2022-11-05 20:00:00,82.07379999999999,1.7199333333333442
2022-11-05 20:30:00,81.91906666666667,2.222300000000004
2022-11-05 21:00:00,82.08453333333333,3.316966666666673
2022-11-05 21:30:00,82.2356,2.343500000000006
2022-11-05 22:00:00,82.83180000000002,2.9848333333333414
2022-11-05 22:30:00,83.29286666666665,2.4892666666666514
2022-11-05 23:00:00,84.25213333333333,2.8104666666666844
2022-11-05 23:30:00,84.67273333333334,2.5236999999999767
2022-11-06 00:00:00,85.13173333333334,2.7716333333333125
2022-11-06 00:30:00,85.37140000000001,5.230733333333362
2022-11-06 01:00:00,85.62506666666668,5.016500000000008
2022-11-06 01:30:00,85.71753333333334,5.627400000000009
2022-11-06 02:00:00,86.45053333333333,6.353999999999999
2022-11-06 02:30:00,87.205,6.252133333333347
2022-11-06 03:00:00,87.95166666666667,7.148233333333337
2022-11-06 03:30:00,88.61266666666668,6.57856666666666
2022-11-06 04:00:00,89.02673333333334,5.654033333333359
2022-11-06 04:30:00,89.30120000000002,5.659066666666661
2022-11-06 05:00:00,89.54206666666666,4.880500000000026
2022-11-06 05:30:00,90.02553333333333,4.817966666666649
2022-11-06 06:00:00,89.71373333333334,4.245800000000003
2022-11-06 06:30:00,87.83466666666666,4.94383333333333
2022-11-06 07:00:00,82.75319999999999,8.407933333333347
2022-11-06 07:30:00,77.36193333333333,10.887500000000017
2022-11-06 08:00:00,72.41306666666665,12.579700000000003
2022-11-06 08:30:00,68.74846666666667,14.268533333333338
2022-11-06 09:00:00,67.40133333333333,10.944466666666656
2022-11-06 09:30:00,66.36819999999999,11.894466666666645
2022-11-06 10:00:00,63.822,14.268499999999989
2022-11-06 10:30:00,61.51873333333333,15.79816666666666
2022-11-06 11:00:00,60.66253333333333,16.14119999999999
2022-11-06 11:30:00,60.14086666666666,13.248899999999992
2022-11-06 12:00:00,59.1048,15.190766666666661
2022-11-06 12:30:00,60.16373333333333,16.374166666666653
2022-11-06 13:00:00,61.24193333333333,15.104766666666649
2022-11-06 13:30:00,61.40073333333332,17.20963333333333
2022-11-06 14:00:00,61.202666666666666,19.922533333333327
2022-11-06 14:30:00,60.36559999999999,20.534333333333315
2022-11-06 15:00:00,61.28040000000001,17.320600000000013
2022-11-06 15:30:00,64.6052,10.272499999999987
2022-11-06 16:00:00,67.42493333333334,11.76873333333333
2022-11-06 16:30:00,69.37306666666666,14.39853333333334
2022-11-06 17:00:00,72.89186666666667,11.73023333333333
2022-11-06 17:30:00,75.37173333333332,7.771299999999982
2022-11-06 18:00:00,76.6794,5.291633333333323
2022-11-06 18:30:00,77.45286666666667,3.9033666666666704
2022-11-06 19:00:00,78.46113333333332,3.8509666666666647
2022-11-06 19:30:00,79.0006,3.7681333333333242
2022-11-06 20:00:00,79.62546666666667,3.0174666666666496
2022-11-06 20:30:00,80.04746666666666,3.316999999999979
2022-11-06 21:00:00,80.84706666666666,2.4673333333333147
2022-11-06 21:30:00,81.58633333333333,3.5024666666666775
2022-11-06 22:00:00,81.86420000000001,4.704400000000021
2022-11-06 22:30:00,81.82846666666667,4.2364000000000175
2022-11-06 23:00:00,82.09626666666665,4.622533333333337
2022-11-06 23:30:00,83.23859999999999,3.8136333333333283
2022-11-07 00:00:00,84.10780000000001,3.6939000000000277
2022-11-07 00:30:00,84.4496,4.022733333333321
2022-11-07 01:00:00,84.87566666666667,3.9377333333333695
2022-11-07 01:30:00,85.3254,4.578199999999995
2022-11-07 02:00:00,86.05653333333333,5.019566666666677
2022-11-07 02:30:00,86.12480000000001,5.266633333333331
2022-11-07 03:00:00,86.19739999999999,4.9654000000000025
2022-11-07 03:30:00,86.68186666666665,4.62939999999999
2022-11-07 04:00:00,86.74726666666668,4.452699999999979
2022-11-07 04:30:00,87.19326666666667,3.930733333333336
2022-11-07 05:00:00,87.85013333333332,4.09963333333333
2022-11-07 05:30:00,87.89506666666668,4.6433666666666795
2022-11-07 06:00:00,87.87546666666668,4.105900000000005
2022-11-07 06:30:00,84.39333333333333,5.175083333333319
2022-11-07 07:00:00,81.45211111111111,9.649000000000015
2022-11-07 07:30:00,76.46005555555557,14.809458333333339
2022-11-07 08:00:00,68.83521428571429,17.349508333333333
2022-11-07 08:30:00,63.90504761904761,19.21561666666667
2022-11-07 09:00:00,60.80614285714285,18.030566666666658
2022-11-07 09:30:00,59.8176875,14.062249999999992
2022-11-07 10:00:00,58.98462962962963,12.997066666666676
2022-11-07 10:30:00,58.16881481481482,14.534466666666667
2022-11-07 11:00:00,56.392533333333326,12.944025000000003
2022-11-07 11:30:00,54.7851,13.508049999999997
2022-11-07 12:00:00,55.4097,15.393891666666654
2022-11-07 12:30:00,56.19493333333334,17.834966666666666
2022-11-07 13:00:00,56.97973333333334,19.261724999999984
2022-11-07 13:30:00,57.60906666666667,17.950699999999998
2022-11-07 14:00:00,58.612833333333334,15.61592499999999
2022-11-07 14:30:00,59.16556666666666,14.52344999999999
2022-11-07 15:00:00,59.21596666666667,18.985900000000008
2022-11-07 15:30:00,60.632600000000004,20.699275
2022-11-07 16:00:00,63.87663333333334,17.950458333333337
2022-11-07 16:30:00,67.60249999999999,15.918016666666666
2022-11-07 17:00:00,71.72373333333333,13.620766666666661
2022-11-07 17:30:00,74.79773333333334,10.276933333333318
2022-11-07 18:00:00,76.55076666666668,10.77064999999999
2022-11-07 18:30:00,77.23226666666666,11.637375000000006
2022-11-07 19:00:00,77.74359999999999,12.306783333333357
2022-11-07 19:30:00,77.9073,12.101008333333368
2022-11-07 20:00:00,78.16056666666667,12.57265833333335
2022-11-07 20:30:00,78.93833333333335,12.944866666666684
2022-11-07 21:00:00,79.16100000000002,13.007466666666673
2022-11-07 21:30:00,79.70563333333334,12.238016666666667
2022-11-07 22:00:00,80.19213333333333,12.287925000000001
2022-11-07 22:30:00,80.91176666666667,12.975016666666662
2022-11-07 23:00:00,81.24316666666667,12.335850000000008
2022-11-07 23:30:00,82.31559999999999,12.401116666666653
2022-11-08 00:00:00,83.25606666666665,13.379841666666678
2022-11-08 00:30:00,84.0461,14.031599999999997
2022-11-08 01:00:00,84.52256666666668,15.26389166666668
2022-11-08 01:30:00,84.8137,14.619725000000003
2022-11-08 02:00:00,85.4687,13.167858333333328
2022-11-08 02:30:00,85.93343333333334,13.089633333333325
2022-11-08 03:00:00,86.66493333333332,12.125583333333353
2022-11-08 03:30:00,87.75566666666666,12.198991666666657
2022-11-08 04:00:00,88.05196666666667,12.985316666666677
2022-11-08 04:30:00,88.502,13.13629166666668
2022-11-08 05:00:00,88.79646666666666,13.189266666666683
2022-11-08 05:30:00,88.95256666666668,13.363858333333326
2022-11-08 06:00:00,88.26156666666667,13.192058333333335
2022-11-08 06:30:00,85.82636666666666,14.134716666666677
2022-11-08 07:00:00,81.25090000000002,16.66406666666667
2022-11-08 07:30:00,76.05753333333334,17.129383333333323
2022-11-08 08:00:00,72.14760000000001,13.177700000000002
2022-11-08 08:30:00,67.61869999999999,14.726358333333323
2022-11-08 09:00:00,64.7089,18.474450000000004
2022-11-08 09:30:00,62.20796666666668,20.189166666666672
2022-11-08 10:00:00,60.97516666666665,17.901133333333327
2022-11-08 10:30:00,59.35816666666666,18.55381666666665
2022-11-08 11:00:00,59.82473333333333,20.59465
2022-11-08 11:30:00,60.48866666666667,20.052133333333337
2022-11-08 12:00:00,60.97186666666666,15.590908333333338
2022-11-08 12:30:00,60.60296666666667,16.454908333333336
2022-11-08 13:00:00,60.547699999999985,18.027299999999997
2022-11-08 13:30:00,60.921299999999995,17.57805833333333
2022-11-08 14:00:00,61.11496666666667,17.044766666666675
2022-11-08 14:30:00,61.118100000000005,19.336916666666667
2022-11-08 15:00:00,61.77733333333333,19.730925
2022-11-08 15:30:00,64.64356666666667,17.683074999999995
2022-11-08 16:00:00,67.20570000000001,16.58420000000001
2022-11-08 16:30:00,70.70753333333334,14.334191666666648
2022-11-08 17:00:00,74.67179999999999,10.594983333333346
2022-11-08 17:30:00,77.2234,9.893483333333322
2022-11-08 18:00:00,78.29296666666667,10.441074999999998
2022-11-08 18:30:00,78.91896666666666,10.528233333333361
2022-11-08 19:00:00,79.32463333333334,11.281699999999987
2022-11-08 19:30:00,80.0123,11.49440833333334
2022-11-08 20:00:00,80.81903333333334,11.268175000000014
2022-11-08 20:30:00,81.3222,11.2423
2022-11-08 21:00:00,81.33823333333332,9.433775000000011
2022-11-08 21:30:00,81.74806666666666,10.483999999999995
2022-11-08 22:00:00,82.30333333333333,11.281308333333328
2022-11-08 22:30:00,82.77053333333333,11.547074999999992
2022-11-08 23:00:00,83.2858,12.630349999999993
2022-11-08 23:30:00,83.75143333333332,13.541399999999996
2022-11-09 00:00:00,84.09176666666664,12.874183333333349
2022-11-09 00:30:00,84.34713333333335,12.112891666666684
2022-11-09 01:00:00,85.12633333333335,12.608483333333325
2022-11-09 01:30:00,85.68973333333334,12.548625000000001
2022-11-09 02:00:00,85.97343333333333,12.675200000000004
2022-11-09 02:30:00,86.77246666666666,12.233483333333353
2022-11-09 03:00:00,87.58603333333335,11.70931666666668
2022-11-09 03:30:00,88.0726,12.378924999999995
2022-11-09 04:00:00,88.72883333333331,12.523833333333329
2022-11-09 04:30:00,89.01763333333334,12.043300000000016
2022-11-09 05:00:00,89.51793333333333,12.822341666666674
2022-11-09 05:30:00,89.7019,12.930908333333335
2022-11-09 06:00:00,89.2279,13.114966666666675
2022-11-09 06:30:00,86.49383333333333,15.60045833333335
2022-11-09 07:00:00,81.92406666666668,18.10565000000001
2022-11-09 07:30:00,77.7123,17.978908333333337
2022-11-09 08:00:00,73.9492,18.48930833333334
2022-11-09 08:30:00,71.61086666666667,11.684116666666668
2022-11-09 09:00:00,68.3758,14.02546666666666
2022-11-09 09:30:00,65.46476666666668,15.876925
2022-11-09 10:00:00,63.016533333333335,18.084766666666653
2022-11-09 10:30:00,61.03520000000001,20.56977499999998
2022-11-09 11:00:00,59.1324,20.51428333333333
2022-11-09 11:30:00,57.54423333333333,19.36778333333332
2022-11-09 12:00:00,58.1869,22.836225000000006
2022-11-09 12:30:00,61.68953333333334,16.96220000000001
2022-11-09 13:00:00,63.38423333333334,12.31602499999999
2022-11-09 13:30:00,65.99409999999999,17.304824999999994
2022-11-09 14:00:00,72.6792,19.174250000000015
2022-11-09 14:30:00,77.92916666666666,25.447450000000003
2022-11-09 15:00:00,79.13436666666666,28.517616666666655
2022-11-09 15:30:00,80.522,26.360349999999997
2022-11-09 16:00:00,81.22133333333333,23.64602500000001
2022-11-09 16:30:00,81.88186666666665,21.837658333333337
2022-11-09 17:00:00,83.26706666666668,20.31382500000001
2022-11-09 17:30:00,84.18429999999998,19.140358333333353
2022-11-09 18:00:00,84.55196666666667,18.347941666666657
2022-11-09 18:30:00,85.2522,17.777383333333333
2022-11-09 19:00:00,85.2244,18.361016666666686
2022-11-09 19:30:00,84.52573333333332,20.864658333333338
2022-11-09 20:00:00,84.439,20.226841666666687
2022-11-09 20:30:00,84.42386666666665,19.58347500000002
2022-11-09 21:00:00,84.2306,20.64174166666666
2022-11-09 21:30:00,84.43386666666666,17.18643333333334
2022-11-09 22:00:00,84.87803333333333,15.925608333333344
2022-11-09 22:30:00,84.5646,17.511875000000003
2022-11-09 23:00:00,83.58986666666667,17.393891666666676
2022-11-09 23:30:00,83.18419999999999,16.581075000000013
2022-11-10 00:00:00,84.19956666666664,14.232675
2022-11-10 00:30:00,84.98783333333334,14.436516666666677
2022-11-10 01:00:00,85.3758,12.947441666666677
2022-11-10 01:30:00,86.109,12.516000000000005
2022-11-10 02:00:00,86.6596,11.828583333333341
2022-11-10 02:30:00,87.44460000000001,12.959599999999995
2022-11-10 03:00:00,88.02706666666667,13.295358333333354
2022-11-10 03:30:00,88.52766666666666,14.010908333333347
2022-11-10 04:00:00,88.83513333333333,13.975558333333353
2022-11-10 04:30:00,89.16446666666666,14.194591666666668
2022-11-10 05:00:00,89.13243333333334,13.927200000000013
2022-11-10 05:30:00,88.49683333333334,13.557850000000002
2022-11-10 06:00:00,87.5849,14.176941666666679
2022-11-10 06:30:00,84.384,17.224450000000004
2022-11-10 07:00:00,79.71860000000001,20.356375
2022-11-10 07:30:00,75.49199999999999,19.216324999999998
2022-11-10 08:00:00,71.86586666666668,15.057341666666659
2022-11-10 08:30:00,68.71666666666667,16.761075000000005
2022-11-10 09:00:00,66.66773333333333,16.827791666666656
2022-11-10 09:30:00,65.31336666666667,18.23559166666665
2022-11-10 10:00:00,62.188833333333335,19.84229166666666
2022-11-10 10:30:00,60.338400000000014,19.663074999999992
2022-11-10 11:00:00,59.75913333333334,20.661191666666667
2022-11-10 11:30:00,59.218133333333334,19.03734999999999
2022-11-10 12:00:00,58.2039,22.27198333333333
2022-11-10 12:30:00,57.798433333333335,19.502875000000003
2022-11-10 13:00:00,59.351733333333335,21.252616666666675
2022-11-10 13:30:00,59.55463333333332,22.09394166666665
2022-11-10 14:00:00,61.9755,16.64032499999999
2022-11-10 14:30:00,64.51616666666666,18.17635
2022-11-10 15:00:00,66.04526666666666,18.193216666666657
2022-11-10 15:30:00,68.69783333333332,16.49329166666665
2022-11-10 16:00:00,72.57579999999999,11.499583333333334
2022-11-10 16:30:00,76.08500000000001,10.259841666666674
2022-11-10 17:00:00,76.095,10.08863333333332
2022-11-10 17:30:00,80.76119999999999,14.464058333333327
2022-11-10 18:00:00,86.489,16.875100000000003
2022-11-10 18:30:00,91.15943333333333,16.664424999999994
2022-11-10 19:00:00,92.14136666666667,14.315041666666673
2022-11-10 19:30:00,92.488,16.39236666666666
2022-11-10 20:00:00,92.47996666666667,15.844408333333334
2022-11-10 20:30:00,92.6645,15.353724999999997
2022-11-10 21:00:00,92.97619999999999,15.57338333333334
2022-11-10 21:30:00,92.6686,15.930658333333326
2022-11-10 22:00:00,92.29776666666667,16.133058333333324
2022-11-10 22:30:00,92.24623333333335,16.159716666666668
2022-11-10 23:00:00,92.17473333333334,16.682699999999997
2022-11-10 23:30:00,92.20843333333333,16.83268333333332
2022-11-11 00:00:00,92.28793333333334,16.635791666666663
2022-11-11 00:30:00,92.3317,16.01823333333334
2022-11-11 01:00:00,92.41176666666668,16.199025000000006
2022-11-11 01:30:00,92.2835,17.405066666666656
2022-11-11 02:00:00,92.03036666666667,17.122758333333337
2022-11-11 02:30:00,91.58586666666666,17.812799999999996
2022-11-11 03:00:00,91.61806666666666,17.801874999999995
2022-11-11 03:30:00,91.73216666666666,17.145525000000006
2022-11-11 04:00:00,91.23313333333334,17.493008333333336
2022-11-11 04:30:00,91.1524,16.911074999999997
2022-11-11 05:00:00,91.24416666666667,17.78257500000001
2022-11-11 05:30:00,90.98386666666667,17.51035833333333
2022-11-11 06:00:00,91.01016666666668,17.25708333333334
2022-11-11 06:30:00,89.89076666666668,19.121624999999995
2022-11-11 07:00:00,88.298,20.92376666666668
2022-11-11 07:30:00,84.58093333333332,22.18435833333335
2022-11-11 08:00:00,79.83786666666667,21.46315833333334
2022-11-11 08:30:00,74.1529,20.580891666666687
2022-11-11 09:00:00,68.79006666666666,23.049724999999995
2022-11-11 09:30:00,65.25643333333332,24.653266666666667
2022-11-11 10:00:00,63.23036666666667,25.107758333333337
2022-11-11 10:30:00,61.16476666666667,23.2453
2022-11-11 11:00:00,59.59666666666667,23.27690833333333
2022-11-11 11:30:00,59.337833333333336,20.68413333333332
2022-11-11 12:00:00,60.39649999999999,19.641675
2022-11-11 12:30:00,60.12919999999999,20.32464166666665
2022-11-11 13:00:00,59.61416666666666,21.110024999999986
2022-11-11 13:30:00,60.41553333333333,20.087099999999978
2022-11-11 14:00:00,61.76063333333333,18.061525000000003
2022-11-11 14:30:00,63.0746,17.502941666666672
2022-11-11 15:00:00,64.94696666666667,16.124183333333313
2022-11-11 15:30:00,67.17343333333334,15.018891666666654
2022-11-11 16:00:00,71.61233333333334,10.28348333333335
2022-11-11 16:30:00,75.23676666666667,10.9906
2022-11-11 17:00:00,78.10193333333333,10.772350000000003
2022-11-11 17:30:00,79.8,11.298591666666667
2022-11-11 18:00:00,80.7911,13.51325
2022-11-11 18:30:00,80.7806,14.135125000000002
2022-11-11 19:00:00,81.30253333333333,13.951158333333339
2022-11-11 19:30:00,81.53643333333333,12.798633333333342
2022-11-11 20:00:00,82.53566666666667,13.247266666666675
2022-11-11 20:30:00,83.13973333333334,14.802883333333327
2022-11-11 21:00:00,83.54576666666667,14.106575000000007
2022-11-11 21:30:00,83.26573333333332,14.74538333333335
2022-11-11 22:00:00,83.85703333333332,13.128733333333344
2022-11-11 22:30:00,84.61583333333333,12.315399999999997
2022-11-11 23:00:00,85.30356666666668,12.44823333333332
2022-11-11 23:30:00,86.12900000000002,13.188383333333348
2022-11-12 00:00:00,86.68783333333332,13.436724999999996
2022-11-12 00:30:00,87.40916666666668,13.366000000000014
2022-11-12 01:00:00,88.13219999999998,13.743100000000013
2022-11-12 01:30:00,88.59920000000001,13.98755833333334
2022-11-12 02:00:00,88.99306666666665,14.260916666666688
2022-11-12 02:30:00,89.62819999999999,13.50714166666667
2022-11-12 03:00:00,90.12113333333333,13.68372500000001
2022-11-12 03:30:00,90.08009999999999,13.706933333333353
2022-11-12 04:00:00,90.15126666666667,13.108791666666662
2022-11-12 04:30:00,90.02876666666667,13.674050000000008
2022-11-12 05:00:00,89.6466,14.007766666666683
2022-11-12 05:30:00,89.3682,15.112750000000005
2022-11-12 06:00:00,88.5672,14.55425000000001
2022-11-12 06:30:00,84.72593333333333,18.20815833333333
2022-11-12 07:00:00,80.22326666666666,20.05205833333335
2022-11-12 07:30:00,74.18716666666667,20.347816666666674
2022-11-12 08:00:00,68.03663333333333,20.753383333333346
2022-11-12 08:30:00,64.28746666666667,22.359125000000013
2022-11-12 09:00:00,62.34483333333334,20.843866666666663
2022-11-12 09:30:00,59.149,23.250841666666652
2022-11-12 10:00:00,58.30073333333335,18.965683333333345
2022-11-12 10:30:00,56.48263333333333,15.68586666666667
2022-11-12 11:00:00,55.742900000000006,15.08051666666666
2022-11-12 11:30:00,56.223333333333336,16.314041666666668
2022-11-12 12:00:00,55.70450000000001,14.733874999999998
2022-11-12 12:30:00,56.01123333333334,17.39839166666667
2022-11-12 13:00:00,56.92260000000001,15.863799999999998
2022-11-12 13:30:00,62.428133333333335,15.050341666666675
2022-11-12 14:00:00,62.92466666666665,9.939549999999997
2022-11-12 14:30:00,62.39026666666666,13.335141666666651
2022-11-12 15:00:00,64.33406666666666,15.61193333333334
2022-11-12 15:30:00,66.50416666666668,16.104908333333334
2022-11-12 16:00:00,67.32913333333333,17.566091666666658
2022-11-12 16:30:00,67.25796666666665,15.611249999999998
2022-11-12 17:00:00,69.82669999999999,12.152566666666665
2022-11-12 17:30:00,72.77823333333332,12.790758333333343
2022-11-12 18:00:00,73.30156666666666,13.565200000000004
2022-11-12 18:30:00,73.19396666666668,13.202175000000011
2022-11-12 19:00:00,73.6978333333333,11.578624999999988
2022-11-12 19:30:00,74.15283333333333,11.40294999999999
2022-11-12 20:00:00,75.37933333333334,11.516016666666658
2022-11-12 20:30:00,76.99436666666665,11.385341666666676
2022-11-12 21:00:00,78.54676666666667,11.015383333333332
2022-11-12 21:30:00,79.34086666666667,11.805358333333345
2022-11-12 22:00:00,79.72203333333333,10.520258333333373
2022-11-12 22:30:00,80.29416666666668,9.97631666666669
2022-11-12 23:00:00,80.96533333333335,10.882116666666676
2022-11-12 23:30:00,81.6575,11.173641666666697
2022-11-13 00:00:00,82.23519999999999,11.91528333333332
2022-11-13 00:30:00,83.0314,12.946408333333338
2022-11-13 01:00:00,83.79523333333334,14.003299999999996
2022-11-13 01:30:00,84.50186666666667,13.535783333333342
2022-11-13 02:00:00,85.22533333333334,13.25795833333332
2022-11-13 02:30:00,85.3788,13.035149999999987
2022-11-13 03:00:00,85.18743333333335,11.955525000000009
2022-11-13 03:30:00,90.6763,12.463100000000011
2022-11-13 04:00:00,92.75,11.440333333333342
2022-11-13 04:30:00,93.35086666666666,10.641383333333323
2022-11-13 05:00:00,93.88183333333333,10.411525000000012
2022-11-13 05:30:00,94.01733333333334,10.69005
2022-11-13 06:00:00,94.07603333333334,11.089375000000004
2022-11-13 06:30:00,94.07736666666668,11.726058333333341
2022-11-13 07:00:00,94.37339999999999,11.929616666666647
2022-11-13 07:30:00,93.98723333333334,12.901391666666669
2022-11-13 08:00:00,92.74536666666668,15.870874999999998
2022-11-13 08:30:00,88.63356666666667,17.466716666666656
2022-11-13 09:00:00,78.63536666666667,24.816583333333327
2022-11-13 09:30:00,67.2351,33.64316666666666
2022-11-13 10:00:00,60.563233333333336,29.813600000000015
2022-11-13 10:30:00,57.22786666666667,23.82149166666668
2022-11-13 11:00:00,56.73683333333334,21.560425000000002
2022-11-13 11:30:00,57.12336666666666,20.881566666666664
2022-11-13 12:00:00,57.72846666666667,20.374558333333333
2022-11-13 12:30:00,59.03883333333333,19.33665
2022-11-13 13:00:00,59.2957,17.87192499999999
2022-11-13 13:30:00,59.97753333333334,18.368758333333332
2022-11-13 14:00:00,58.91403333333333,16.042508333333345
2022-11-13 14:30:00,58.26249999999999,15.455399999999997
2022-11-13 15:00:00,60.31563333333334,14.62475833333334
2022-11-13 15:30:00,61.255966666666666,11.751241666666658
2022-11-13 16:00:00,62.945833333333326,15.640350000000005
2022-11-13 16:30:00,66.1297,14.976150000000004
2022-11-13 17:00:00,70.52493333333334,11.373874999999998
2022-11-13 17:30:00,74.91596666666666,10.48504166666666
2022-11-13 18:00:00,77.57020000000001,11.53332499999999
2022-11-13 18:30:00,79.17013333333333,12.748283333333347
2022-11-13 19:00:00,80.61993333333335,13.08971666666666
2022-11-13 19:30:00,81.4962,14.20608333333334
2022-11-13 20:00:00,82.16506666666666,13.96522499999999
2022-11-13 20:30:00,83.10163333333334,14.205550000000017
2022-11-13 21:00:00,83.87973333333332,14.385108333333335
2022-11-13 21:30:00,84.34136666666666,13.98512500000001
2022-11-13 22:00:00,85.2139,13.763950000000008
2022-11-13 22:30:00,85.8811,14.571174999999997
2022-11-13 23:00:00,85.7062,15.637775000000019
2022-11-13 23:30:00,85.67686666666665,15.883849999999995
2022-11-14 00:00:00,86.22873333333334,15.411791666666659
2022-11-14 00:30:00,86.83993333333333,15.419533333333334
2022-11-14 01:00:00,87.70439999999999,13.851541666666662
2022-11-14 01:30:00,88.65880000000001,13.720725000000002
2022-11-14 02:00:00,89.0605,14.435550000000006
2022-11-14 02:30:00,89.67463333333333,13.682258333333323
2022-11-14 03:00:00,90.1185,14.465808333333342
2022-11-14 03:30:00,90.30673333333334,14.214066666666668
2022-11-14 04:00:00,90.44533333333334,13.747141666666678
2022-11-14 04:30:00,90.56886666666666,14.349750000000014
2022-11-14 05:00:00,90.71676666666667,14.223925000000008
2022-11-14 05:30:00,90.8596,13.559000000000012
2022-11-14 06:00:00,90.50863333333334,15.007383333333351
2022-11-14 06:30:00,87.41576666666666,17.989149999999995
2022-11-14 07:00:00,82.77459999999999,21.53466666666668
2022-11-14 07:30:00,78.72919999999998,18.546308333333343
2022-11-14 08:00:00,71.73033333333333,18.31041666666666
2022-11-14 08:30:00,65.99076666666666,21.02629166666666
2022-11-14 09:00:00,63.58733333333333,17.370075
2022-11-14 09:30:00,60.541666666666664,17.535058333333318
2022-11-14 10:00:00,59.414300000000004,15.98885833333334
2022-11-14 10:30:00,57.70459999999999,14.13143333333332
2022-11-14 11:00:00,57.17766666666667,13.651058333333339
2022-11-14 11:30:00,56.51993333333333,14.248733333333334
2022-11-14 12:00:00,56.48033333333334,18.243975
2022-11-14 12:30:00,56.87233333333334,15.760583333333336
2022-11-14 13:00:00,58.384100000000004,17.44271666666667
2022-11-14 13:30:00,59.65533333333334,19.19898333333333
2022-11-14 14:00:00,60.35666666666666,18.467458333333333
2022-11-14 14:30:00,61.818533333333335,20.844941666666685
2022-11-14 15:00:00,62.321299999999994,18.976616666666665
2022-11-14 15:30:00,63.19193333333334,17.404308333333326
2022-11-14 16:00:00,64.97149999999999,16.22059166666667
2022-11-14 16:30:00,68.59263333333334,13.555424999999985
2022-11-14 17:00:00,72.75966666666667,11.335133333333332
2022-11-14 17:30:00,75.58746666666666,10.538325000000015
2022-11-14 18:00:00,77.23273333333333,12.037066666666675
2022-11-14 18:30:00,78.64320000000001,12.341591666666687
2022-11-14 19:00:00,80.06593333333333,13.300591666666676
2022-11-14 19:30:00,80.7915,13.211083333333335
2022-11-14 20:00:00,80.82796666666665,14.485050000000015
2022-11-14 20:30:00,81.2815,13.247175000000013
2022-11-14 21:00:00,82.19713333333331,13.818833333333359
2022-11-14 21:30:00,83.29563333333333,13.650816666666685
2022-11-14 22:00:00,84.07256666666667,14.21563333333333
2022-11-14 22:30:00,85.05799999999999,13.704258333333343
2022-11-14 23:00:00,84.76093333333333,15.094541666666686
2022-11-14 23:30:00,84.9597,13.583466666666652
2022-11-15 00:00:00,85.54589999999999,13.342466666666667
2022-11-15 00:30:00,86.22776666666667,14.09234166666667
2022-11-15 01:00:00,86.93763333333332,14.442000000000007
2022-11-15 01:30:00,87.90473333333334,14.001708333333326
2022-11-15 02:00:00,88.33273333333332,14.192191666666673
2022-11-15 02:30:00,88.72343333333333,14.284483333333327
2022-11-15 03:00:00,89.0534,14.06558333333335
2022-11-15 03:30:00,89.2233,14.13785
2022-11-15 04:00:00,89.59053333333334,13.630808333333334
2022-11-15 04:30:00,90.08496666666665,14.139166666666682
2022-11-15 05:00:00,90.4283,13.444516666666672
2022-11-15 05:30:00,90.734,13.815825000000018
2022-11-15 06:00:00,90.19026666666666,14.062858333333338
2022-11-15 06:30:00,88.56183333333334,15.245583333333329
2022-11-15 07:00:00,85.38583333333335,16.172366666666676
2022-11-15 07:30:00,80.8807,17.051741666666686
2022-11-15 08:00:00,75.85076666666666,14.519808333333344
2022-11-15 08:30:00,74.19210000000001,12.550574999999995
2022-11-15 09:00:00,71.0712,12.488141666666664
2022-11-15 09:30:00,67.30683333333333,12.080458333333333
2022-11-15 10:00:00,63.77133333333334,12.766983333333336
2022-11-15 10:30:00,62.09376666666667,16.48323333333333
2022-11-15 11:00:00,59.60119999999999,17.57771666666666
2022-11-15 11:30:00,58.666700000000006,20.73047499999999
2022-11-15 12:00:00,60.83319999999999,19.618491666666664
2022-11-15 12:30:00,61.40626666666667,18.95799999999999
2022-11-15 13:00:00,61.32379999999999,15.537266666666667
2022-11-15 13:30:00,60.25343333333334,17.062375000000003
2022-11-15 14:00:00,61.388666666666666,17.91426666666667
2022-11-15 14:30:00,63.486266666666666,15.746024999999996
2022-11-15 15:00:00,65.41510000000002,13.848583333333323
2022-11-15 15:30:00,66.94276666666666,14.704491666666655
2022-11-15 16:00:00,69.75913333333332,14.385633333333331
2022-11-15 16:30:00,72.73713333333333,12.647650000000013
2022-11-15 17:00:00,75.20673333333333,11.110474999999994
2022-11-15 17:30:00,77.53129999999999,10.262283333333329
2022-11-15 18:00:00,78.69426666666668,10.649450000000002
2022-11-15 18:30:00,79.64313333333334,11.725075000000004
2022-11-15 19:00:00,80.2273,12.112791666666666
2022-11-15 19:30:00,80.60956666666667,12.88143333333332
2022-11-15 20:00:00,80.67946666666666,12.327449999999999
2022-11-15 20:30:00,81.31833333333334,12.183750000000018
2022-11-15 21:00:00,81.9313,12.030191666666681
2022-11-15 21:30:00,81.82339999999999,12.887091666666663
2022-11-15 22:00:00,82.0594,12.552025
2022-11-15 22:30:00,82.52629999999998,12.788591666666676
2022-11-15 23:00:00,83.21779999999998,13.56625000000001
2022-11-15 23:30:00,83.38139999999999,12.910541666666688
2022-11-16 00:00:00,84.35226666666667,11.771158333333332
2022-11-16 00:30:00,85.02976666666666,12.425441666666671
2022-11-16 01:00:00,85.3809,13.22085833333334
2022-11-16 01:30:00,85.82443333333333,13.335108333333338
2022-11-16 02:00:00,86.39503333333332,13.592058333333355
2022-11-16 02:30:00,86.74163333333334,13.051283333333345
2022-11-16 03:00:00,87.33436666666668,13.156083333333342
2022-11-16 03:30:00,87.7543,13.399266666666676
2022-11-16 04:00:00,88.2973,13.299716666666669
2022-11-16 04:30:00,88.66340000000001,13.618674999999996
2022-11-16 05:00:00,89.19359999999999,13.786466666666684
2022-11-16 05:30:00,89.25280000000001,13.766616666666678
2022-11-16 06:00:00,88.9255,14.038458333333338
2022-11-16 06:30:00,87.45923333333333,14.814475000000002
2022-11-16 07:00:00,85.76586666666667,14.952099999999987
2022-11-16 07:30:00,82.99543333333335,14.313600000000008
2022-11-16 08:00:00,77.61456666666666,13.36686666666668
2022-11-16 08:30:00,71.55043333333334,15.865991666666652
2022-11-16 09:00:00,67.73483333333334,17.063949999999984
2022-11-16 09:30:00,65.43923333333333,13.701108333333323
2022-11-16 10:00:00,61.56673333333333,18.80475
2022-11-16 10:30:00,57.33969999999999,25.09045833333333
2022-11-16 11:00:00,55.749633333333335,24.821208333333345
2022-11-16 11:30:00,54.33406666666667,26.17106666666667
2022-11-16 12:00:00,53.36916666666666,26.770741666666673
2022-11-16 12:30:00,55.16373333333333,27.158525000000004
2022-11-16 13:00:00,56.39303333333332,25.75151666666664
2022-11-16 13:30:00,58.43573333333334,27.151141666666675
2022-11-16 14:00:00,60.55636666666667,25.07236666666666
2022-11-16 14:30:00,62.37166666666667,18.791891666666658
2022-11-16 15:00:00,65.06226666666667,16.597649999999994
2022-11-16 15:30:00,68.11813333333332,16.581183333333335
2022-11-16 16:00:00,70.3287,14.685883333333337
2022-11-16 16:30:00,72.67846666666665,13.378225
2022-11-16 17:00:00,75.69296666666666,10.725916666666663
2022-11-16 17:30:00,77.3825,10.95161666666668
2022-11-16 18:00:00,78.68643333333333,11.295783333333333
2022-11-16 18:30:00,79.36173333333333,11.684583333333364
2022-11-16 19:00:00,79.87016666666668,12.578883333333337
2022-11-16 19:30:00,79.93366666666665,12.18698333333333
2022-11-16 20:00:00,80.47896666666665,12.609000000000009
2022-11-16 20:30:00,80.91476666666668,13.594233333333321
2022-11-16 21:00:00,81.76796666666667,13.06743333333334
2022-11-16 21:30:00,81.95243333333333,13.699941666666689
2022-11-16 22:00:00,82.27323333333334,12.853491666666685
2022-11-16 22:30:00,82.74473333333333,11.951625000000007
2022-11-16 23:00:00,83.46716666666666,12.786608333333334
2022-11-16 23:30:00,83.9872,14.020908333333324
2022-11-17 00:00:00,84.292,15.189191666666673
2022-11-17 00:30:00,85.0687,16.189808333333332
2022-11-17 01:00:00,85.5639,14.42517500000001
2022-11-17 01:30:00,86.06210000000002,14.318016666666665
2022-11-17 02:00:00,86.57956666666668,13.415700000000001
2022-11-17 02:30:00,87.28113333333333,13.764116666666695
2022-11-17 03:00:00,87.819,14.049883333333355
2022-11-17 03:30:00,88.6085,13.496116666666666
2022-11-17 04:00:00,89.19046666666667,13.918100000000024
2022-11-17 04:30:00,89.22633333333333,14.428574999999995
2022-11-17 05:00:00,89.43436666666666,14.305416666666659
2022-11-17 05:30:00,89.59493333333333,14.005308333333332
2022-11-17 06:00:00,89.64396666666667,13.561333333333351
2022-11-17 06:30:00,86.92276666666666,17.11499166666667
2022-11-17 07:00:00,82.36646666666667,20.102741666666674
2022-11-17 07:30:00,77.98670000000001,19.08448333333334
2022-11-17 08:00:00,75.42779999999999,14.492575000000002
2022-11-17 08:30:00,71.29296666666667,14.630633333333328
2022-11-17 09:00:00,68.1491,14.237583333333326
2022-11-17 09:30:00,64.59166666666667,19.38093333333334
2022-11-17 10:00:00,62.466566666666665,18.45078333333332
2022-11-17 10:30:00,60.26053333333334,20.634466666666654
2022-11-17 11:00:00,59.98016666666666,18.116841666666666
2022-11-17 11:30:00,59.04923333333333,20.522083333333327
2022-11-17 12:00:00,58.62983333333333,20.722191666666646
2022-11-17 12:30:00,59.65386666666666,18.268291666666663
2022-11-17 13:00:00,59.888400000000004,16.88646666666667
2022-11-17 13:30:00,59.974199999999996,17.346166666666676
2022-11-17 14:00:00,60.73833333333333,16.37785833333333
2022-11-17 14:30:00,63.147499999999994,17.631866666666667
2022-11-17 15:00:00,64.9838,17.635949999999994
2022-11-17 15:30:00,67.19813333333333,16.757616666666678
2022-11-17 16:00:00,69.04873333333333,14.788633333333344
2022-11-17 16:30:00,72.07903333333334,13.559916666666666
2022-11-17 17:00:00,74.9084,12.696133333333322
2022-11-17 17:30:00,77.55269999999999,11.04776666666666
2022-11-17 18:00:00,78.53540000000001,11.642983333333333
2022-11-17 18:30:00,79.12106666666666,12.234983333333375
2022-11-17 19:00:00,79.51700000000001,11.903475
2022-11-17 19:30:00,79.7513,12.398591666666675
2022-11-17 20:00:00,79.89056666666667,12.484316666666672
2022-11-17 20:30:00,80.4834,12.957341666666679
2022-11-17 21:00:00,80.87110000000001,12.783791666666673
2022-11-17 21:30:00,81.41389999999998,12.24663333333335
2022-11-17 22:00:00,81.67096666666666,13.224391666666662
2022-11-17 22:30:00,82.04753333333333,13.958766666666662
2022-11-17 23:00:00,82.14036666666667,14.910891666666672
2022-11-17 23:30:00,82.53566666666666,14.928233333333338
2022-11-18 00:00:00,82.9697,14.615100000000012
2022-11-18 00:30:00,83.31866666666666,14.123758333333356
2022-11-18 01:00:00,83.40996666666668,14.44331666666669
2022-11-18 01:30:00,83.8538,14.050675000000012
2022-11-18 02:00:00,84.3354,13.575666666666663
2022-11-18 02:30:00,84.10823333333333,14.543141666666699
2022-11-18 03:00:00,84.57826666666668,14.679091666666693
2022-11-18 03:30:00,84.99983333333333,14.926091666666679
2022-11-18 04:00:00,85.48249999999999,14.095708333333334
2022-11-18 04:30:00,85.82369999999999,13.204975000000005
2022-11-18 05:00:00,85.87216666666666,13.554833333333335
2022-11-18 05:30:00,86.2846,13.980216666666678
2022-11-18 06:00:00,86.56306666666667,15.42858333333335
2022-11-18 06:30:00,85.0475,14.391341666666676
2022-11-18 07:00:00,80.90763333333334,14.767083333333346
2022-11-18 07:30:00,74.65106666666665,17.021808333333325
2022-11-18 08:00:00,72.68953333333333,12.807725000000005
2022-11-18 08:30:00,68.32820000000001,16.112066666666664
2022-11-18 09:00:00,64.1723,15.50549999999999
2022-11-18 09:30:00,61.723466666666674,9.532974999999993
2022-11-18 10:00:00,60.83633333333334,9.692225
2022-11-18 10:30:00,60.058299999999996,12.187358333333336
2022-11-18 11:00:00,58.33956666666667,8.707766666666664
2022-11-18 11:30:00,56.05530000000001,11.774541666666678
2022-11-18 12:00:00,54.968066666666665,11.340758333333326
2022-11-18 12:30:00,54.48866666666667,11.193641666666664
2022-11-18 13:00:00,54.6298,11.634716666666655
2022-11-18 13:30:00,54.677566666666664,13.930541666666677
2022-11-18 14:00:00,54.797966666666674,14.895733333333332
2022-11-18 14:30:00,56.949900000000014,18.645949999999992
2022-11-18 15:00:00,59.409466666666674,19.437308333333327
2022-11-18 15:30:00,62.566100000000006,19.903258333333333
2022-11-18 16:00:00,64.32586666666666,16.167100000000005
2022-11-18 16:30:00,67.21466666666666,14.028941666666661
2022-11-18 17:00:00,70.95506666666665,12.64693333333333
2022-11-18 17:30:00,74.77703333333334,10.089691666666653
2022-11-18 18:00:00,76.53833333333333,10.295541666666665
2022-11-18 18:30:00,77.64466666666667,11.08035000000001
2022-11-18 19:00:00,78.3456,11.610491666666675
2022-11-18 19:30:00,78.95333333333335,12.96768333333334
2022-11-18 20:00:00,79.4773,12.962183333333343
2022-11-18 20:30:00,80.07403333333335,13.606941666666671
2022-11-18 21:00:00,80.13063333333335,13.675383333333329
2022-11-18 21:30:00,80.72953333333332,13.763666666666666
2022-11-18 22:00:00,81.13053333333335,13.952549999999988
2022-11-18 22:30:00,81.5894,14.275116666666662
2022-11-18 23:00:00,81.89626666666666,13.086708333333334
2022-11-18 23:30:00,82.43823333333333,14.198375000000013
2022-11-19 00:00:00,83.17806666666667,13.022975000000017
2022-11-19 00:30:00,83.75713333333331,14.605391666666677
2022-11-19 01:00:00,84.54943333333333,13.541533333333334
2022-11-19 01:30:00,84.78873333333334,14.355508333333333
2022-11-19 02:00:00,84.88546666666666,12.694908333333359
2022-11-19 02:30:00,85.70163333333332,13.371033333333344
2022-11-19 03:00:00,86.54326666666665,13.866241666666667
2022-11-19 03:30:00,87.11746666666667,14.595233333333354
2022-11-19 04:00:00,88.0462,14.74750000000003
2022-11-19 04:30:00,88.43723333333334,13.801833333333335
2022-11-19 05:00:00,88.70160000000001,14.135349999999988
2022-11-19 05:30:00,89.0821,13.797325000000015
2022-11-19 06:00:00,88.99499999999999,14.46434166666667
2022-11-19 06:30:00,87.0258,15.789766666666665
2022-11-19 07:00:00,82.64160000000001,17.492225000000005
2022-11-19 07:30:00,76.59,17.996483333333344
2022-11-19 08:00:00,70.76016666666666,18.961383333333337
2022-11-19 08:30:00,66.3535,20.601791666666664
2022-11-19 09:00:00,63.23546666666666,19.688458333333337
2022-11-19 09:30:00,61.89496666666666,19.35956666666665
2022-11-19 10:00:00,60.967000000000006,19.634716666666662
2022-11-19 10:30:00,60.290499999999994,18.66679166666666
2022-11-19 11:00:00,59.01206666666667,20.241358333333338
2022-11-19 11:30:00,58.877533333333325,15.25406666666666
2022-11-19 12:00:00,58.55526666666667,14.830099999999995
2022-11-19 12:30:00,58.10583333333333,16.921775000000004
2022-11-19 13:00:00,58.7682,17.644516666666682
2022-11-19 13:30:00,59.427233333333334,17.238341666666678
2022-11-19 14:00:00,60.48480000000001,13.721766666666667
2022-11-19 14:30:00,61.72106666666666,11.268716666666663
2022-11-19 15:00:00,62.38430000000001,17.489383333333322
2022-11-19 15:30:00,65.3318,14.727066666666673
2022-11-19 16:00:00,70.00989999999999,12.807108333333332
2022-11-19 16:30:00,71.61456666666666,11.985358333333323
2022-11-19 17:00:00,73.25426666666667,8.890166666666673
2022-11-19 17:30:00,75.10996666666668,8.830366666666663
2022-11-19 18:00:00,77.10606666666665,9.678883333333332
2022-11-19 18:30:00,78.64933333333333,9.049875
2022-11-19 19:00:00,79.3227,8.97692499999998
2022-11-19 19:30:00,79.72999999999999,6.5940333333333285
2022-11-19 20:00:00,80.60036666666666,7.354483333333349
2022-11-19 20:30:00,80.71826666666666,9.898858333333337
2022-11-19 21:00:00,80.96706666666667,9.484416666666675
2022-11-19 21:30:00,81.86376666666668,10.518191666666667
2022-11-19 22:00:00,82.0534,11.457658333333328
2022-11-19 22:30:00,84.2034,19.884441666666675
2022-11-19 23:00:00,86.12783333333333,24.595816666666664
2022-11-19 23:30:00,92.15950000000001,24.168158333333338
2022-11-20 00:00:00,94.59723333333334,22.651091666666673
2022-11-20 00:30:00,96.1002,29.777050000000003
2022-11-20 01:00:00,96.30923333333332,29.867475000000013
2022-11-20 01:30:00,96.80019999999999,29.416333333333327
2022-11-20 02:00:00,96.78463333333335,29.071250000000006
2022-11-20 02:30:00,97.09623333333334,29.72681666666668
2022-11-20 03:00:00,97.01596666666669,30.824808333333337
2022-11-20 03:30:00,96.87536666666668,31.651291666666665
2022-11-20 04:00:00,96.83526666666668,31.65201666666667
2022-11-20 04:30:00,96.68586666666667,30.87541666666668
2022-11-20 05:00:00,96.5078,31.57620833333334
2022-11-20 05:30:00,96.45166666666667,31.348208333333332
2022-11-20 06:00:00,96.0078,32.677875000000014
2022-11-20 06:30:00,95.93633333333332,33.22814166666667
2022-11-20 07:00:00,95.59506666666667,34.27582500000001
2022-11-20 07:30:00,94.73859999999999,35.46580833333334
2022-11-20 08:00:00,93.0351,37.483125
2022-11-20 08:30:00,89.3628,40.200841666666676
2022-11-20 09:00:00,82.89059999999999,48.06323333333333
2022-11-20 09:30:00,76.73116666666667,52.259166666666665
2022-11-20 10:00:00,73.11246666666666,49.36553333333333
2022-11-20 10:30:00,70.41913333333335,50.112400000000015
2022-11-20 11:00:00,69.5772,51.32010000000001
2022-11-20 11:30:00,70.05346666666667,53.00990000000001
2022-11-20 12:00:00,70.69553333333333,54.24945833333336
2022-11-20 12:30:00,70.58183333333332,55.907175
2022-11-20 13:00:00,69.9937,54.68850000000001
2022-11-20 13:30:00,70.07700000000001,51.74004166666669
2022-11-20 14:00:00,69.72003333333332,51.25829166666668
2022-11-20 14:30:00,69.04023333333335,54.73490833333335
2022-11-20 15:00:00,68.62426666666667,54.78725000000001
2022-11-20 15:30:00,70.31926666666666,52.55355000000001
2022-11-20 16:00:00,73.44406666666667,49.72792500000002
2022-11-20 16:30:00,74.96730000000001,24.981183333333334
2022-11-20 17:00:00,77.27406666666666,16.211683333333326
2022-11-20 17:30:00,79.32650000000001,13.623525000000015
2022-11-20 18:00:00,80.56523333333334,14.12785000000001
2022-11-20 18:30:00,81.63616666666667,14.642416666666676
2022-11-20 19:00:00,82.19453333333334,15.387275000000017
2022-11-20 19:30:00,82.72650000000002,14.304333333333332
2022-11-20 20:00:00,82.98833333333334,11.64433333333335
2022-11-20 20:30:00,83.35370000000002,12.76547500000001
2022-11-20 21:00:00,83.66306666666667,13.665033333333355
2022-11-20 21:30:00,84.12343333333334,14.29140000000001
2022-11-20 22:00:00,84.23839999999998,13.677599999999998
2022-11-20 22:30:00,84.7631,13.484908333333323
2022-11-20 23:00:00,84.85536666666667,13.716666666666654
2022-11-20 23:30:00,85.25756666666668,13.814108333333309
2022-11-21 00:00:00,86.0077,13.639874999999975
2022-11-21 00:30:00,86.06916666666667,13.507099999999994
2022-11-21 01:00:00,86.57026666666668,12.708950000000002
2022-11-21 01:30:00,87.2995,13.871508333333338
2022-11-21 02:00:00,88.28176666666667,13.253641666666667
2022-11-21 02:30:00,89.01650000000001,13.83475833333334
2022-11-21 03:00:00,89.76,14.222125000000005
2022-11-21 03:30:00,90.3232,14.64165833333334
2022-11-21 04:00:00,90.69866666666667,15.192741666666691
2022-11-21 04:30:00,91.14993333333332,14.418699999999987
2022-11-21 05:00:00,91.37486666666666,14.251725000000008
2022-11-21 05:30:00,91.73400000000001,14.684550000000002
2022-11-21 06:00:00,91.76923333333335,14.711083333333335
2022-11-21 06:30:00,89.45343333333334,18.65695000000001
2022-11-21 07:00:00,85.3347,21.348475000000008
2022-11-21 07:30:00,80.48566666666666,20.8652
2022-11-21 08:00:00,74.79729999999999,18.660083333333347
2022-11-21 08:30:00,72.33340000000001,15.970274999999987
2022-11-21 09:00:00,69.22516666666668,16.726241666666667
2022-11-21 09:30:00,65.0747,22.62614999999999
2022-11-21 10:00:00,62.27523333333333,17.93810833333334
2022-11-21 10:30:00,60.48106666666666,17.208058333333334
2022-11-21 11:00:00,59.713566666666665,18.848700000000008
2022-11-21 11:30:00,60.0173,19.547475
2022-11-21 12:00:00,60.600633333333334,20.434758333333335
2022-11-21 12:30:00,61.256899999999995,18.889150000000008
2022-11-21 13:00:00,61.80426666666667,16.452233333333318
2022-11-21 13:30:00,62.11366666666667,16.57725833333332
2022-11-21 14:00:00,62.615199999999994,16.350783333333325
2022-11-21 14:30:00,63.42546666666667,16.52846666666666
2022-11-21 15:00:00,64.1841,17.878958333333344
2022-11-21 15:30:00,65.18653333333333,18.05209166666667
2022-11-21 16:00:00,67.13933333333333,16.814591666666665
2022-11-21 16:30:00,70.0427,14.379333333333342
2022-11-21 17:00:00,72.91786666666665,11.510791666666663
2022-11-21 17:30:00,76.13329999999999,9.87426666666667
2022-11-21 18:00:00,78.10663333333333,10.539483333333337
2022-11-21 18:30:00,79.39473333333333,11.857174999999998
2022-11-21 19:00:00,80.2927,12.301908333333358
2022-11-21 19:30:00,80.8717,12.635008333333332
2022-11-21 20:00:00,81.4371,13.288691666666665
2022-11-21 20:30:00,82.21126666666666,13.412250000000014
2022-11-21 21:00:00,82.53836666666666,13.705208333333346
2022-11-21 21:30:00,83.03356666666669,13.856233333333336
2022-11-21 22:00:00,83.8334,13.718925000000013
2022-11-21 22:30:00,84.28856666666667,14.034641666666658
2022-11-21 23:00:00,84.5731,13.107566666666656
2022-11-21 23:30:00,84.99093333333333,13.82464166666665
2022-11-22 00:00:00,85.74266666666665,14.145175000000023
2022-11-22 00:30:00,86.33173333333333,14.117308333333341
2022-11-22 01:00:00,87.15336666666666,14.718549999999993
2022-11-22 01:30:00,87.8462,14.656933333333328
2022-11-22 02:00:00,88.51096666666666,14.531591666666685
2022-11-22 02:30:00,89.14013333333334,15.02362500000001
2022-11-22 03:00:00,90.01383333333332,15.066475000000011
2022-11-22 03:30:00,90.56393333333332,15.239358333333342
2022-11-22 04:00:00,90.91773333333332,14.90088333333334
2022-11-22 04:30:00,91.22586666666668,15.11585833333335
2022-11-22 05:00:00,91.6656,15.156591666666671
2022-11-22 05:30:00,91.81993333333335,14.914408333333341
2022-11-22 06:00:00,92.22136666666667,15.56375833333334
2022-11-22 06:30:00,90.23516666666667,20.70214999999999
2022-11-22 07:00:00,85.69563333333333,23.23338333333332
2022-11-22 07:30:00,79.93403333333332,22.783716666666663
2022-11-22 08:00:00,75.14573333333333,18.906691666666674
2022-11-22 08:30:00,75.10943333333333,11.326758333333316
2022-11-22 09:00:00,72.49040000000001,12.660733333333326
2022-11-22 09:30:00,69.82546666666667,11.062241666666658
2022-11-22 10:00:00,66.08776666666668,12.671649999999985
2022-11-22 10:30:00,63.60956666666666,14.495325000000008
2022-11-22 11:00:00,60.77560000000001,16.549458333333327
2022-11-22 11:30:00,58.445933333333336,16.810774999999992
2022-11-22 12:00:00,57.41629999999999,19.539550000000006
2022-11-22 12:30:00,58.5712,16.800499999999992
2022-11-22 13:00:00,59.03423333333335,13.454425
2022-11-22 13:30:00,58.95550000000001,12.411425000000001
2022-11-22 14:00:00,59.587199999999996,14.103549999999998
2022-11-22 14:30:00,60.39723333333334,18.41949166666666
2022-11-22 15:00:00,61.58173333333334,19.42893333333332
2022-11-22 15:30:00,63.7077,18.022066666666674
2022-11-22 16:00:00,65.67696666666667,18.559208333333338
2022-11-22 16:30:00,68.83109999999999,15.913208333333337
2022-11-22 17:00:00,72.61286666666666,12.14932499999999
2022-11-22 17:30:00,75.70066666666665,10.531616666666665
2022-11-22 18:00:00,78.0059,10.926208333333335
2022-11-22 18:30:00,78.76716666666667,11.839741666666669
2022-11-22 19:00:00,79.91036666666666,12.420033333333336
2022-11-22 19:30:00,80.58903333333332,13.008550000000014
2022-11-22 20:00:00,81.3278,12.900716666666668
2022-11-22 20:30:00,82.23633333333333,13.298666666666662
2022-11-22 21:00:00,82.73703333333333,13.281733333333335
2022-11-22 21:30:00,82.73666666666666,13.29720833333333
2022-11-22 22:00:00,83.31656666666666,14.176308333333338
2022-11-22 22:30:00,83.81009999999999,14.042000000000002
2022-11-22 23:00:00,84.0178,14.582066666666691
2022-11-22 23:30:00,84.42996666666666,13.455025000000006
2022-11-23 00:00:00,85.16049999999998,12.664216666666661
2022-11-23 00:30:00,86.11536666666666,13.837891666666664
2022-11-23 01:00:00,86.9195,14.424074999999988
2022-11-23 01:30:00,87.78803333333333,14.711024999999992
2022-11-23 02:00:00,88.16720000000001,14.806125000000009
2022-11-23 02:30:00,89.02893333333333,14.083933333333349
2022-11-23 03:00:00,89.45753333333334,14.437041666666659
2022-11-23 03:30:00,89.9559,14.772041666666667
2022-11-23 04:00:00,90.3133,14.657883333333345
2022-11-23 04:30:00,90.7234,14.344308333333345
2022-11-23 05:00:00,90.76813333333334,14.447450000000018
2022-11-23 05:30:00,91.21093333333333,14.477024999999998
2022-11-23 06:00:00,91.272,15.250141666666664
2022-11-23 06:30:00,88.75713333333333,18.71584999999999
2022-11-23 07:00:00,84.32486666666667,20.87064166666667
2022-11-23 07:30:00,79.35383333333334,21.35022500000001
2022-11-23 08:00:00,73.80056666666667,19.772483333333334
2022-11-23 08:30:00,71.02576666666667,20.26456666666666
2022-11-23 09:00:00,68.70683333333334,16.51690833333334
2022-11-23 09:30:00,64.25796666666668,20.96433333333332
2022-11-23 10:00:00,62.71106666666667,17.22503333333332
2022-11-23 10:30:00,60.29476666666666,16.014233333333323
2022-11-23 11:00:00,58.614833333333344,18.141550000000002
2022-11-23 11:30:00,58.80693333333333,19.039975000000005
2022-11-23 12:00:00,58.154566666666675,16.36799166666666
2022-11-23 12:30:00,66.47930000000001,31.03769166666666
2022-11-23 13:00:00,70.6782,28.619058333333328
2022-11-23 13:30:00,69.55986666666668,38.35284166666666
2022-11-23 14:00:00,72.07533333333332,31.63035
2022-11-23 14:30:00,74.97403333333332,25.143316666666664
2022-11-23 15:00:00,75.7796,21.037641666666687
2022-11-23 15:30:00,76.29676666666667,19.42975833333334
2022-11-23 16:00:00,76.8347,20.30814166666667
2022-11-23 16:30:00,77.81083333333332,19.71929999999999
2022-11-23 17:00:00,78.1741,17.951075000000003
2022-11-23 17:30:00,79.1659,18.727408333333344
2022-11-23 18:00:00,80.3798,17.620391666666663
2022-11-23 18:30:00,81.21716666666666,16.665916666666675
2022-11-23 19:00:00,82.25226666666666,17.38725000000001
2022-11-23 19:30:00,83.29956666666668,16.55210833333335
2022-11-23 20:00:00,84.03116666666668,16.64108333333334
2022-11-23 20:30:00,84.30433333333333,18.201641666666674
2022-11-23 21:00:00,84.66113333333332,18.843016666666685
2022-11-23 21:30:00,85.20076666666668,17.01070833333334
2022-11-23 22:00:00,85.76236666666667,18.17443333333337
2022-11-23 22:30:00,86.24116666666666,16.641341666666662
2022-11-23 23:00:00,86.80406666666667,16.992758333333327
2022-11-23 23:30:00,87.3000333333333,16.946141666666662
2022-11-24 00:00:00,87.72196666666666,16.736433333333338
2022-11-24 00:30:00,88.01066666666668,16.30316666666667
2022-11-24 01:00:00,88.3713,15.604516666666669
2022-11-24 01:30:00,88.81269999999999,14.824225000000013
2022-11-24 02:00:00,89.39253333333333,14.905200000000008
2022-11-24 02:30:00,89.494,15.436558333333323
2022-11-24 03:00:00,89.91770000000001,15.382608333333337
2022-11-24 03:30:00,90.03903333333334,15.87221666666666
2022-11-24 04:00:00,90.41363333333334,15.663699999999992
2022-11-24 04:30:00,90.81906666666666,15.780483333333336
2022-11-24 05:00:00,90.80426666666666,16.562275000000014
2022-11-24 05:30:00,91.1585,16.799866666666674
2022-11-24 06:00:00,91.19149999999999,17.012883333333335
2022-11-24 06:30:00,89.44546666666666,20.504949999999994
2022-11-24 07:00:00,85.77326666666666,20.56275000000001
2022-11-24 07:30:00,82.70743333333333,16.446083333333334
2022-11-24 08:00:00,78.922,10.719591666666673
2022-11-24 08:30:00,73.81533333333333,13.480891666666679
2022-11-24 09:00:00,69.34566666666667,16.12801666666666
2022-11-24 09:30:00,67.20053333333333,12.870383333333308
2022-11-24 10:00:00,63.90103333333334,11.679599999999986
2022-11-24 10:30:00,59.39726666666667,15.559699999999992
2022-11-24 11:00:00,58.037166666666664,13.938900000000011
2022-11-24 11:30:00,59.37813333333334,14.555725000000002
2022-11-24 12:00:00,60.76816666666667,16.57100833333333
2022-11-24 12:30:00,61.29433333333334,17.58946666666666
2022-11-24 13:00:00,62.8677,12.265799999999992
2022-11-24 13:30:00,63.31073333333334,12.631250000000009
2022-11-24 14:00:00,62.9129,11.845024999999993
2022-11-24 14:30:00,62.13016666666666,12.652891666666662
2022-11-24 15:00:00,60.7125,10.691183333333349
2022-11-24 15:30:00,61.798833333333334,7.723008333333333
2022-11-24 16:00:00,64.5626,10.927866666666674
2022-11-24 16:30:00,68.55856666666668,10.675399999999996
2022-11-24 17:00:00,73.4349,14.036524999999997
2022-11-24 17:30:00,77.60589999999999,11.414283333333316
2022-11-24 18:00:00,80.67089999999999,10.738258333333349
2022-11-24 18:30:00,82.0684,12.301608333333348
2022-11-24 19:00:00,83.20073333333332,13.895241666666678
2022-11-24 19:30:00,83.4752,14.790116666666663
2022-11-24 20:00:00,83.42676666666667,14.939824999999985
2022-11-24 20:30:00,83.614,15.262883333333335
2022-11-24 21:00:00,83.51553333333334,15.741833333333332
2022-11-24 21:30:00,83.74956666666667,15.677041666666668
2022-11-24 22:00:00,84.54339999999999,15.140016666666696
2022-11-24 22:30:00,85.07539999999999,14.391233333333332
2022-11-24 23:00:00,85.61166666666666,14.25650833333333
2022-11-24 23:30:00,86.244,14.723158333333345
2022-11-25 00:00:00,86.57186666666665,14.447524999999999
2022-11-25 00:30:00,87.39376666666666,15.007591666666684
2022-11-25 01:00:00,87.64133333333334,14.948925000000017
2022-11-25 01:30:00,88.1526,14.210816666666659
2022-11-25 02:00:00,88.3152,14.800308333333334
2022-11-25 02:30:00,89.02513333333333,14.686750000000018
2022-11-25 03:00:00,89.48593333333334,14.892016666666663
2022-11-25 03:30:00,89.87066666666666,14.20712499999999
2022-11-25 04:00:00,90.25619999999999,14.014600000000002
2022-11-25 04:30:00,90.59623333333334,13.979175000000012
2022-11-25 05:00:00,90.8536,14.503666666666689
2022-11-25 05:30:00,91.06869999999999,14.698191666666688
2022-11-25 06:00:00,90.75186666666667,14.875399999999999
2022-11-25 06:30:00,88.65153333333333,18.06256666666667
2022-11-25 07:00:00,85.00986666666667,20.38022500000001
2022-11-25 07:30:00,81.5274,18.42406666666666
2022-11-25 08:00:00,76.77043333333333,14.808099999999996
2022-11-25 08:30:00,72.93583333333333,14.04754166666666
2022-11-25 09:00:00,68.9339,16.406241666666645
2022-11-25 09:30:00,64.9272,17.829758333333324
2022-11-25 10:00:00,62.182100000000005,18.28945833333332
2022-11-25 10:30:00,59.828633333333336,18.22475833333334
2022-11-25 11:00:00,57.48696666666666,22.504216666666657
2022-11-25 11:30:00,56.11723333333333,24.87805833333333
2022-11-25 12:00:00,55.40509999999999,30.26140833333333
2022-11-25 12:30:00,56.46396666666667,22.571008333333324
2022-11-25 13:00:00,58.44166666666668,22.791633333333337
2022-11-25 13:30:00,60.27313333333334,23.477925
2022-11-25 14:00:00,62.12949999999999,19.267466666666664
2022-11-25 14:30:00,62.326633333333334,16.239958333333327
2022-11-25 15:00:00,63.849833333333336,16.435499999999998
2022-11-25 15:30:00,65.88716666666667,16.365508333333317
2022-11-25 16:00:00,68.49520000000001,14.822558333333326
2022-11-25 16:30:00,71.465,15.010766666666669
2022-11-25 17:00:00,74.92463333333333,13.134508333333315
2022-11-25 17:30:00,78.27133333333333,11.746224999999995
2022-11-25 18:00:00,80.60306666666668,11.463175000000021
2022-11-25 18:30:00,82.06996666666666,12.429433333333336
2022-11-25 19:00:00,82.50316666666667,12.794083333333347
2022-11-25 19:30:00,83.1709,12.284608333333338
2022-11-25 20:00:00,83.58446666666666,12.506508333333343
2022-11-25 20:30:00,83.6187,13.853708333333344
2022-11-25 21:00:00,83.66686666666666,13.873725000000007
2022-11-25 21:30:00,83.80033333333333,14.09886666666668
2022-11-25 22:00:00,84.26176666666666,14.429850000000002
2022-11-25 22:30:00,84.34716666666665,14.813733333333346
2022-11-25 23:00:00,84.71310000000001,14.691725000000005
2022-11-25 23:30:00,84.94216666666668,13.19854166666667
2022-11-26 00:00:00,85.45169999999999,13.703191666666655
2022-11-26 00:30:00,85.93966666666668,14.350433333333342
2022-11-26 01:00:00,86.58599999999998,13.914216666666675
2022-11-26 01:30:00,87.2024,13.535208333333344
2022-11-26 02:00:00,87.78163333333333,13.887000000000015
2022-11-26 02:30:00,88.2774,14.636250000000004
2022-11-26 03:00:00,88.98076666666667,14.616624999999999
2022-11-26 03:30:00,89.1288,14.53876666666666
2022-11-26 04:00:00,89.17163333333335,15.190849999999998
2022-11-26 04:30:00,89.59566666666666,14.461033333333347
2022-11-26 05:00:00,90.01533333333334,14.180724999999995
2022-11-26 05:30:00,90.60853333333333,14.368708333333345
2022-11-26 06:00:00,90.70413333333333,14.688216666666676
2022-11-26 06:30:00,89.21659999999999,16.074216666666658
2022-11-26 07:00:00,85.59633333333333,18.327958333333328
2022-11-26 07:30:00,80.83776666666667,19.03701666666666
2022-11-26 08:00:00,76.53513333333333,14.754466666666659
2022-11-26 08:30:00,73.43599999999999,12.773966666666666
2022-11-26 09:00:00,71.71000000000001,12.632024999999999
2022-11-26 09:30:00,67.72250000000001,13.75096666666667
2022-11-26 10:00:00,65.48956666666666,11.899508333333316
2022-11-26 10:30:00,63.227333333333334,13.882466666666666
2022-11-26 11:00:00,61.30603333333333,17.18570833333331
2022-11-26 11:30:00,61.666500000000006,18.406266666666667
2022-11-26 12:00:00,62.48416666666666,18.606891666666655
2022-11-26 12:30:00,63.26226666666666,16.337283333333318
2022-11-26 13:00:00,64.4822,15.07801666666667
2022-11-26 13:30:00,64.6021,13.574474999999993
2022-11-26 14:00:00,64.23753333333335,15.163991666666654
2022-11-26 14:30:00,64.70586666666665,16.68879166666666
2022-11-26 15:00:00,65.77349999999998,16.660100000000007
2022-11-26 15:30:00,67.19306666666668,15.508566666666646
2022-11-26 16:00:00,69.15073333333333,14.89654166666665
2022-11-26 16:30:00,72.57069999999999,13.075791666666674
2022-11-26 17:00:00,76.2628,11.55572500000001
2022-11-26 17:30:00,78.61143333333334,10.780833333333334
2022-11-26 18:00:00,79.75483333333334,11.608708333333325
2022-11-26 18:30:00,80.42676666666668,12.28007500000001
2022-11-26 19:00:00,81.03966666666666,13.80435833333334
2022-11-26 19:30:00,81.77860000000001,13.48038333333335
2022-11-26 20:00:00,82.27476666666666,13.759483333333321
2022-11-26 20:30:00,82.8507,13.04858333333334
2022-11-26 21:00:00,83.2616,13.255191666666676
2022-11-26 21:30:00,83.64053333333332,13.265516666666684
2022-11-26 22:00:00,84.12273333333333,13.713541666666671
2022-11-26 22:30:00,84.26946666666666,13.788858333333337
2022-11-26 23:00:00,83.97946666666665,13.245391666666677
2022-11-26 23:30:00,83.89399999999998,12.66820833333334
2022-11-27 00:00:00,84.83923333333334,12.816083333333339
2022-11-27 00:30:00,85.33223333333333,12.755450000000025
2022-11-27 01:00:00,86.0074,12.766424999999998
2022-11-27 01:30:00,86.576,13.541608333333329
2022-11-27 02:00:00,87.31283333333332,13.820966666666678
2022-11-27 02:30:00,87.69476666666667,13.529183333333322
2022-11-27 03:00:00,88.46073333333334,13.212175000000002
2022-11-27 03:30:00,89.08953333333332,13.811666666666667
2022-11-27 04:00:00,89.54416666666667,13.195716666666655
2022-11-27 04:30:00,89.76306666666666,13.745500000000007
2022-11-27 05:00:00,89.8625,13.836366666666677
2022-11-27 05:30:00,90.23446666666666,13.777650000000008
2022-11-27 06:00:00,90.14346666666667,13.844141666666673
2022-11-27 06:30:00,88.63006666666666,15.940866666666665
2022-11-27 07:00:00,84.9632,18.012816666666666
2022-11-27 07:30:00,80.41093333333333,17.696183333333337
2022-11-27 08:00:00,74.8779,14.369091666666677
2022-11-27 08:30:00,70.10733333333333,18.098650000000013
2022-11-27 09:00:00,66.88323333333334,18.591583333333325
2022-11-27 09:30:00,64.21313333333333,20.366699999999994
2022-11-27 10:00:00,63.622,16.820783333333324
2022-11-27 10:30:00,60.6375,17.88295833333332
2022-11-27 11:00:00,59.639300000000006,17.424974999999996
2022-11-27 11:30:00,60.701866666666675,19.33604166666666
2022-11-27 12:00:00,60.31343333333333,20.247274999999988
2022-11-27 12:30:00,60.24680000000001,17.440791666666655
2022-11-27 13:00:00,60.69553333333333,17.71769999999998
2022-11-27 13:30:00,61.0957,20.621091666666665
2022-11-27 14:00:00,62.36313333333334,20.047291666666666
2022-11-27 14:30:00,70.29976666666667,17.769616666666664
2022-11-27 15:00:00,72.19936666666668,14.825616666666676
2022-11-27 15:30:00,74.3038,10.413941666666659
2022-11-27 16:00:00,76.71860000000001,9.27832500000001
2022-11-27 16:30:00,77.62523333333334,9.267524999999992
2022-11-27 17:00:00,78.32723333333334,10.487358333333333
2022-11-27 17:30:00,79.8195,10.796975000000003
2022-11-27 18:00:00,80.35900000000001,11.610675
2022-11-27 18:30:00,79.58543333333333,15.883491666666671
2022-11-27 19:00:00,78.09273333333334,16.447216666666662
2022-11-27 19:30:00,78.30909999999999,12.657325
2022-11-27 20:00:00,79.83343333333332,8.450691666666671
2022-11-27 20:30:00,81.78876666666667,10.334775000000022
2022-11-27 21:00:00,83.01246666666665,11.596025000000012
2022-11-27 21:30:00,83.66773333333333,11.507675000000006
2022-11-27 22:00:00,83.92519999999999,12.557108333333346
2022-11-27 22:30:00,84.31043333333335,12.266316666666654
2022-11-27 23:00:00,85.14833333333334,12.835774999999998
2022-11-27 23:30:00,85.81983333333332,12.200150000000022
2022-11-28 00:00:00,85.9453,11.896966666666671
2022-11-28 00:30:00,86.32093333333333,12.005025000000003
2022-11-28 01:00:00,86.7535,13.023274999999984
2022-11-28 01:30:00,87.12243333333333,12.919849999999997
2022-11-28 02:00:00,87.6758,13.50995833333333
2022-11-28 02:30:00,87.47470000000001,12.666641666666678
2022-11-28 03:00:00,87.7863,12.448733333333337
2022-11-28 03:30:00,88.23676666666667,13.62617499999999
2022-11-28 04:00:00,88.76736666666667,13.476758333333336
2022-11-28 04:30:00,88.98853333333334,13.092341666666684
2022-11-28 05:00:00,89.45373333333333,13.083691666666681
2022-11-28 05:30:00,89.71913333333335,12.716216666666668
2022-11-28 06:00:00,89.71360000000001,13.766641666666672
2022-11-28 06:30:00,87.6003,14.750483333333335
2022-11-28 07:00:00,83.5946,17.712099999999992
2022-11-28 07:30:00,78.15933333333335,18.67372500000002
2022-11-28 08:00:00,72.68736666666668,17.517916666666657
2022-11-28 08:30:00,70.88273333333333,14.741566666666678
2022-11-28 09:00:00,71.82516666666666,10.864641666666671
2022-11-28 09:30:00,70.63176666666666,10.394600000000011
2022-11-28 10:00:00,66.47083333333335,15.387491666666655
2022-11-28 10:30:00,62.5896,20.81345833333333
2022-11-28 11:00:00,60.277333333333345,19.242633333333337
2022-11-28 11:30:00,59.96736666666668,18.746974999999992
2022-11-28 12:00:00,60.04123333333333,18.338949999999997
2022-11-28 12:30:00,59.46283333333334,20.57644166666666
2022-11-28 13:00:00,59.74146666666667,19.76684166666667
2022-11-28 13:30:00,60.98230000000001,19.660075000000006
2022-11-28 14:00:00,61.3457,17.837466666666664
2022-11-28 14:30:00,61.47303333333333,19.269408333333324
2022-11-28 15:00:00,62.80963333333333,19.24672499999999
2022-11-28 15:30:00,66.83143333333332,18.77676666666668
2022-11-28 16:00:00,72.5168,16.31526666666668
2022-11-28 16:30:00,75.60676666666667,12.61375000000001
2022-11-28 17:00:00,76.27153333333332,13.606791666666666
2022-11-28 17:30:00,76.05636666666668,14.086283333333313
2022-11-28 18:00:00,74.72506666666666,13.326666666666668
2022-11-28 18:30:00,74.28673333333333,13.520791666666653
2022-11-28 19:00:00,73.87433333333334,13.347366666666673
2022-11-28 19:30:00,73.437,10.24692499999999
2022-11-28 20:00:00,73.5279,9.913674999999998
2022-11-28 20:30:00,74.45786666666667,10.729399999999998
2022-11-28 21:00:00,75.71516666666666,11.689141666666657
2022-11-28 21:30:00,76.45673333333333,13.672758333333334
2022-11-28 22:00:00,76.8494,13.364900000000006
2022-11-28 22:30:00,76.99606666666668,12.85196666666667
2022-11-28 23:00:00,77.93553333333332,11.624049999999997
2022-11-28 23:30:00,78.24493333333334,9.65991666666666
2022-11-29 00:00:00,79.17336666666667,10.181225000000012
2022-11-29 00:30:00,80.19559999999998,9.781716666666696
2022-11-29 01:00:00,81.0588,9.96283333333335
2022-11-29 01:30:00,82.33246666666666,9.982766666666691
2022-11-29 02:00:00,83.5085,10.535750000000007
2022-11-29 02:30:00,84.29080000000002,10.146608333333319
2022-11-29 03:00:00,84.75993333333334,10.652824999999993
2022-11-29 03:30:00,85.17786666666667,10.372458333333327
2022-11-29 04:00:00,85.4179,11.16220833333334
2022-11-29 04:30:00,85.43886666666667,11.277974999999998
2022-11-29 05:00:00,85.67550000000001,10.862724999999998
2022-11-29 05:30:00,85.78763333333333,10.439575000000005
2022-11-29 06:00:00,85.40123333333334,10.170916666666656
2022-11-29 06:30:00,82.6484,11.77999166666666
2022-11-29 07:00:00,77.3374,15.049025
2022-11-29 07:30:00,72.7249,15.941116666666673
2022-11-29 08:00:00,68.49096666666667,16.218066666666658
2022-11-29 08:30:00,65.20443333333334,16.37152499999999
2022-11-29 09:00:00,62.0403,16.682258333333337
2022-11-29 09:30:00,59.30830000000001,16.33195
2022-11-29 10:00:00,56.627366666666674,16.57570833333334
2022-11-29 10:30:00,55.227199999999996,20.275025000000007
2022-11-29 11:00:00,54.835300000000004,20.826458333333335
2022-11-29 11:30:00,55.54103333333334,18.06456666666665
2022-11-29 12:00:00,54.71926666666667,19.491225000000007
2022-11-29 12:30:00,53.709,19.911950000000004
2022-11-29 13:00:00,53.8359,22.978649999999995
2022-11-29 13:30:00,53.760866666666665,23.852658333333352
2022-11-29 14:00:00,54.32543333333334,20.683241666666675
2022-11-29 14:30:00,56.51553333333334,18.23377500000001
2022-11-29 15:00:00,59.45110000000001,14.771483333333336
2022-11-29 15:30:00,64.32846666666669,9.630099999999985
2022-11-29 16:00:00,68.00096666666667,8.737549999999999
2022-11-29 16:30:00,72.98223333333333,10.84878333333333
2022-11-29 17:00:00,76.06289999999998,9.963624999999993
2022-11-29 17:30:00,78.48453333333332,9.30995
2022-11-29 18:00:00,80.47389999999999,9.838366666666658
2022-11-29 18:30:00,81.72033333333333,10.869175000000027
2022-11-29 19:00:00,82.57236666666667,10.493175000000008
2022-11-29 19:30:00,83.62603333333334,10.953108333333333
2022-11-29 20:00:00,84.2451,11.879599999999996
2022-11-29 20:30:00,84.90083333333334,12.42371666666665
2022-11-29 21:00:00,85.44316666666668,13.25629166666667
2022-11-29 21:30:00,86.02543333333334,14.000574999999998
2022-11-29 22:00:00,86.35233333333335,13.850291666666678
2022-11-29 22:30:00,86.31693333333334,14.581741666666673
2022-11-29 23:00:00,86.73813333333334,13.12691666666666
2022-11-29 23:30:00,87.0871,14.15221666666666
2022-11-30 00:00:00,87.6072,13.674674999999993
2022-11-30 00:30:00,87.97216666666667,13.044200000000004
2022-11-30 01:00:00,88.33236666666667,13.622216666666674
2022-11-30 01:30:00,88.74856666666668,13.844033333333343
2022-11-30 02:00:00,89.31806666666667,13.254608333333351
2022-11-30 02:30:00,89.88419999999999,13.929866666666683
2022-11-30 03:00:00,90.24743333333332,13.806950000000015
2022-11-30 03:30:00,90.8404,13.913683333333339
2022-11-30 04:00:00,90.89653333333334,14.357408333333339
2022-11-30 04:30:00,91.21663333333333,14.714150000000004
2022-11-30 05:00:00,91.47343333333333,15.109850000000009
2022-11-30 05:30:00,91.75016666666667,15.376841666666692
2022-11-30 06:00:00,91.53773333333332,15.703891666666664
2022-11-30 06:30:00,89.7758,17.778691666666674
2022-11-30 07:00:00,85.307,22.39254166666666
2022-11-30 07:30:00,79.89003333333332,22.494908333333342
2022-11-30 08:00:00,73.5486,19.641108333333342
2022-11-30 08:30:00,69.21633333333332,20.215724999999992
2022-11-30 09:00:00,65.66803333333334,20.47038333333333
2022-11-30 09:30:00,63.093833333333336,20.524349999999984
2022-11-30 10:00:00,62.4175,15.176983333333325
2022-11-30 10:30:00,60.916399999999996,14.964624999999977
2022-11-30 11:00:00,59.276433333333344,14.649491666666677
2022-11-30 11:30:00,59.433566666666664,16.773300000000006
2022-11-30 12:00:00,59.19536666666668,17.495708333333333
2022-11-30 12:30:00,58.57606666666668,18.90483333333333
2022-11-30 13:00:00,58.2685,20.629058333333333
2022-11-30 13:30:00,58.68183333333334,20.031375000000004
2022-11-30 14:00:00,58.849900000000005,19.688375000000008
2022-11-30 14:30:00,60.5289,19.1186
2022-11-30 15:00:00,64.01883333333333,18.091041666666676
2022-11-30 15:30:00,65.24190000000002,21.17823333333334
2022-11-30 16:00:00,66.9127,16.675308333333334
2022-11-30 16:30:00,70.76863333333333,12.997041666666668
2022-11-30 17:00:00,73.6326,9.651983333333334
2022-11-30 17:30:00,76.09846666666667,8.325441666666663
2022-11-30 18:00:00,78.1224,9.505691666666664
2022-11-30 18:30:00,79.37119999999999,10.276849999999996
2022-11-30 19:00:00,80.27476666666666,11.791333333333355
2022-11-30 19:30:00,81.09336666666667,12.164208333333349
2022-11-30 20:00:00,81.6715,12.236175000000017
2022-11-30 20:30:00,82.34696666666666,12.916616666666684
2022-11-30 21:00:00,82.8455,12.688416666666683
2022-11-30 21:30:00,83.30946666666668,11.797049999999984
2022-11-30 22:00:00,83.67023333333333,12.155833333333334
2022-11-30 22:30:00,84.43846666666666,12.790683333333348
2022-11-30 23:00:00,84.986,12.804608333333334
2022-11-30 23:30:00,85.56896666666667,12.758758333333333
2022-12-01 00:00:00,86.44346666666665,13.041425000000004
2022-12-01 00:30:00,86.93400000000001,13.876725000000008
2022-12-01 01:00:00,87.25916666666666,14.649550000000005
2022-12-01 01:30:00,87.44786666666666,14.190566666666669
2022-12-01 02:00:00,88.00173333333333,13.419383333333343
2022-12-01 02:30:00,88.44823333333332,13.273433333333344
2022-12-01 03:00:00,88.77240000000002,13.407258333333331
2022-12-01 03:30:00,89.34083333333334,13.363241666666667
2022-12-01 04:00:00,89.44023333333334,13.498983333333328
2022-12-01 04:30:00,89.85023333333334,14.258250000000018
2022-12-01 05:00:00,89.95669999999998,13.920533333333339
2022-12-01 05:30:00,90.38,14.602691666666672
2022-12-01 06:00:00,90.33456666666666,14.787975000000017
2022-12-01 06:30:00,88.51169999999999,16.33576666666667
2022-12-01 07:00:00,84.09613333333331,19.213016666666675
2022-12-01 07:30:00,78.6403,20.02506666666669
2022-12-01 08:00:00,73.4851,16.812858333333345
2022-12-01 08:30:00,69.8948,15.487791666666674
2022-12-01 09:00:00,66.90383333333334,13.316800000000008
2022-12-01 09:30:00,63.31510000000001,15.524866666666668
2022-12-01 10:00:00,60.90523333333333,17.060049999999997
2022-12-01 10:30:00,58.76143333333333,17.302441666666653
2022-12-01 11:00:00,57.59316666666666,16.950500000000005
2022-12-01 11:30:00,57.29186666666667,16.81092499999999
2022-12-01 12:00:00,55.48093333333334,18.68795
2022-12-01 12:30:00,55.918933333333335,21.177066666666676
2022-12-01 13:00:00,56.64376666666667,20.765874999999994
2022-12-01 13:30:00,57.33036666666667,20.199283333333334
2022-12-01 14:00:00,58.555933333333336,22.055775000000004
2022-12-01 14:30:00,60.71643333333334,19.91154166666668
2022-12-01 15:00:00,63.16713333333333,17.634433333333327
2022-12-01 15:30:00,66.12503333333333,18.21186666666666
2022-12-01 16:00:00,67.68329999999999,19.68289166666667
2022-12-01 16:30:00,71.17826666666666,16.397416666666658
2022-12-01 17:00:00,76.20810000000002,11.699308333333335
2022-12-01 17:30:00,78.10883333333332,8.803091666666674
2022-12-01 18:00:00,79.00229999999999,10.214841666666658
2022-12-01 18:30:00,80.03333333333333,10.158816666666667
2022-12-01 19:00:00,81.05566666666667,10.609541666666715
2022-12-01 19:30:00,81.40563333333333,11.16703333333335
2022-12-01 20:00:00,82.34313333333333,11.096783333333363
2022-12-01 20:30:00,82.6765,13.116058333333342
2022-12-01 21:00:00,82.69449999999999,10.584333333333362
2022-12-01 21:30:00,83.7065,11.63600000000001
2022-12-01 22:00:00,84.25276666666667,12.332616666666695
2022-12-01 22:30:00,84.97650000000002,12.011533333333333
2022-12-01 23:00:00,85.44053333333333,11.60818333333333
2022-12-01 23:30:00,85.54270000000001,11.856533333333331
2022-12-02 00:00:00,85.9692,12.037833333333325
2022-12-02 00:30:00,85.9922,12.04998333333333
2022-12-02 01:00:00,86.47143333333334,12.110799999999998
2022-12-02 01:30:00,87.0159,12.621691666666663
2022-12-02 02:00:00,87.78346666666667,12.871641666666676
2022-12-02 02:30:00,88.32169999999999,12.94024166666668
2022-12-02 03:00:00,88.81183333333334,12.844258333333329
2022-12-02 03:30:00,88.68476666666668,13.086349999999996
2022-12-02 04:00:00,89.06196666666668,13.567474999999988
2022-12-02 04:30:00,89.32026666666667,13.495983333333328
2022-12-02 05:00:00,89.32776666666668,13.817166666666694
2022-12-02 05:30:00,89.65596666666667,13.608433333333338
2022-12-02 06:00:00,89.67493333333333,14.316975
2022-12-02 06:30:00,88.664,14.600508333333352
2022-12-02 07:00:00,86.04516666666666,15.69680000000001
2022-12-02 07:30:00,83.42659999999998,13.25064166666668
2022-12-02 08:00:00,79.77563333333333,12.380841666666669
2022-12-02 08:30:00,76.3789,11.94534166666665
2022-12-02 09:00:00,72.16666666666669,13.3386
2022-12-02 09:30:00,67.91833333333334,16.533883333333343
2022-12-02 10:00:00,65.14110000000001,15.649416666666667
2022-12-02 10:30:00,63.39983333333332,14.418450000000007
2022-12-02 11:00:00,59.49746666666666,17.01993333333332
2022-12-02 11:30:00,58.89006666666667,17.632383333333337
2022-12-02 12:00:00,60.71810000000001,15.001799999999996
2022-12-02 12:30:00,60.168933333333335,18.457
2022-12-02 13:00:00,59.62546666666667,16.75020833333334
2022-12-02 13:30:00,59.03563333333333,16.998458333333332
2022-12-02 14:00:00,58.144866666666665,18.214608333333324
2022-12-02 14:30:00,58.973633333333325,17.984366666666652
2022-12-02 15:00:00,61.24043333333333,15.599199999999982
2022-12-02 15:30:00,65.57916666666668,13.950358333333327
2022-12-02 16:00:00,70.09386666666666,12.860308333333329
2022-12-02 16:30:00,73.45540000000001,11.18364166666666
2022-12-02 17:00:00,75.5103,10.339316666666662
2022-12-02 17:30:00,76.92843333333332,10.929750000000013
2022-12-02 18:00:00,77.9718,11.98225833333332
2022-12-02 18:30:00,78.177,10.774599999999992
2022-12-02 19:00:00,79.1631851851852,9.90613333333333
2022-12-02 19:30:00,78.502625,10.600883333333329
2022-12-02 20:00:00,80.11454166666668,10.511375000000001
2022-12-02 20:30:00,84.19990476190478,9.370733333333334
2022-12-02 21:00:00,88.74171428571428,9.683716666666683
2022-12-02 21:30:00,90.51122222222222,11.446666666666673
2022-12-02 22:00:00,90.78472222222223,14.641083333333327
2022-12-02 22:30:00,90.71683333333334,13.964083333333349
2022-12-02 23:00:00,91.00099999999999,12.518499999999989
2022-12-02 23:30:00,91.86453333333334,10.202766666666662
2022-12-03 00:00:00,92.2498,9.89240000000001
2022-12-03 00:30:00,92.73366666666666,10.403500000000008
2022-12-03 01:00:00,93.0414,10.949633333333338
2022-12-03 01:30:00,92.698,11.233400000000003
2022-12-03 02:00:00,93.00646666666667,11.90073333333335
2022-12-03 02:30:00,93.43693333333333,11.834933333333339
2022-12-03 03:00:00,93.7814,11.526399999999995
2022-12-03 03:30:00,93.7676,12.01436666666666
2022-12-03 04:00:00,93.5356,12.27143333333332
2022-12-03 04:30:00,93.87593333333334,12.258233333333337
2022-12-03 05:00:00,93.5624,12.742466666666687
2022-12-03 05:30:00,93.12806666666667,14.271633333333355
2022-12-03 06:00:00,93.08566666666667,14.577133333333336
2022-12-03 06:30:00,92.6772,14.123266666666666
2022-12-03 07:00:00,91.09933333333333,15.4653
2022-12-03 07:30:00,89.10266666666668,17.36323333333334
2022-12-03 08:00:00,86.98253333333335,15.357033333333348
2022-12-03 08:30:00,83.7552,14.445966666666678
2022-12-03 09:00:00,78.67586666666668,13.116666666666674
2022-12-03 09:30:00,75.22853333333333,12.785966666666653
2022-12-03 10:00:00,72.55473333333333,11.338366666666658
2022-12-03 10:30:00,71.8976,9.419566666666668
2022-12-03 11:00:00,70.29213333333333,8.094066666666677
2022-12-03 11:30:00,67.59366666666666,8.83393333333332
2022-12-03 12:00:00,65.51239999999999,14.454099999999997
2022-12-03 12:30:00,62.00646666666667,19.436
2022-12-03 13:00:00,56.82286666666668,22.893766666666664
2022-12-03 13:30:00,53.9048,16.356700000000004
2022-12-03 14:00:00,51.94366666666667,14.33976666666667
2022-12-03 14:30:00,51.41493333333333,11.075400000000009
2022-12-03 15:00:00,54.59733333333334,13.263666666666666
2022-12-03 15:30:00,57.938133333333326,8.42616666666666
2022-12-03 16:00:00,60.75966666666667,7.042100000000005
2022-12-03 16:30:00,66.56746666666668,4.817500000000024
2022-12-03 17:00:00,71.32766666666666,8.9876
2022-12-03 17:30:00,74.25633333333334,11.126566666666662
2022-12-03 18:00:00,75.49286666666667,10.330333333333328
2022-12-03 18:30:00,76.6784,9.208933333333334
2022-12-03 19:00:00,78.42653333333332,11.061833333333325
2022-12-03 19:30:00,79.6318,11.477533333333326
2022-12-03 20:00:00,81.8024,12.49566666666668
2022-12-03 20:30:00,83.25006666666667,13.112100000000012
2022-12-03 21:00:00,84.07626666666667,13.945166666666665
2022-12-03 21:30:00,85.28799999999998,14.029899999999998
2022-12-03 22:00:00,85.88586666666667,14.819966666666687
2022-12-03 22:30:00,86.55366666666666,14.697033333333337
2022-12-03 23:00:00,86.97566666666665,14.383533333333318
2022-12-03 23:30:00,87.85040000000001,15.565233333333325
2022-12-04 00:00:00,88.61273333333334,15.860566666666656
2022-12-04 00:30:00,89.3902,17.352533333333312
2022-12-04 01:00:00,89.92773333333332,16.151633333333322
2022-12-04 01:30:00,90.21700000000001,16.197999999999993
2022-12-04 02:00:00,90.97546666666666,16.06550000000003
2022-12-04 02:30:00,91.04313333333334,15.571900000000014
2022-12-04 03:00:00,91.77046666666666,17.097733333333338
2022-12-04 03:30:00,91.87893333333335,16.93656666666668
2022-12-04 04:00:00,92.00773333333333,17.669233333333338
2022-12-04 04:30:00,92.24546666666666,17.211333333333343
2022-12-04 05:00:00,92.79326666666667,17.82016666666668
2022-12-04 05:30:00,92.81320000000001,18.277666666666676
2022-12-04 06:00:00,92.79639999999999,19.02499999999999
2022-12-04 06:30:00,92.12506666666667,20.941666666666663
2022-12-04 07:00:00,88.62553333333334,24.55943333333333
2022-12-04 07:30:00,82.1706,24.104433333333333
2022-12-04 08:00:00,76.3778,13.51536666666668
2022-12-04 08:30:00,70.95806666666667,12.645166666666675
2022-12-04 09:00:00,64.92159999999998,11.67383333333332
2022-12-04 09:30:00,59.9274,11.868400000000008
2022-12-04 10:00:00,57.80053333333334,5.279033333333331
2022-12-04 10:30:00,54.407799999999995,5.553266666666659
2022-12-04 11:00:00,52.425066666666666,6.000566666666657
2022-12-04 11:30:00,51.89326666666667,3.782166666666676
2022-12-04 12:00:00,51.69440000000001,3.7087333333333277
2022-12-04 12:30:00,53.247,6.281300000000002
2022-12-04 13:00:00,54.717866666666666,8.047233333333331
2022-12-04 13:30:00,54.64093333333333,7.932933333333317
2022-12-04 14:00:00,56.0256,9.45846666666666
2022-12-04 14:30:00,57.488800000000005,9.493766666666666
2022-12-04 15:00:00,58.6576,9.62449999999999
2022-12-04 15:30:00,61.312733333333334,9.683700000000002
2022-12-04 16:00:00,64.73440000000001,9.336066666666667
2022-12-04 16:30:00,68.20886666666667,9.667500000000004
2022-12-04 17:00:00,72.28,7.2017666666666855
2022-12-04 17:30:00,77.01486666666668,6.721199999999982
2022-12-04 18:00:00,79.48913333333333,8.629066666666645
2022-12-04 18:30:00,81.09706666666666,11.540133333333344
2022-12-04 19:00:00,82.2234,12.606066666666678
2022-12-04 19:30:00,82.77220000000001,12.873600000000025
2022-12-04 20:00:00,83.41760000000001,12.986900000000006
2022-12-04 20:30:00,83.80913333333334,13.048133333333325
2022-12-04 21:00:00,84.48626666666667,13.629366666666684
2022-12-04 21:30:00,85.4422,13.571200000000005
2022-12-04 22:00:00,85.86573333333334,13.829299999999975
2022-12-04 22:30:00,86.60300000000001,13.911866666666654
2022-12-04 23:00:00,87.26666666666667,14.631166666666658
2022-12-04 23:30:00,88.12746666666666,14.868499999999997
2022-12-05 00:00:00,88.68093333333334,15.683166666666665
2022-12-05 00:30:00,88.86093333333334,15.042800000000014
2022-12-05 01:00:00,89.55913333333334,14.788099999999986
2022-12-05 01:30:00,89.69666666666667,14.790000000000006
2022-12-05 02:00:00,89.90459999999999,14.641833333333338
2022-12-05 02:30:00,90.0304,15.001999999999995
2022-12-05 03:00:00,90.44566666666665,15.319900000000004
2022-12-05 03:30:00,90.85746666666667,15.380033333333344
2022-12-05 04:00:00,91.4392,14.64766666666668
2022-12-05 04:30:00,91.9796,14.743400000000008
2022-12-05 05:00:00,92.45360000000001,15.1584
2022-12-05 05:30:00,92.31926666666666,14.913800000000009
2022-12-05 06:00:00,92.71213333333334,15.928333333333327
2022-12-05 06:30:00,92.0056,16.7783
2022-12-05 07:00:00,88.89166666666667,19.191066666666657
2022-12-05 07:30:00,85.46706666666667,18.30810000000001
2022-12-05 08:00:00,80.8008,17.32023333333335
2022-12-05 08:30:00,78.43446666666667,14.0916
2022-12-05 09:00:00,73.85006666666666,10.028000000000006
2022-12-05 09:30:00,69.33473333333333,8.748966666666675
2022-12-05 10:00:00,66.92446666666667,9.631099999999996
2022-12-05 10:30:00,63.00006666666667,9.500266666666654
2022-12-05 11:00:00,59.17833333333333,8.445833333333326
2022-12-05 11:30:00,55.40246666666667,2.9837333333333405
2022-12-05 12:00:00,54.118933333333324,4.896433333333334
2022-12-05 12:30:00,52.14393333333334,6.088500000000003
2022-12-05 13:00:00,51.47860000000001,4.101633333333325
2022-12-05 13:30:00,52.364733333333334,4.804833333333335
2022-12-05 14:00:00,52.6914,5.483933333333333
2022-12-05 14:30:00,54.742533333333334,6.257099999999994
2022-12-05 15:00:00,56.631066666666676,7.297300000000007
2022-12-05 15:30:00,59.38053333333333,6.971766666666667
2022-12-05 16:00:00,63.60533333333334,6.777033333333328
2022-12-05 16:30:00,67.7528,7.169066666666666
2022-12-05 17:00:00,72.0372,5.327766666666662
2022-12-05 17:30:00,75.80658333333332,5.648341666666681
2022-12-05 18:00:00,78.72566666666667,7.47590000000001
2022-12-05 18:30:00,80.148125,8.24977083333333
2022-12-05 19:00:00,83.44244444444446,2.681849999999997
2022-12-05 19:30:00,85.0311111111111,1.8034166666666493
2022-12-05 20:00:00,85.99283333333334,2.4802916666666732
2022-12-05 20:30:00,86.86866666666667,1.602333333333334
2022-12-05 21:00:00,89.25433333333332,0.0
2022-12-05 21:30:00,89.425,0.0
2022-12-05 22:00:00,,
2022-12-05 22:30:00,,
2022-12-05 23:00:00,,
2022-12-05 23:30:00,,
2022-12-06 00:00:00,,
2022-12-06 00:30:00,,
2022-12-06 01:00:00,,
2022-12-06 01:30:00,,
2022-12-06 02:00:00,,
2022-12-06 02:30:00,,
2022-12-06 03:00:00,,
2022-12-06 03:30:00,,
2022-12-06 04:00:00,,
2022-12-06 04:30:00,,
2022-12-06 05:00:00,,
2022-12-06 05:30:00,,
2022-12-06 06:00:00,,
2022-12-06 06:30:00,,
2022-12-06 07:00:00,,
2022-12-06 07:30:00,,
2022-12-06 08:00:00,,
2022-12-06 08:30:00,,
2022-12-06 09:00:00,,
2022-12-06 09:30:00,,
2022-12-06 10:00:00,,
2022-12-06 10:30:00,,
2022-12-06 11:00:00,,
2022-12-06 11:30:00,,
2022-12-06 12:00:00,,
2022-12-06 12:30:00,,
2022-12-06 13:00:00,,
2022-12-06 13:30:00,,
2022-12-06 14:00:00,,
2022-12-06 14:30:00,,
2022-12-06 15:00:00,,
2022-12-06 15:30:00,,
2022-12-06 16:00:00,,
2022-12-06 16:30:00,,
2022-12-06 17:00:00,,
2022-12-06 17:30:00,,
2022-12-06 18:00:00,,
2022-12-06 18:30:00,,
2022-12-06 19:00:00,,
2022-12-06 19:30:00,,
2022-12-06 20:00:00,,
2022-12-06 20:30:00,,
2022-12-06 21:00:00,,
2022-12-06 21:30:00,,
2022-12-06 22:00:00,,
2022-12-06 22:30:00,,
2022-12-06 23:00:00,,
2022-12-06 23:30:00,,
2022-12-07 00:00:00,,
2022-12-07 00:30:00,,
2022-12-07 01:00:00,,
2022-12-07 01:30:00,,
2022-12-07 02:00:00,,
2022-12-07 02:30:00,,
2022-12-07 03:00:00,,
2022-12-07 03:30:00,,
2022-12-07 04:00:00,,
2022-12-07 04:30:00,,
2022-12-07 05:00:00,,
2022-12-07 05:30:00,,
2022-12-07 06:00:00,,
2022-12-07 06:30:00,,
2022-12-07 07:00:00,,
2022-12-07 07:30:00,,
2022-12-07 08:00:00,,
2022-12-07 08:30:00,,
2022-12-07 09:00:00,,
2022-12-07 09:30:00,,
2022-12-07 10:00:00,,
2022-12-07 10:30:00,,
2022-12-07 11:00:00,,
2022-12-07 11:30:00,,
2022-12-07 12:00:00,,
2022-12-07 12:30:00,,
2022-12-07 13:00:00,,
2022-12-07 13:30:00,,
2022-12-07 14:00:00,,
2022-12-07 14:30:00,,
2022-12-07 15:00:00,,
2022-12-07 15:30:00,,
2022-12-07 16:00:00,,
2022-12-07 16:30:00,,
2022-12-07 17:00:00,,
2022-12-07 17:30:00,,
2022-12-07 18:00:00,,
2022-12-07 18:30:00,,
2022-12-07 19:00:00,,
2022-12-07 19:30:00,,
2022-12-07 20:00:00,,
2022-12-07 20:30:00,,
2022-12-07 21:00:00,,
2022-12-07 21:30:00,,
2022-12-07 22:00:00,,
2022-12-07 22:30:00,,
2022-12-07 23:00:00,,
2022-12-07 23:30:00,,
2022-12-08 00:00:00,,
2022-12-08 00:30:00,,
2022-12-08 01:00:00,,
2022-12-08 01:30:00,,
2022-12-08 02:00:00,,
2022-12-08 02:30:00,,
2022-12-08 03:00:00,,
2022-12-08 03:30:00,,
2022-12-08 04:00:00,,
2022-12-08 04:30:00,,
2022-12-08 05:00:00,,
2022-12-08 05:30:00,,
2022-12-08 06:00:00,,
2022-12-08 06:30:00,,
2022-12-08 07:00:00,,
2022-12-08 07:30:00,,
2022-12-08 08:00:00,,
2022-12-08 08:30:00,,
2022-12-08 09:00:00,,
2022-12-08 09:30:00,,
2022-12-08 10:00:00,,
2022-12-08 10:30:00,,
2022-12-08 11:00:00,,
2022-12-08 11:30:00,,
2022-12-08 12:00:00,,
2022-12-08 12:30:00,,
2022-12-08 13:00:00,,
2022-12-08 13:30:00,,
2022-12-08 14:00:00,,
2022-12-08 14:30:00,,
2022-12-08 15:00:00,,
2022-12-08 15:30:00,,
2022-12-08 16:00:00,,
2022-12-08 16:30:00,,
2022-12-08 17:00:00,,
2022-12-08 17:30:00,,
2022-12-08 18:00:00,,
2022-12-08 18:30:00,,
2022-12-08 19:00:00,,
2022-12-08 19:30:00,,
2022-12-08 20:00:00,,
2022-12-08 20:30:00,,
2022-12-08 21:00:00,,
2022-12-08 21:30:00,,
2022-12-08 22:00:00,,
2022-12-08 22:30:00,,
2022-12-08 23:00:00,,
2022-12-08 23:30:00,,
2022-12-09 00:00:00,,
2022-12-09 00:30:00,,
2022-12-09 01:00:00,,
2022-12-09 01:30:00,,
2022-12-09 02:00:00,,
2022-12-09 02:30:00,,
2022-12-09 03:00:00,,
2022-12-09 03:30:00,,
2022-12-09 04:00:00,,
2022-12-09 04:30:00,,
2022-12-09 05:00:00,,
2022-12-09 05:30:00,,
2022-12-09 06:00:00,,
2022-12-09 06:30:00,,
2022-12-09 07:00:00,,
2022-12-09 07:30:00,,
2022-12-09 08:00:00,,
2022-12-09 08:30:00,,
2022-12-09 09:00:00,,
2022-12-09 09:30:00,,
2022-12-09 10:00:00,,
2022-12-09 10:30:00,,
2022-12-09 11:00:00,,
2022-12-09 11:30:00,,
2022-12-09 12:00:00,,
2022-12-09 12:30:00,,
2022-12-09 13:00:00,,
2022-12-09 13:30:00,,
2022-12-09 14:00:00,,
2022-12-09 14:30:00,,
2022-12-09 15:00:00,,
2022-12-09 15:30:00,,
2022-12-09 16:00:00,,
2022-12-09 16:30:00,,
2022-12-09 17:00:00,,
2022-12-09 17:30:00,,
2022-12-09 18:00:00,,
2022-12-09 18:30:00,,
2022-12-09 19:00:00,,
2022-12-09 19:30:00,,
2022-12-09 20:00:00,,
2022-12-09 20:30:00,,
2022-12-09 21:00:00,,
2022-12-09 21:30:00,,
2022-12-09 22:00:00,,
2022-12-09 22:30:00,,
2022-12-09 23:00:00,,
2022-12-09 23:30:00,,
2022-12-10 00:00:00,,
2022-12-10 00:30:00,,
2022-12-10 01:00:00,,
2022-12-10 01:30:00,,
2022-12-10 02:00:00,,
2022-12-10 02:30:00,,
2022-12-10 03:00:00,,
2022-12-10 03:30:00,,
2022-12-10 04:00:00,,
2022-12-10 04:30:00,,
2022-12-10 05:00:00,,
2022-12-10 05:30:00,,
2022-12-10 06:00:00,,
2022-12-10 06:30:00,,
2022-12-10 07:00:00,,
2022-12-10 07:30:00,,
2022-12-10 08:00:00,,
2022-12-10 08:30:00,,
2022-12-10 09:00:00,,
2022-12-10 09:30:00,,
2022-12-10 10:00:00,,
2022-12-10 10:30:00,,
2022-12-10 11:00:00,,
2022-12-10 11:30:00,,
2022-12-10 12:00:00,,
2022-12-10 12:30:00,,
2022-12-10 13:00:00,,
2022-12-10 13:30:00,,
2022-12-10 14:00:00,,
2022-12-10 14:30:00,,
2022-12-10 15:00:00,,
2022-12-10 15:30:00,,
2022-12-10 16:00:00,,
2022-12-10 16:30:00,,
2022-12-10 17:00:00,,
2022-12-10 17:30:00,,
2022-12-10 18:00:00,,
2022-12-10 18:30:00,,
2022-12-10 19:00:00,,
2022-12-10 19:30:00,,
2022-12-10 20:00:00,,
2022-12-10 20:30:00,,
2022-12-10 21:00:00,,
2022-12-10 21:30:00,,
2022-12-10 22:00:00,,
2022-12-10 22:30:00,,
2022-12-10 23:00:00,,
2022-12-10 23:30:00,,
2022-12-11 00:00:00,,
2022-12-11 00:30:00,,
2022-12-11 01:00:00,,
2022-12-11 01:30:00,,
2022-12-11 02:00:00,,
2022-12-11 02:30:00,,
2022-12-11 03:00:00,,
2022-12-11 03:30:00,,
2022-12-11 04:00:00,,
2022-12-11 04:30:00,,
2022-12-11 05:00:00,,
2022-12-11 05:30:00,,
2022-12-11 06:00:00,,
2022-12-11 06:30:00,,
2022-12-11 07:00:00,,
2022-12-11 07:30:00,,
2022-12-11 08:00:00,,
2022-12-11 08:30:00,,
2022-12-11 09:00:00,,
2022-12-11 09:30:00,,
2022-12-11 10:00:00,,
2022-12-11 10:30:00,,
2022-12-11 11:00:00,,
2022-12-11 11:30:00,,
2022-12-11 12:00:00,,
2022-12-11 12:30:00,,
2022-12-11 13:00:00,,
2022-12-11 13:30:00,,
2022-12-11 14:00:00,,
2022-12-11 14:30:00,,
2022-12-11 15:00:00,,
2022-12-11 15:30:00,,
2022-12-11 16:00:00,,
2022-12-11 16:30:00,,
2022-12-11 17:00:00,,
2022-12-11 17:30:00,,
2022-12-11 18:00:00,,
2022-12-11 18:30:00,,
2022-12-11 19:00:00,,
2022-12-11 19:30:00,,
2022-12-11 20:00:00,,
2022-12-11 20:30:00,,
2022-12-11 21:00:00,,
2022-12-11 21:30:00,,
2022-12-11 22:00:00,,
2022-12-11 22:30:00,,
2022-12-11 23:00:00,,
2022-12-11 23:30:00,,
2022-12-12 00:00:00,,
2022-12-12 00:30:00,,
2022-12-12 01:00:00,,
2022-12-12 01:30:00,,
2022-12-12 02:00:00,,
2022-12-12 02:30:00,,
2022-12-12 03:00:00,,
2022-12-12 03:30:00,,
2022-12-12 04:00:00,,
2022-12-12 04:30:00,,
2022-12-12 05:00:00,,
2022-12-12 05:30:00,,
2022-12-12 06:00:00,,
2022-12-12 06:30:00,,
2022-12-12 07:00:00,,
2022-12-12 07:30:00,,
2022-12-12 08:00:00,,
2022-12-12 08:30:00,,
2022-12-12 09:00:00,,
2022-12-12 09:30:00,,
2022-12-12 10:00:00,,
2022-12-12 10:30:00,,
2022-12-12 11:00:00,,
2022-12-12 11:30:00,,
2022-12-12 12:00:00,,
2022-12-12 12:30:00,,
2022-12-12 13:00:00,,
2022-12-12 13:30:00,,
2022-12-12 14:00:00,,
2022-12-12 14:30:00,,
2022-12-12 15:00:00,,
2022-12-12 15:30:00,,
2022-12-12 16:00:00,,
2022-12-12 16:30:00,,
2022-12-12 17:00:00,,
2022-12-12 17:30:00,,
2022-12-12 18:00:00,,
2022-12-12 18:30:00,,
2022-12-12 19:00:00,,
2022-12-12 19:30:00,,
2022-12-12 20:00:00,,
2022-12-12 20:30:00,,
2022-12-12 21:00:00,,
2022-12-12 21:30:00,,
2022-12-12 22:00:00,,
2022-12-12 22:30:00,,
2022-12-12 23:00:00,,
2022-12-12 23:30:00,,
2022-12-13 00:00:00,,
2022-12-13 00:30:00,,
2022-12-13 01:00:00,,
2022-12-13 01:30:00,,
2022-12-13 02:00:00,,
2022-12-13 02:30:00,,
2022-12-13 03:00:00,,
2022-12-13 03:30:00,,
2022-12-13 04:00:00,,
2022-12-13 04:30:00,,
2022-12-13 05:00:00,,
2022-12-13 05:30:00,,
2022-12-13 06:00:00,,
2022-12-13 06:30:00,,
2022-12-13 07:00:00,,
2022-12-13 07:30:00,,
2022-12-13 08:00:00,,
2022-12-13 08:30:00,,
2022-12-13 09:00:00,,
2022-12-13 09:30:00,,
2022-12-13 10:00:00,,
2022-12-13 10:30:00,,
2022-12-13 11:00:00,,
2022-12-13 11:30:00,,
2022-12-13 12:00:00,,
2022-12-13 12:30:00,,
2022-12-13 13:00:00,,
2022-12-13 13:30:00,,
2022-12-13 14:00:00,,
2022-12-13 14:30:00,,
2022-12-13 15:00:00,,
2022-12-13 15:30:00,,
2022-12-13 16:00:00,,
2022-12-13 16:30:00,,
2022-12-13 17:00:00,,
2022-12-13 17:30:00,,
2022-12-13 18:00:00,,
2022-12-13 18:30:00,,
2022-12-13 19:00:00,,
2022-12-13 19:30:00,,
2022-12-13 20:00:00,,
2022-12-13 20:30:00,,
2022-12-13 21:00:00,,
2022-12-13 21:30:00,,
2022-12-13 22:00:00,,
2022-12-13 22:30:00,,
2022-12-13 23:00:00,,
2022-12-13 23:30:00,,
2022-12-14 00:00:00,,
2022-12-14 00:30:00,,
2022-12-14 01:00:00,,
2022-12-14 01:30:00,,
2022-12-14 02:00:00,,
2022-12-14 02:30:00,,
2022-12-14 03:00:00,,
2022-12-14 03:30:00,,
2022-12-14 04:00:00,,
2022-12-14 04:30:00,,
2022-12-14 05:00:00,,
2022-12-14 05:30:00,,
2022-12-14 06:00:00,,
2022-12-14 06:30:00,,
2022-12-14 07:00:00,,
2022-12-14 07:30:00,,
2022-12-14 08:00:00,,
2022-12-14 08:30:00,,
2022-12-14 09:00:00,,
2022-12-14 09:30:00,,
2022-12-14 10:00:00,,
2022-12-14 10:30:00,,
2022-12-14 11:00:00,,
2022-12-14 11:30:00,,
2022-12-14 12:00:00,,
2022-12-14 12:30:00,,
2022-12-14 13:00:00,,
2022-12-14 13:30:00,,
2022-12-14 14:00:00,,
2022-12-14 14:30:00,,
2022-12-14 15:00:00,,
2022-12-14 15:30:00,,
2022-12-14 16:00:00,,
2022-12-14 16:30:00,,
2022-12-14 17:00:00,,
2022-12-14 17:30:00,,
2022-12-14 18:00:00,,
2022-12-14 18:30:00,,
2022-12-14 19:00:00,,
2022-12-14 19:30:00,,
2022-12-14 20:00:00,,
2022-12-14 20:30:00,,
2022-12-14 21:00:00,,
2022-12-14 21:30:00,,
2022-12-14 22:00:00,,
2022-12-14 22:30:00,,
2022-12-14 23:00:00,,
2022-12-14 23:30:00,,
2022-12-15 00:00:00,,
2022-12-15 00:30:00,,
2022-12-15 01:00:00,,
2022-12-15 01:30:00,,
2022-12-15 02:00:00,,
2022-12-15 02:30:00,,
2022-12-15 03:00:00,,
2022-12-15 03:30:00,,
2022-12-15 04:00:00,,
2022-12-15 04:30:00,,
2022-12-15 05:00:00,,
2022-12-15 05:30:00,,
2022-12-15 06:00:00,,
2022-12-15 06:30:00,,
2022-12-15 07:00:00,,
2022-12-15 07:30:00,,
2022-12-15 08:00:00,,
2022-12-15 08:30:00,,
2022-12-15 09:00:00,,
2022-12-15 09:30:00,,
2022-12-15 10:00:00,,
2022-12-15 10:30:00,,
2022-12-15 11:00:00,,
2022-12-15 11:30:00,,
2022-12-15 12:00:00,,
2022-12-15 12:30:00,,
2022-12-15 13:00:00,,
2022-12-15 13:30:00,,
2022-12-15 14:00:00,,
2022-12-15 14:30:00,,
2022-12-15 15:00:00,,
2022-12-15 15:30:00,,
2022-12-15 16:00:00,,
2022-12-15 16:30:00,,
2022-12-15 17:00:00,,
2022-12-15 17:30:00,,
2022-12-15 18:00:00,,
2022-12-15 18:30:00,,
2022-12-15 19:00:00,,
2022-12-15 19:30:00,,
2022-12-15 20:00:00,,
2022-12-15 20:30:00,,
2022-12-15 21:00:00,,
2022-12-15 21:30:00,,
2022-12-15 22:00:00,,
2022-12-15 22:30:00,,
2022-12-15 23:00:00,,
2022-12-15 23:30:00,,
2022-12-16 00:00:00,,
2022-12-16 00:30:00,,
2022-12-16 01:00:00,,
2022-12-16 01:30:00,,
2022-12-16 02:00:00,,
2022-12-16 02:30:00,,
2022-12-16 03:00:00,,
2022-12-16 03:30:00,,
2022-12-16 04:00:00,,
2022-12-16 04:30:00,,
2022-12-16 05:00:00,,
2022-12-16 05:30:00,,
2022-12-16 06:00:00,,
2022-12-16 06:30:00,,
2022-12-16 07:00:00,,
2022-12-16 07:30:00,,
2022-12-16 08:00:00,,
2022-12-16 08:30:00,,
2022-12-16 09:00:00,,
2022-12-16 09:30:00,,
2022-12-16 10:00:00,,
2022-12-16 10:30:00,,
2022-12-16 11:00:00,,
2022-12-16 11:30:00,,
2022-12-16 12:00:00,,
2022-12-16 12:30:00,,
2022-12-16 13:00:00,,
2022-12-16 13:30:00,,
2022-12-16 14:00:00,,
2022-12-16 14:30:00,,
2022-12-16 15:00:00,,
2022-12-16 15:30:00,,
2022-12-16 16:00:00,,
2022-12-16 16:30:00,,
2022-12-16 17:00:00,,
2022-12-16 17:30:00,,
2022-12-16 18:00:00,,
2022-12-16 18:30:00,,
2022-12-16 19:00:00,,
2022-12-16 19:30:00,,
2022-12-16 20:00:00,,
2022-12-16 20:30:00,,
2022-12-16 21:00:00,,
2022-12-16 21:30:00,,
2022-12-16 22:00:00,,
2022-12-16 22:30:00,,
2022-12-16 23:00:00,,
2022-12-16 23:30:00,,
2022-12-17 00:00:00,,
2022-12-17 00:30:00,,
2022-12-17 01:00:00,,
2022-12-17 01:30:00,,
2022-12-17 02:00:00,,
2022-12-17 02:30:00,,
2022-12-17 03:00:00,,
2022-12-17 03:30:00,,
2022-12-17 04:00:00,,
2022-12-17 04:30:00,,
2022-12-17 05:00:00,,
2022-12-17 05:30:00,,
2022-12-17 06:00:00,,
2022-12-17 06:30:00,,
2022-12-17 07:00:00,,
2022-12-17 07:30:00,,
2022-12-17 08:00:00,,
2022-12-17 08:30:00,,
2022-12-17 09:00:00,,
2022-12-17 09:30:00,,
2022-12-17 10:00:00,,
2022-12-17 10:30:00,,
2022-12-17 11:00:00,,
2022-12-17 11:30:00,,
2022-12-17 12:00:00,,
2022-12-17 12:30:00,,
2022-12-17 13:00:00,,
2022-12-17 13:30:00,,
2022-12-17 14:00:00,,
2022-12-17 14:30:00,,
2022-12-17 15:00:00,,
2022-12-17 15:30:00,,
2022-12-17 16:00:00,,
2022-12-17 16:30:00,,
2022-12-17 17:00:00,,
2022-12-17 17:30:00,,
2022-12-17 18:00:00,,
2022-12-17 18:30:00,,
2022-12-17 19:00:00,,
2022-12-17 19:30:00,,
2022-12-17 20:00:00,,
2022-12-17 20:30:00,,
2022-12-17 21:00:00,,
2022-12-17 21:30:00,,
2022-12-17 22:00:00,,
2022-12-17 22:30:00,,
2022-12-17 23:00:00,,
2022-12-17 23:30:00,,
2022-12-18 00:00:00,,
2022-12-18 00:30:00,,
2022-12-18 01:00:00,,
2022-12-18 01:30:00,,
2022-12-18 02:00:00,,
2022-12-18 02:30:00,,
2022-12-18 03:00:00,,
2022-12-18 03:30:00,,
2022-12-18 04:00:00,,
2022-12-18 04:30:00,,
2022-12-18 05:00:00,,
2022-12-18 05:30:00,,
2022-12-18 06:00:00,,
2022-12-18 06:30:00,,
2022-12-18 07:00:00,,
2022-12-18 07:30:00,,
2022-12-18 08:00:00,,
2022-12-18 08:30:00,,
2022-12-18 09:00:00,,
2022-12-18 09:30:00,,
2022-12-18 10:00:00,,
2022-12-18 10:30:00,,
2022-12-18 11:00:00,,
2022-12-18 11:30:00,,
2022-12-18 12:00:00,,
2022-12-18 12:30:00,,
2022-12-18 13:00:00,,
2022-12-18 13:30:00,,
2022-12-18 14:00:00,,
2022-12-18 14:30:00,,
2022-12-18 15:00:00,,
2022-12-18 15:30:00,,
2022-12-18 16:00:00,,
2022-12-18 16:30:00,,
2022-12-18 17:00:00,,
2022-12-18 17:30:00,,
2022-12-18 18:00:00,,
2022-12-18 18:30:00,,
2022-12-18 19:00:00,,
2022-12-18 19:30:00,,
2022-12-18 20:00:00,,
2022-12-18 20:30:00,,
2022-12-18 21:00:00,,
2022-12-18 21:30:00,,
2022-12-18 22:00:00,,
2022-12-18 22:30:00,,
2022-12-18 23:00:00,,
2022-12-18 23:30:00,,
2022-12-19 00:00:00,,
2022-12-19 00:30:00,,
2022-12-19 01:00:00,,
2022-12-19 01:30:00,,
2022-12-19 02:00:00,,
2022-12-19 02:30:00,,
2022-12-19 03:00:00,,
2022-12-19 03:30:00,,
2022-12-19 04:00:00,,
2022-12-19 04:30:00,,
2022-12-19 05:00:00,,
2022-12-19 05:30:00,,
2022-12-19 06:00:00,,
2022-12-19 06:30:00,,
2022-12-19 07:00:00,,
2022-12-19 07:30:00,,
2022-12-19 08:00:00,,
2022-12-19 08:30:00,,
2022-12-19 09:00:00,,
2022-12-19 09:30:00,,
2022-12-19 10:00:00,,
2022-12-19 10:30:00,,
2022-12-19 11:00:00,,
2022-12-19 11:30:00,,
2022-12-19 12:00:00,,
2022-12-19 12:30:00,,
2022-12-19 13:00:00,,
2022-12-19 13:30:00,,
2022-12-19 14:00:00,,
2022-12-19 14:30:00,,
2022-12-19 15:00:00,,
2022-12-19 15:30:00,,
2022-12-19 16:00:00,,
2022-12-19 16:30:00,,
2022-12-19 17:00:00,,
2022-12-19 17:30:00,,
2022-12-19 18:00:00,,
2022-12-19 18:30:00,,
2022-12-19 19:00:00,,
2022-12-19 19:30:00,,
2022-12-19 20:00:00,,
2022-12-19 20:30:00,,
2022-12-19 21:00:00,,
2022-12-19 21:30:00,,
2022-12-19 22:00:00,,
2022-12-19 22:30:00,,
2022-12-19 23:00:00,,
2022-12-19 23:30:00,,
2022-12-20 00:00:00,,
2022-12-20 00:30:00,,
2022-12-20 01:00:00,,
2022-12-20 01:30:00,,
2022-12-20 02:00:00,,
2022-12-20 02:30:00,,
2022-12-20 03:00:00,,
2022-12-20 03:30:00,,
2022-12-20 04:00:00,,
2022-12-20 04:30:00,,
2022-12-20 05:00:00,,
2022-12-20 05:30:00,,
2022-12-20 06:00:00,,
2022-12-20 06:30:00,,
2022-12-20 07:00:00,,
2022-12-20 07:30:00,,
2022-12-20 08:00:00,,
2022-12-20 08:30:00,,
2022-12-20 09:00:00,,
2022-12-20 09:30:00,,
2022-12-20 10:00:00,,
2022-12-20 10:30:00,,
2022-12-20 11:00:00,,
2022-12-20 11:30:00,,
2022-12-20 12:00:00,,
2022-12-20 12:30:00,,
2022-12-20 13:00:00,,
2022-12-20 13:30:00,,
2022-12-20 14:00:00,,
2022-12-20 14:30:00,,
2022-12-20 15:00:00,,
2022-12-20 15:30:00,,
2022-12-20 16:00:00,,
2022-12-20 16:30:00,,
2022-12-20 17:00:00,,
2022-12-20 17:30:00,,
2022-12-20 18:00:00,,
2022-12-20 18:30:00,,
2022-12-20 19:00:00,,
2022-12-20 19:30:00,,
2022-12-20 20:00:00,,
2022-12-20 20:30:00,,
2022-12-20 21:00:00,,
2022-12-20 21:30:00,,
2022-12-20 22:00:00,,
2022-12-20 22:30:00,,
2022-12-20 23:00:00,,
2022-12-20 23:30:00,,
2022-12-21 00:00:00,,
2022-12-21 00:30:00,,
2022-12-21 01:00:00,,
2022-12-21 01:30:00,,
2022-12-21 02:00:00,,
2022-12-21 02:30:00,,
2022-12-21 03:00:00,,
2022-12-21 03:30:00,,
2022-12-21 04:00:00,,
2022-12-21 04:30:00,,
2022-12-21 05:00:00,,
2022-12-21 05:30:00,,
2022-12-21 06:00:00,,
2022-12-21 06:30:00,,
2022-12-21 07:00:00,,
2022-12-21 07:30:00,,
2022-12-21 08:00:00,,
2022-12-21 08:30:00,,
2022-12-21 09:00:00,,
2022-12-21 09:30:00,,
2022-12-21 10:00:00,,
2022-12-21 10:30:00,,
2022-12-21 11:00:00,,
2022-12-21 11:30:00,,
2022-12-21 12:00:00,,
2022-12-21 12:30:00,,
2022-12-21 13:00:00,,
2022-12-21 13:30:00,,
2022-12-21 14:00:00,,
2022-12-21 14:30:00,,
2022-12-21 15:00:00,,
2022-12-21 15:30:00,,
2022-12-21 16:00:00,,
2022-12-21 16:30:00,,
2022-12-21 17:00:00,,
2022-12-21 17:30:00,,
2022-12-21 18:00:00,,
2022-12-21 18:30:00,,
2022-12-21 19:00:00,,
2022-12-21 19:30:00,,
2022-12-21 20:00:00,,
2022-12-21 20:30:00,,
2022-12-21 21:00:00,,
2022-12-21 21:30:00,,
2022-12-21 22:00:00,,
2022-12-21 22:30:00,,
2022-12-21 23:00:00,,
2022-12-21 23:30:00,,
2022-12-22 00:00:00,,
2022-12-22 00:30:00,,
2022-12-22 01:00:00,,
2022-12-22 01:30:00,,
2022-12-22 02:00:00,,
2022-12-22 02:30:00,,
2022-12-22 03:00:00,,
2022-12-22 03:30:00,,
2022-12-22 04:00:00,,
2022-12-22 04:30:00,,
2022-12-22 05:00:00,,
2022-12-22 05:30:00,,
2022-12-22 06:00:00,,
2022-12-22 06:30:00,,
2022-12-22 07:00:00,,
2022-12-22 07:30:00,,
2022-12-22 08:00:00,,
2022-12-22 08:30:00,,
2022-12-22 09:00:00,,
2022-12-22 09:30:00,,
2022-12-22 10:00:00,,
2022-12-22 10:30:00,,
2022-12-22 11:00:00,,
2022-12-22 11:30:00,,
2022-12-22 12:00:00,,
2022-12-22 12:30:00,,
2022-12-22 13:00:00,,
2022-12-22 13:30:00,,
2022-12-22 14:00:00,,
2022-12-22 14:30:00,,
2022-12-22 15:00:00,,
2022-12-22 15:30:00,,
2022-12-22 16:00:00,,
2022-12-22 16:30:00,,
2022-12-22 17:00:00,,
2022-12-22 17:30:00,,
2022-12-22 18:00:00,,
2022-12-22 18:30:00,,
2022-12-22 19:00:00,,
2022-12-22 19:30:00,,
2022-12-22 20:00:00,,
2022-12-22 20:30:00,,
2022-12-22 21:00:00,,
2022-12-22 21:30:00,,
2022-12-22 22:00:00,,
2022-12-22 22:30:00,,
2022-12-22 23:00:00,,
2022-12-22 23:30:00,,
2022-12-23 00:00:00,,
2022-12-23 00:30:00,,
2022-12-23 01:00:00,,
2022-12-23 01:30:00,,
2022-12-23 02:00:00,,
2022-12-23 02:30:00,,
2022-12-23 03:00:00,,
2022-12-23 03:30:00,,
2022-12-23 04:00:00,,
2022-12-23 04:30:00,,
2022-12-23 05:00:00,,
2022-12-23 05:30:00,,
2022-12-23 06:00:00,,
2022-12-23 06:30:00,,
2022-12-23 07:00:00,,
2022-12-23 07:30:00,,
2022-12-23 08:00:00,,
2022-12-23 08:30:00,,
2022-12-23 09:00:00,,
2022-12-23 09:30:00,,
2022-12-23 10:00:00,,
2022-12-23 10:30:00,,
2022-12-23 11:00:00,,
2022-12-23 11:30:00,,
2022-12-23 12:00:00,,
2022-12-23 12:30:00,,
2022-12-23 13:00:00,,
2022-12-23 13:30:00,,
2022-12-23 14:00:00,,
2022-12-23 14:30:00,,
2022-12-23 15:00:00,,
2022-12-23 15:30:00,,
2022-12-23 16:00:00,,
2022-12-23 16:30:00,,
2022-12-23 17:00:00,,
2022-12-23 17:30:00,,
2022-12-23 18:00:00,,
2022-12-23 18:30:00,,
2022-12-23 19:00:00,,
2022-12-23 19:30:00,,
2022-12-23 20:00:00,,
2022-12-23 20:30:00,,
2022-12-23 21:00:00,,
2022-12-23 21:30:00,,
2022-12-23 22:00:00,,
2022-12-23 22:30:00,,
2022-12-23 23:00:00,,
2022-12-23 23:30:00,,
2022-12-24 00:00:00,,
2022-12-24 00:30:00,,
2022-12-24 01:00:00,,
2022-12-24 01:30:00,,
2022-12-24 02:00:00,,
2022-12-24 02:30:00,,
2022-12-24 03:00:00,,
2022-12-24 03:30:00,,
2022-12-24 04:00:00,,
2022-12-24 04:30:00,,
2022-12-24 05:00:00,,
2022-12-24 05:30:00,,
2022-12-24 06:00:00,,
2022-12-24 06:30:00,,
2022-12-24 07:00:00,,
2022-12-24 07:30:00,,
2022-12-24 08:00:00,,
2022-12-24 08:30:00,,
2022-12-24 09:00:00,,
2022-12-24 09:30:00,,
2022-12-24 10:00:00,,
2022-12-24 10:30:00,,
2022-12-24 11:00:00,,
2022-12-24 11:30:00,,
2022-12-24 12:00:00,,
2022-12-24 12:30:00,,
2022-12-24 13:00:00,,
2022-12-24 13:30:00,,
2022-12-24 14:00:00,,
2022-12-24 14:30:00,,
2022-12-24 15:00:00,,
2022-12-24 15:30:00,,
2022-12-24 16:00:00,,
2022-12-24 16:30:00,,
2022-12-24 17:00:00,,
2022-12-24 17:30:00,,
2022-12-24 18:00:00,,
2022-12-24 18:30:00,,
2022-12-24 19:00:00,,
2022-12-24 19:30:00,,
2022-12-24 20:00:00,,
2022-12-24 20:30:00,,
2022-12-24 21:00:00,,
2022-12-24 21:30:00,,
2022-12-24 22:00:00,,
2022-12-24 22:30:00,,
2022-12-24 23:00:00,,
2022-12-24 23:30:00,,
2022-12-25 00:00:00,,
2022-12-25 00:30:00,,
2022-12-25 01:00:00,,
2022-12-25 01:30:00,,
2022-12-25 02:00:00,,
2022-12-25 02:30:00,,
2022-12-25 03:00:00,,
2022-12-25 03:30:00,,
2022-12-25 04:00:00,,
2022-12-25 04:30:00,,
2022-12-25 05:00:00,,
2022-12-25 05:30:00,,
2022-12-25 06:00:00,,
2022-12-25 06:30:00,,
2022-12-25 07:00:00,,
2022-12-25 07:30:00,,
2022-12-25 08:00:00,,
2022-12-25 08:30:00,,
2022-12-25 09:00:00,,
2022-12-25 09:30:00,,
2022-12-25 10:00:00,,
2022-12-25 10:30:00,,
2022-12-25 11:00:00,,
2022-12-25 11:30:00,,
2022-12-25 12:00:00,,
2022-12-25 12:30:00,,
2022-12-25 13:00:00,,
2022-12-25 13:30:00,,
2022-12-25 14:00:00,,
2022-12-25 14:30:00,,
2022-12-25 15:00:00,,
2022-12-25 15:30:00,,
2022-12-25 16:00:00,,
2022-12-25 16:30:00,,
2022-12-25 17:00:00,,
2022-12-25 17:30:00,,
2022-12-25 18:00:00,,
2022-12-25 18:30:00,,
2022-12-25 19:00:00,,
2022-12-25 19:30:00,,
2022-12-25 20:00:00,,
2022-12-25 20:30:00,,
2022-12-25 21:00:00,,
2022-12-25 21:30:00,,
2022-12-25 22:00:00,,
2022-12-25 22:30:00,,
2022-12-25 23:00:00,,
2022-12-25 23:30:00,,
2022-12-26 00:00:00,,
2022-12-26 00:30:00,,
2022-12-26 01:00:00,,
2022-12-26 01:30:00,,
2022-12-26 02:00:00,,
2022-12-26 02:30:00,,
2022-12-26 03:00:00,,
2022-12-26 03:30:00,,
2022-12-26 04:00:00,,
2022-12-26 04:30:00,,
2022-12-26 05:00:00,,
2022-12-26 05:30:00,,
2022-12-26 06:00:00,,
2022-12-26 06:30:00,,
2022-12-26 07:00:00,,
2022-12-26 07:30:00,,
2022-12-26 08:00:00,,
2022-12-26 08:30:00,,
2022-12-26 09:00:00,,
2022-12-26 09:30:00,,
2022-12-26 10:00:00,,
2022-12-26 10:30:00,,
2022-12-26 11:00:00,,
2022-12-26 11:30:00,,
2022-12-26 12:00:00,,
2022-12-26 12:30:00,,
2022-12-26 13:00:00,,
2022-12-26 13:30:00,,
2022-12-26 14:00:00,,
2022-12-26 14:30:00,,
2022-12-26 15:00:00,,
2022-12-26 15:30:00,,
2022-12-26 16:00:00,,
2022-12-26 16:30:00,,
2022-12-26 17:00:00,,
2022-12-26 17:30:00,,
2022-12-26 18:00:00,,
2022-12-26 18:30:00,,
2022-12-26 19:00:00,,
2022-12-26 19:30:00,,
2022-12-26 20:00:00,,
2022-12-26 20:30:00,,
2022-12-26 21:00:00,,
2022-12-26 21:30:00,,
2022-12-26 22:00:00,,
2022-12-26 22:30:00,,
2022-12-26 23:00:00,,
2022-12-26 23:30:00,,
2022-12-27 00:00:00,,
2022-12-27 00:30:00,,
2022-12-27 01:00:00,,
2022-12-27 01:30:00,,
2022-12-27 02:00:00,,
2022-12-27 02:30:00,,
2022-12-27 03:00:00,,
2022-12-27 03:30:00,,
2022-12-27 04:00:00,,
2022-12-27 04:30:00,,
2022-12-27 05:00:00,,
2022-12-27 05:30:00,,
2022-12-27 06:00:00,,
2022-12-27 06:30:00,,
2022-12-27 07:00:00,,
2022-12-27 07:30:00,,
2022-12-27 08:00:00,,
2022-12-27 08:30:00,,
2022-12-27 09:00:00,,
2022-12-27 09:30:00,,
2022-12-27 10:00:00,,
2022-12-27 10:30:00,,
2022-12-27 11:00:00,,
2022-12-27 11:30:00,,
2022-12-27 12:00:00,,
2022-12-27 12:30:00,,
2022-12-27 13:00:00,,
2022-12-27 13:30:00,,
2022-12-27 14:00:00,,
2022-12-27 14:30:00,,
2022-12-27 15:00:00,,
2022-12-27 15:30:00,,
2022-12-27 16:00:00,,
2022-12-27 16:30:00,,
2022-12-27 17:00:00,,
2022-12-27 17:30:00,,
2022-12-27 18:00:00,,
2022-12-27 18:30:00,,
2022-12-27 19:00:00,,
2022-12-27 19:30:00,,
2022-12-27 20:00:00,,
2022-12-27 20:30:00,,
2022-12-27 21:00:00,,
2022-12-27 21:30:00,,
2022-12-27 22:00:00,,
2022-12-27 22:30:00,,
2022-12-27 23:00:00,,
2022-12-27 23:30:00,,
2022-12-28 00:00:00,,
2022-12-28 00:30:00,,
2022-12-28 01:00:00,,
2022-12-28 01:30:00,,
2022-12-28 02:00:00,,
2022-12-28 02:30:00,,
2022-12-28 03:00:00,,
2022-12-28 03:30:00,,
2022-12-28 04:00:00,,
2022-12-28 04:30:00,,
2022-12-28 05:00:00,,
2022-12-28 05:30:00,,
2022-12-28 06:00:00,,
2022-12-28 06:30:00,,
2022-12-28 07:00:00,,
2022-12-28 07:30:00,,
2022-12-28 08:00:00,,
2022-12-28 08:30:00,,
2022-12-28 09:00:00,,
2022-12-28 09:30:00,,
2022-12-28 10:00:00,,
2022-12-28 10:30:00,,
2022-12-28 11:00:00,,
2022-12-28 11:30:00,,
2022-12-28 12:00:00,,
2022-12-28 12:30:00,,
2022-12-28 13:00:00,,
2022-12-28 13:30:00,,
2022-12-28 14:00:00,,
2022-12-28 14:30:00,,
2022-12-28 15:00:00,,
2022-12-28 15:30:00,,
2022-12-28 16:00:00,,
2022-12-28 16:30:00,,
2022-12-28 17:00:00,,
2022-12-28 17:30:00,,
2022-12-28 18:00:00,,
2022-12-28 18:30:00,,
2022-12-28 19:00:00,,
2022-12-28 19:30:00,,
2022-12-28 20:00:00,,
2022-12-28 20:30:00,,
2022-12-28 21:00:00,,
2022-12-28 21:30:00,,
2022-12-28 22:00:00,,
2022-12-28 22:30:00,,
2022-12-28 23:00:00,,
2022-12-28 23:30:00,,
2022-12-29 00:00:00,,
2022-12-29 00:30:00,,
2022-12-29 01:00:00,,
2022-12-29 01:30:00,,
2022-12-29 02:00:00,,
2022-12-29 02:30:00,,
2022-12-29 03:00:00,,
2022-12-29 03:30:00,,
2022-12-29 04:00:00,,
2022-12-29 04:30:00,,
2022-12-29 05:00:00,,
2022-12-29 05:30:00,,
2022-12-29 06:00:00,,
2022-12-29 06:30:00,,
2022-12-29 07:00:00,,
2022-12-29 07:30:00,,
2022-12-29 08:00:00,,
2022-12-29 08:30:00,,
2022-12-29 09:00:00,,
2022-12-29 09:30:00,,
2022-12-29 10:00:00,,
2022-12-29 10:30:00,,
2022-12-29 11:00:00,,
2022-12-29 11:30:00,,
2022-12-29 12:00:00,,
2022-12-29 12:30:00,,
2022-12-29 13:00:00,,
2022-12-29 13:30:00,,
2022-12-29 14:00:00,,
2022-12-29 14:30:00,,
2022-12-29 15:00:00,,
2022-12-29 15:30:00,,
2022-12-29 16:00:00,,
2022-12-29 16:30:00,,
2022-12-29 17:00:00,,
2022-12-29 17:30:00,,
2022-12-29 18:00:00,,
2022-12-29 18:30:00,,
2022-12-29 19:00:00,,
2022-12-29 19:30:00,,
2022-12-29 20:00:00,,
2022-12-29 20:30:00,,
2022-12-29 21:00:00,,
2022-12-29 21:30:00,,
2022-12-29 22:00:00,,
2022-12-29 22:30:00,,
2022-12-29 23:00:00,,
2022-12-29 23:30:00,,
2022-12-30 00:00:00,,
2022-12-30 00:30:00,,
2022-12-30 01:00:00,,
2022-12-30 01:30:00,,
2022-12-30 02:00:00,,
2022-12-30 02:30:00,,
2022-12-30 03:00:00,,
2022-12-30 03:30:00,,
2022-12-30 04:00:00,,
2022-12-30 04:30:00,,
2022-12-30 05:00:00,,
2022-12-30 05:30:00,,
2022-12-30 06:00:00,,
2022-12-30 06:30:00,,
2022-12-30 07:00:00,,
2022-12-30 07:30:00,,
2022-12-30 08:00:00,,
2022-12-30 08:30:00,,
2022-12-30 09:00:00,,
2022-12-30 09:30:00,,
2022-12-30 10:00:00,,
2022-12-30 10:30:00,,
2022-12-30 11:00:00,,
2022-12-30 11:30:00,,
2022-12-30 12:00:00,,
2022-12-30 12:30:00,,
2022-12-30 13:00:00,,
2022-12-30 13:30:00,,
2022-12-30 14:00:00,,
2022-12-30 14:30:00,,
2022-12-30 15:00:00,,
2022-12-30 15:30:00,,
2022-12-30 16:00:00,,
2022-12-30 16:30:00,,
2022-12-30 17:00:00,,
2022-12-30 17:30:00,,
2022-12-30 18:00:00,,
2022-12-30 18:30:00,,
2022-12-30 19:00:00,,
2022-12-30 19:30:00,,
2022-12-30 20:00:00,,
2022-12-30 20:30:00,,
2022-12-30 21:00:00,,
2022-12-30 21:30:00,,
2022-12-30 22:00:00,,
2022-12-30 22:30:00,,
2022-12-30 23:00:00,,
2022-12-30 23:30:00,,
2022-12-31 00:00:00,,
2022-12-31 00:30:00,,
2022-12-31 01:00:00,,
2022-12-31 01:30:00,,
2022-12-31 02:00:00,,
2022-12-31 02:30:00,,
2022-12-31 03:00:00,,
2022-12-31 03:30:00,,
2022-12-31 04:00:00,,
2022-12-31 04:30:00,,
2022-12-31 05:00:00,,
2022-12-31 05:30:00,,
2022-12-31 06:00:00,,
2022-12-31 06:30:00,,
2022-12-31 07:00:00,,
2022-12-31 07:30:00,,
2022-12-31 08:00:00,,
2022-12-31 08:30:00,,
2022-12-31 09:00:00,,
2022-12-31 09:30:00,,
2022-12-31 10:00:00,,
2022-12-31 10:30:00,,
2022-12-31 11:00:00,,
2022-12-31 11:30:00,,
2022-12-31 12:00:00,,
2022-12-31 12:30:00,,
2022-12-31 13:00:00,,
2022-12-31 13:30:00,,
2022-12-31 14:00:00,,
2022-12-31 14:30:00,,
2022-12-31 15:00:00,,
2022-12-31 15:30:00,,
2022-12-31 16:00:00,,
2022-12-31 16:30:00,,
2022-12-31 17:00:00,,
2022-12-31 17:30:00,,
2022-12-31 18:00:00,,
2022-12-31 18:30:00,,
2022-12-31 19:00:00,,
2022-12-31 19:30:00,,
2022-12-31 20:00:00,,
2022-12-31 20:30:00,,
2022-12-31 21:00:00,,
2022-12-31 21:30:00,,
2022-12-31 22:00:00,,
2022-12-31 22:30:00,,
2022-12-31 23:00:00,,
2022-12-31 23:30:00,,
2023-01-01 00:00:00,,
2023-01-01 00:30:00,,
2023-01-01 01:00:00,,
2023-01-01 01:30:00,,
2023-01-01 02:00:00,,
2023-01-01 02:30:00,,
2023-01-01 03:00:00,,
2023-01-01 03:30:00,,
2023-01-01 04:00:00,,
2023-01-01 04:30:00,,
2023-01-01 05:00:00,,
2023-01-01 05:30:00,,
2023-01-01 06:00:00,,
2023-01-01 06:30:00,,
2023-01-01 07:00:00,,
2023-01-01 07:30:00,,
2023-01-01 08:00:00,,
2023-01-01 08:30:00,,
2023-01-01 09:00:00,,
2023-01-01 09:30:00,,
2023-01-01 10:00:00,,
2023-01-01 10:30:00,,
2023-01-01 11:00:00,,
2023-01-01 11:30:00,,
2023-01-01 12:00:00,,
2023-01-01 12:30:00,,
2023-01-01 13:00:00,,
2023-01-01 13:30:00,,
2023-01-01 14:00:00,,
2023-01-01 14:30:00,,
2023-01-01 15:00:00,,
2023-01-01 15:30:00,,
2023-01-01 16:00:00,,
2023-01-01 16:30:00,,
2023-01-01 17:00:00,,
2023-01-01 17:30:00,,
2023-01-01 18:00:00,,
2023-01-01 18:30:00,,
2023-01-01 19:00:00,,
2023-01-01 19:30:00,,
2023-01-01 20:00:00,,
2023-01-01 20:30:00,,
2023-01-01 21:00:00,,
2023-01-01 21:30:00,,
2023-01-01 22:00:00,,
2023-01-01 22:30:00,,
2023-01-01 23:00:00,,
2023-01-01 23:30:00,,
2023-01-02 00:00:00,,
2023-01-02 00:30:00,,
2023-01-02 01:00:00,,
2023-01-02 01:30:00,,
2023-01-02 02:00:00,,
2023-01-02 02:30:00,,
2023-01-02 03:00:00,,
2023-01-02 03:30:00,,
2023-01-02 04:00:00,,
2023-01-02 04:30:00,,
2023-01-02 05:00:00,,
2023-01-02 05:30:00,,
2023-01-02 06:00:00,,
2023-01-02 06:30:00,,
2023-01-02 07:00:00,,
2023-01-02 07:30:00,,
2023-01-02 08:00:00,,
2023-01-02 08:30:00,,
2023-01-02 09:00:00,,
2023-01-02 09:30:00,,
2023-01-02 10:00:00,,
2023-01-02 10:30:00,,
2023-01-02 11:00:00,,
2023-01-02 11:30:00,,
2023-01-02 12:00:00,,
2023-01-02 12:30:00,,
2023-01-02 13:00:00,,
2023-01-02 13:30:00,,
2023-01-02 14:00:00,,
2023-01-02 14:30:00,,
2023-01-02 15:00:00,,
2023-01-02 15:30:00,,
2023-01-02 16:00:00,,
2023-01-02 16:30:00,,
2023-01-02 17:00:00,,
2023-01-02 17:30:00,,
2023-01-02 18:00:00,,
2023-01-02 18:30:00,,
2023-01-02 19:00:00,,
2023-01-02 19:30:00,,
2023-01-02 20:00:00,,
2023-01-02 20:30:00,,
2023-01-02 21:00:00,,
2023-01-02 21:30:00,,
2023-01-02 22:00:00,,
2023-01-02 22:30:00,,
2023-01-02 23:00:00,,
2023-01-02 23:30:00,,
2023-01-03 00:00:00,,
2023-01-03 00:30:00,,
2023-01-03 01:00:00,,
2023-01-03 01:30:00,,
2023-01-03 02:00:00,,
2023-01-03 02:30:00,,
2023-01-03 03:00:00,,
2023-01-03 03:30:00,,
2023-01-03 04:00:00,,
2023-01-03 04:30:00,,
2023-01-03 05:00:00,,
2023-01-03 05:30:00,,
2023-01-03 06:00:00,,
2023-01-03 06:30:00,,
2023-01-03 07:00:00,,
2023-01-03 07:30:00,,
2023-01-03 08:00:00,,
2023-01-03 08:30:00,,
2023-01-03 09:00:00,,
2023-01-03 09:30:00,,
2023-01-03 10:00:00,,
2023-01-03 10:30:00,,
2023-01-03 11:00:00,,
2023-01-03 11:30:00,,
2023-01-03 12:00:00,,
2023-01-03 12:30:00,,
2023-01-03 13:00:00,,
2023-01-03 13:30:00,,
2023-01-03 14:00:00,,
2023-01-03 14:30:00,,
2023-01-03 15:00:00,,
2023-01-03 15:30:00,,
2023-01-03 16:00:00,,
2023-01-03 16:30:00,,
2023-01-03 17:00:00,,
2023-01-03 17:30:00,,
2023-01-03 18:00:00,,
2023-01-03 18:30:00,,
2023-01-03 19:00:00,,
2023-01-03 19:30:00,,
2023-01-03 20:00:00,,
2023-01-03 20:30:00,,
2023-01-03 21:00:00,,
2023-01-03 21:30:00,,
2023-01-03 22:00:00,,
2023-01-03 22:30:00,,
2023-01-03 23:00:00,,
2023-01-03 23:30:00,,
2023-01-04 00:00:00,,
2023-01-04 00:30:00,,
2023-01-04 01:00:00,,
2023-01-04 01:30:00,,
2023-01-04 02:00:00,,
2023-01-04 02:30:00,,
2023-01-04 03:00:00,,
2023-01-04 03:30:00,,
2023-01-04 04:00:00,,
2023-01-04 04:30:00,,
2023-01-04 05:00:00,,
2023-01-04 05:30:00,,
2023-01-04 06:00:00,,
2023-01-04 06:30:00,,
2023-01-04 07:00:00,,
2023-01-04 07:30:00,,
2023-01-04 08:00:00,,
2023-01-04 08:30:00,,
2023-01-04 09:00:00,,
2023-01-04 09:30:00,,
2023-01-04 10:00:00,,
2023-01-04 10:30:00,,
2023-01-04 11:00:00,,
2023-01-04 11:30:00,,
2023-01-04 12:00:00,,
2023-01-04 12:30:00,,
2023-01-04 13:00:00,,
2023-01-04 13:30:00,,
2023-01-04 14:00:00,,
2023-01-04 14:30:00,,
2023-01-04 15:00:00,,
2023-01-04 15:30:00,,
2023-01-04 16:00:00,,
2023-01-04 16:30:00,,
2023-01-04 17:00:00,,
2023-01-04 17:30:00,,
2023-01-04 18:00:00,,
2023-01-04 18:30:00,,
2023-01-04 19:00:00,,
2023-01-04 19:30:00,,
2023-01-04 20:00:00,,
2023-01-04 20:30:00,,
2023-01-04 21:00:00,,
2023-01-04 21:30:00,,
2023-01-04 22:00:00,,
2023-01-04 22:30:00,,
2023-01-04 23:00:00,,
2023-01-04 23:30:00,,
2023-01-05 00:00:00,,
2023-01-05 00:30:00,,
2023-01-05 01:00:00,,
2023-01-05 01:30:00,,
2023-01-05 02:00:00,,
2023-01-05 02:30:00,,
2023-01-05 03:00:00,,
2023-01-05 03:30:00,,
2023-01-05 04:00:00,,
2023-01-05 04:30:00,,
2023-01-05 05:00:00,,
2023-01-05 05:30:00,,
2023-01-05 06:00:00,,
2023-01-05 06:30:00,,
2023-01-05 07:00:00,,
2023-01-05 07:30:00,,
2023-01-05 08:00:00,,
2023-01-05 08:30:00,,
2023-01-05 09:00:00,,
2023-01-05 09:30:00,,
2023-01-05 10:00:00,,
2023-01-05 10:30:00,,
2023-01-05 11:00:00,,
2023-01-05 11:30:00,,
2023-01-05 12:00:00,,
2023-01-05 12:30:00,,
2023-01-05 13:00:00,,
2023-01-05 13:30:00,,
2023-01-05 14:00:00,,
2023-01-05 14:30:00,,
2023-01-05 15:00:00,,
2023-01-05 15:30:00,,
2023-01-05 16:00:00,,
2023-01-05 16:30:00,,
2023-01-05 17:00:00,,
2023-01-05 17:30:00,,
2023-01-05 18:00:00,,
2023-01-05 18:30:00,,
2023-01-05 19:00:00,,
2023-01-05 19:30:00,,
2023-01-05 20:00:00,,
2023-01-05 20:30:00,,
2023-01-05 21:00:00,,
2023-01-05 21:30:00,,
2023-01-05 22:00:00,,
2023-01-05 22:30:00,,
2023-01-05 23:00:00,,
2023-01-05 23:30:00,,
2023-01-06 00:00:00,,
2023-01-06 00:30:00,,
2023-01-06 01:00:00,,
2023-01-06 01:30:00,,
2023-01-06 02:00:00,,
2023-01-06 02:30:00,,
2023-01-06 03:00:00,,
2023-01-06 03:30:00,,
2023-01-06 04:00:00,,
2023-01-06 04:30:00,,
2023-01-06 05:00:00,,
2023-01-06 05:30:00,,
2023-01-06 06:00:00,,
2023-01-06 06:30:00,,
2023-01-06 07:00:00,74.06166666666667,0.0
2023-01-06 07:30:00,75.113,0.0
2023-01-06 08:00:00,68.14150000000001,9.597850000000001
2023-01-06 08:30:00,68.24199999999999,1.5915666666666795
2023-01-06 09:00:00,62.81977777777778,1.9481333333333382
2023-01-06 09:30:00,59.34125,3.6724583333333314
2023-01-06 10:00:00,56.545249999999996,2.887791666666665
2023-01-06 10:30:00,55.64086666666667,5.810633333333335
2023-01-06 11:00:00,53.2034,5.024999999999999
2023-01-06 11:30:00,51.51626666666666,7.103733333333338
2023-01-06 12:00:00,52.067133333333345,16.127999999999993
2023-01-06 12:30:00,49.684000000000005,16.891899999999993
2023-01-06 13:00:00,48.413666666666664,23.102333333333334
2023-01-06 13:30:00,49.367599999999996,23.642933333333332
2023-01-06 14:00:00,52.669066666666666,24.159599999999998
2023-01-06 14:30:00,56.080133333333336,23.803666666666672
2023-01-06 15:00:00,58.3858,26.54123333333333
2023-01-06 15:30:00,62.07946666666667,25.818600000000004
2023-01-06 16:00:00,65.67106666666668,24.293633333333332
2023-01-06 16:30:00,70.20539999999998,23.891533333333314
2023-01-06 17:00:00,73.9672,19.308333333333337
2023-01-06 17:30:00,76.06886666666666,15.543233333333305
2023-01-06 18:00:00,77.6566,12.367266666666666
2023-01-06 18:30:00,79.6768,11.125133333333324
2023-01-06 19:00:00,81.63053333333332,9.24096666666668
2023-01-06 19:30:00,83.33626666666666,9.69210000000001
2023-01-06 20:00:00,84.6824,9.944099999999992
2023-01-06 20:30:00,85.34293333333332,9.291166666666655
2023-01-06 21:00:00,85.44513333333335,8.932333333333332
2023-01-06 21:30:00,85.83226666666667,8.346533333333326
2023-01-06 22:00:00,86.20013333333334,8.586633333333339
2023-01-06 22:30:00,86.74513333333331,8.850400000000008
2023-01-06 23:00:00,86.33053333333334,8.22023333333334
2023-01-06 23:30:00,86.00833333333334,6.937300000000008
2023-01-07 00:00:00,85.6654,6.4972000000000065
2023-01-07 00:30:00,85.34913333333334,6.529300000000006
2023-01-07 01:00:00,85.29366666666667,6.1245666666666665
2023-01-07 01:30:00,85.69826666666667,6.080399999999997
2023-01-07 02:00:00,86.01020000000001,6.044200000000004
2023-01-07 02:30:00,86.80746666666667,6.19283333333334
2023-01-07 03:00:00,86.7918,6.408833333333334
2023-01-07 03:30:00,86.95426666666667,5.415033333333355
2023-01-07 04:00:00,87.59546666666667,5.800833333333273
2023-01-07 04:30:00,87.88146666666667,6.323300000000003
2023-01-07 05:00:00,87.66053333333335,5.672433333333316
2023-01-07 05:30:00,88.32906666666666,6.190866666666665
2023-01-07 06:00:00,88.20233333333334,5.894433333333325
2023-01-07 06:30:00,87.9372,5.51306666666666
2023-01-07 07:00:00,86.16286666666667,4.967099999999988
2023-01-07 07:30:00,83.06466666666667,3.924366666666671
2023-01-07 08:00:00,78.7476,3.984133333333304
2023-01-07 08:30:00,74.49546666666666,6.164699999999968
2023-01-07 09:00:00,70.68986666666667,8.449333333333342
2023-01-07 09:30:00,67.1904,7.932533333333339
2023-01-07 10:00:00,63.3036,6.96396666666665
2023-01-07 10:30:00,61.10293333333334,11.172399999999996
2023-01-07 11:00:00,60.73546666666666,22.232466666666653
2023-01-07 11:30:00,58.557333333333325,23.326299999999982
2023-01-07 12:00:00,55.516733333333335,24.468400000000003
2023-01-07 12:30:00,56.2932,27.2992
2023-01-07 13:00:00,57.94886666666666,33.01463333333332
2023-01-07 13:30:00,59.1418,34.172766666666654
2023-01-07 14:00:00,61.28286666666666,31.011133333333348
2023-01-07 14:30:00,64.77653333333333,22.42860000000001
2023-01-07 15:00:00,66.20273333333334,23.16216666666668
2023-01-07 15:30:00,68.05866666666665,22.1473
2023-01-07 16:00:00,70.15040000000002,18.063399999999994
2023-01-07 16:30:00,72.87813333333334,16.866233333333327
2023-01-07 17:00:00,76.44593333333334,15.926800000000014
2023-01-07 17:30:00,79.41033333333333,14.921033333333341
2023-01-07 18:00:00,81.85833333333332,11.855566666666661
2023-01-07 18:30:00,83.57066666666667,10.242066666666673
2023-01-07 19:00:00,84.57693333333333,9.844499999999996
2023-01-07 19:30:00,85.49533333333333,9.488200000000006
2023-01-07 20:00:00,85.99579999999999,9.939599999999999
2023-01-07 20:30:00,86.38433333333333,8.902233333333342
2023-01-07 21:00:00,87.22,8.663066666666651
2023-01-07 21:30:00,87.33733333333333,8.926833333333349
2023-01-07 22:00:00,87.08793333333332,8.799033333333341
2023-01-07 22:30:00,87.03806666666667,8.27673333333334
2023-01-07 23:00:00,86.771,8.521066666666684
2023-01-07 23:30:00,86.66753333333334,7.926433333333321
2023-01-08 00:00:00,86.92733333333334,7.479766666666649
2023-01-08 00:30:00,87.48713333333333,7.9468333333333305
2023-01-08 01:00:00,88.30640000000001,8.48769999999999
2023-01-08 01:30:00,88.92693333333334,7.754633333333331
2023-01-08 02:00:00,89.13353333333333,6.961766666666662
2023-01-08 02:30:00,89.34080000000002,7.336266666666646
2023-01-08 03:00:00,88.50840000000001,6.1725999999999885
2023-01-08 03:30:00,88.65906666666667,5.824166666666656
2023-01-08 04:00:00,89.0586,6.910766666666632
2023-01-08 04:30:00,89.3672,5.147833333333338
2023-01-08 05:00:00,89.59133333333334,6.080733333333313
2023-01-08 05:30:00,89.69966666666667,5.5992999999999995
2023-01-08 06:00:00,89.95526666666667,6.018200000000007
2023-01-08 06:30:00,89.4366,5.125399999999999
2023-01-08 07:00:00,87.86986666666668,5.179166666666646
2023-01-08 07:30:00,84.42813333333334,3.9737666666666627
2023-01-08 08:00:00,79.60053333333333,4.220100000000002
2023-01-08 08:30:00,74.33493333333334,5.3155333333333346
2023-01-08 09:00:00,68.63806666666667,7.4587999999999965
2023-01-08 09:30:00,64.7138,9.249833333333335
2023-01-08 10:00:00,61.260733333333334,6.391233333333339
2023-01-08 10:30:00,60.408,16.084033333333338
2023-01-08 11:00:00,58.258666666666656,19.821099999999994
2023-01-08 11:30:00,54.95020000000001,20.400733333333335
2023-01-08 12:00:00,54.519333333333336,26.449799999999982
2023-01-08 12:30:00,57.51666666666667,35.423933333333345
2023-01-08 13:00:00,57.65453333333333,33.49426666666666
2023-01-08 13:30:00,57.32033333333334,32.74216666666668
2023-01-08 14:00:00,58.9122,28.8198
2023-01-08 14:30:00,61.257466666666666,26.0452
2023-01-08 15:00:00,61.99680000000001,23.420766666666665
2023-01-08 15:30:00,64.77106666666666,22.596433333333337
2023-01-08 16:00:00,66.69433333333333,19.328500000000005
2023-01-08 16:30:00,70.89613333333332,17.977966666666646
2023-01-08 17:00:00,74.79159999999999,15.231999999999985
2023-01-08 17:30:00,77.9616,14.21589999999999
2023-01-08 18:00:00,80.09406666666666,11.821300000000008
2023-01-08 18:30:00,81.15533333333333,11.065033333333318
2023-01-08 19:00:00,82.54386666666667,9.731533333333317
2023-01-08 19:30:00,83.9684,8.801266666666677
2023-01-08 20:00:00,84.65540000000001,9.12036666666667
2023-01-08 20:30:00,85.23780000000001,8.538600000000045
2023-01-08 21:00:00,85.4808,8.523133333333362
2023-01-08 21:30:00,85.94166666666666,7.954599999999999
2023-01-08 22:00:00,86.05640000000001,7.685233333333329
2023-01-08 22:30:00,86.06886666666666,6.730566666666661
2023-01-08 23:00:00,86.19146666666666,7.428799999999995
2023-01-08 23:30:00,86.0936,7.68889999999999
2023-01-09 00:00:00,86.73273333333333,6.374399999999994
2023-01-09 00:30:00,87.5884,6.320299999999989
2023-01-09 01:00:00,88.25953333333334,6.901866666666663
2023-01-09 01:30:00,88.3246,6.7279333333333255
2023-01-09 02:00:00,88.63966666666667,6.677666666666639
2023-01-09 02:30:00,88.8784,6.330999999999989
2023-01-09 03:00:00,89.06640000000002,6.221433333333323
2023-01-09 03:30:00,88.62526666666668,5.6809333333333285
2023-01-09 04:00:00,88.8634,5.474533333333326
2023-01-09 04:30:00,88.68266666666668,5.759566666666657
2023-01-09 05:00:00,88.8576,5.372566666666671
2023-01-09 05:30:00,89.12353333333334,5.178599999999989
2023-01-09 06:00:00,89.26053333333334,5.200566666666674
2023-01-09 06:30:00,88.1416111111111,6.791166666666683
2023-01-09 07:00:00,85.98745238095239,12.122524999999996
2023-01-09 07:30:00,82.62285714285714,8.412800000000004
2023-01-09 08:00:00,77.27072916666665,7.5180375000000055
2023-01-09 08:30:00,72.14464814814815,8.071366666666677
2023-01-09 09:00:00,67.80210000000001,7.649116666666664
2023-01-09 09:30:00,63.57176666666667,9.579591666666659
2023-01-09 10:00:00,59.25586666666667,10.442158333333325
2023-01-09 10:30:00,56.99716666666666,14.1558
2023-01-09 11:00:00,54.08116666666666,16.099575
2023-01-09 11:30:00,49.46686666666667,18.937133333333342
2023-01-09 12:00:00,48.53826666666667,23.904308333333333
2023-01-09 12:30:00,49.933800000000005,29.09839166666667
2023-01-09 13:00:00,51.748266666666666,28.868066666666664
2023-01-09 13:30:00,53.493700000000004,19.483374999999995
2023-01-09 14:00:00,53.03816666666667,22.491033333333327
2023-01-09 14:30:00,54.2414,23.811175
2023-01-09 15:00:00,55.19366666666667,24.598158333333345
2023-01-09 15:30:00,57.13940000000001,23.81053333333334
2023-01-09 16:00:00,60.8411,22.901408333333343
2023-01-09 16:30:00,65.20906666666666,19.954491666666655
2023-01-09 17:00:00,69.4638,17.95455833333333
2023-01-09 17:30:00,73.2317,15.978616666666682
2023-01-09 18:00:00,77.29926666666667,13.12489166666667
2023-01-09 18:30:00,80.17193333333333,11.704241666666675
2023-01-09 19:00:00,81.88583333333334,10.226974999999996
2023-01-09 19:30:00,82.88016666666668,10.173533333333324
2023-01-09 20:00:00,83.4291,11.104383333333317
2023-01-09 20:30:00,84.40446666666665,11.05605833333334
2023-01-09 21:00:00,85.30653333333333,11.459466666666671
2023-01-09 21:30:00,86.1189,12.871000000000024
2023-01-09 22:00:00,86.80303333333333,12.152500000000003
2023-01-09 22:30:00,87.14263333333334,11.163308333333333
2023-01-09 23:00:00,87.7033,10.66129166666667
2023-01-09 23:30:00,88.14143333333332,11.19938333333333
2023-01-10 00:00:00,88.94406666666666,11.54158333333335
2023-01-10 00:30:00,89.36106666666667,10.85629166666665
2023-01-10 01:00:00,90.0162,10.871633333333321
2023-01-10 01:30:00,90.33623333333334,11.068483333333319
2023-01-10 02:00:00,90.45123333333333,10.373308333333327
2023-01-10 02:30:00,90.59639999999999,11.310958333333318
2023-01-10 03:00:00,90.929,10.664116666666644
2023-01-10 03:30:00,91.2797,11.648683333333324
2023-01-10 04:00:00,91.3707,11.921549999999982
2023-01-10 04:30:00,91.3723,11.74236666666664
2023-01-10 05:00:00,91.58200000000001,11.740791666666652
2023-01-10 05:30:00,91.66810000000001,11.653824999999983
2023-01-10 06:00:00,91.76486666666668,11.73099999999998
2023-01-10 06:30:00,91.5474,11.964824999999976
2023-01-10 07:00:00,90.03713333333334,11.78286666666665
2023-01-10 07:30:00,85.60696666666665,11.407016666666678
2023-01-10 08:00:00,79.18423333333331,8.988299999999995
2023-01-10 08:30:00,72.34823333333333,8.519291666666675
2023-01-10 09:00:00,66.60586666666667,9.933341666666657
2023-01-10 09:30:00,61.08886666666666,11.174074999999995
2023-01-10 10:00:00,57.19733333333333,15.32009999999999
2023-01-10 10:30:00,53.28356666666667,14.647649999999999
2023-01-10 11:00:00,51.863366666666664,16.752133333333333
2023-01-10 11:30:00,49.782666666666664,22.10971666666667
2023-01-10 12:00:00,49.8103,17.445716666666677
2023-01-10 12:30:00,48.76573333333334,17.885941666666675
2023-01-10 13:00:00,48.15656666666667,18.944725000000005
2023-01-10 13:30:00,47.90476666666667,21.052599999999998
2023-01-10 14:00:00,48.662166666666664,21.251441666666672
2023-01-10 14:30:00,50.863299999999995,24.05391666666668
2023-01-10 15:00:00,53.14843333333333,24.83128333333333
2023-01-10 15:30:00,56.397400000000005,21.149375
2023-01-10 16:00:00,59.60393333333333,18.339458333333333
2023-01-10 16:30:00,63.62049999999999,17.616716666666676
2023-01-10 17:00:00,67.83096666666668,14.517983333333333
2023-01-10 17:30:00,72.13066666666666,14.816541666666666
2023-01-10 18:00:00,76.62303333333332,13.45519166666665
2023-01-10 18:30:00,79.57703333333333,11.624033333333344
2023-01-10 19:00:00,81.84043333333334,11.641158333333351
2023-01-10 19:30:00,83.41013333333333,11.130866666666662
2023-01-10 20:00:00,84.81443333333333,11.209924999999998
2023-01-10 20:30:00,85.40483333333334,12.072208333333322
2023-01-10 21:00:00,86.03666666666666,12.117125000000016
2023-01-10 21:30:00,86.29613333333333,12.23082500000001
2023-01-10 22:00:00,86.43930000000002,12.200174999999987
2023-01-10 22:30:00,86.93413333333334,11.673391666666674
2023-01-10 23:00:00,87.7168,11.792091666666678
2023-01-10 23:30:00,88.3166,11.39070833333335
2023-01-11 00:00:00,88.50876666666666,11.281708333333341
2023-01-11 00:30:00,88.9599,11.068408333333338
2023-01-11 01:00:00,89.47486666666666,10.886283333333338
2023-01-11 01:30:00,89.74506666666667,10.564366666666643
2023-01-11 02:00:00,90.0986,10.296691666666646
2023-01-11 02:30:00,90.09740000000002,10.233249999999984
2023-01-11 03:00:00,90.47986666666667,9.896799999999999
2023-01-11 03:30:00,90.71906666666668,10.079991666666672
2023-01-11 04:00:00,91.15956666666668,10.485316666666662
2023-01-11 04:30:00,91.306,9.958133333333322
2023-01-11 05:00:00,91.58463333333333,9.606274999999997
2023-01-11 05:30:00,91.94083333333333,9.395724999999999
2023-01-11 06:00:00,92.1709,9.31042499999998
2023-01-11 06:30:00,92.00083333333333,8.784066666666675
2023-01-11 07:00:00,90.82499999999999,8.808133333333316
2023-01-11 07:30:00,88.2394,8.428016666666664
2023-01-11 08:00:00,82.89346666666667,5.096616666666662
2023-01-11 08:30:00,74.63980000000001,8.508824999999987
2023-01-11 09:00:00,68.2096,9.072966666666673
2023-01-11 09:30:00,63.48689999999999,9.017991666666674
2023-01-11 10:00:00,58.999300000000005,9.1509
2023-01-11 10:30:00,55.42793333333333,9.59748333333333
2023-01-11 11:00:00,51.493633333333335,11.103633333333335
2023-01-11 11:30:00,48.8103,16.932858333333343
2023-01-11 12:00:00,48.56223333333333,23.87141666666666
2023-01-11 12:30:00,46.474466666666665,23.378483333333335
2023-01-11 13:00:00,47.515466666666676,28.846624999999996
2023-01-11 13:30:00,49.4215,26.655775
2023-01-11 14:00:00,52.11873333333333,26.22522500000001
2023-01-11 14:30:00,54.60506666666667,17.725233333333335
2023-01-11 15:00:00,55.25403333333334,15.580641666666665
2023-01-11 15:30:00,57.26143333333334,17.07558333333334
2023-01-11 16:00:00,60.17236666666666,18.432116666666673
2023-01-11 16:30:00,64.32866666666669,17.078508333333332
2023-01-11 17:00:00,69.27466666666666,15.44638333333333
2023-01-11 17:30:00,73.84356666666666,12.090024999999997
2023-01-11 18:00:00,76.45066666666666,11.056533333333306
2023-01-11 18:30:00,78.1882,11.27344166666667
2023-01-11 19:00:00,80.18286666666668,11.467208333333346
2023-01-11 19:30:00,82.0136,13.085991666666672
2023-01-11 20:00:00,83.17666666666666,13.261775
2023-01-11 20:30:00,83.48219999999999,13.04395000000001
2023-01-11 21:00:00,84.4443,14.128574999999984
2023-01-11 21:30:00,85.61103333333332,13.861925000000014
2023-01-11 22:00:00,86.7998,12.46501666666667
2023-01-11 22:30:00,87.6781,11.905558333333332
2023-01-11 23:00:00,88.45023333333333,11.342600000000004
2023-01-11 23:30:00,89.08666666666667,10.826508333333337
2023-01-12 00:00:00,89.64126666666667,9.593841666666663
2023-01-12 00:30:00,89.8955,9.545241666666655
2023-01-12 01:00:00,90.19343333333333,9.29120833333333
2023-01-12 01:30:00,90.46143333333335,9.226983333333322
2023-01-12 02:00:00,90.98036666666667,9.69261666666668
2023-01-12 02:30:00,91.23053333333333,10.596816666666669
2023-01-12 03:00:00,91.33563333333333,10.564041666666654
2023-01-12 03:30:00,91.27703333333334,11.536341666666644
2023-01-12 04:00:00,91.5677,11.891649999999984
2023-01-12 04:30:00,91.61909999999999,11.390999999999991
2023-01-12 05:00:00,91.5193,11.36251666666665
2023-01-12 05:30:00,91.63143333333333,11.423133333333311
2023-01-12 06:00:00,91.70206666666667,11.08867500000001
2023-01-12 06:30:00,91.14413333333333,11.40701666666665
2023-01-12 07:00:00,88.94106666666667,11.122224999999986
2023-01-12 07:30:00,84.55893333333333,12.181366666666676
2023-01-12 08:00:00,79.10523333333333,10.34886666666668
2023-01-12 08:30:00,72.9319,8.177925000000002
2023-01-12 09:00:00,67.62706666666665,8.584508333333332
2023-01-12 09:30:00,62.07039999999999,9.855274999999999
2023-01-12 10:00:00,56.8293,8.597000000000001
2023-01-12 10:30:00,50.96223333333334,11.921575000000018
2023-01-12 11:00:00,49.16406666666667,20.799433333333326
2023-01-12 11:30:00,47.85456666666666,22.767116666666666
2023-01-12 12:00:00,48.172166666666655,28.41158333333334
2023-01-12 12:30:00,49.906466666666674,30.36204166666667
2023-01-12 13:00:00,52.32616666666668,25.455333333333343
2023-01-12 13:30:00,53.551300000000005,19.87869166666667
2023-01-12 14:00:00,53.905966666666664,23.692633333333333
2023-01-12 14:30:00,54.5221,23.742525
2023-01-12 15:00:00,56.62836666666667,23.382374999999996
2023-01-12 15:30:00,57.78203333333333,23.559516666666674
2023-01-12 16:00:00,60.77236666666668,21.05266666666668
2023-01-12 16:30:00,64.97756666666666,18.69221666666666
2023-01-12 17:00:00,69.56973333333335,16.476749999999996
2023-01-12 17:30:00,74.72416666666666,12.452833333333345
2023-01-12 18:00:00,78.6108,9.953058333333317
2023-01-12 18:30:00,81.087,11.191183333333328
2023-01-12 19:00:00,82.10903333333333,11.382049999999992
2023-01-12 19:30:00,83.09856666666667,12.044916666666651
2023-01-12 20:00:00,83.97560000000001,11.841241666666662
2023-01-12 20:30:00,85.17956666666666,11.780900000000003
2023-01-12 21:00:00,86.45330000000001,11.906416666666658
2023-01-12 21:30:00,87.0289,11.448025000000015
2023-01-12 22:00:00,87.73503333333333,11.029966666666667
2023-01-12 22:30:00,88.53093333333334,10.932891666666677
2023-01-12 23:00:00,88.67873333333333,10.588083333333344
2023-01-12 23:30:00,89.36023333333331,10.451658333333341
2023-01-13 00:00:00,89.9385,10.484691666666649
2023-01-13 00:30:00,90.39283333333333,9.107933333333335
2023-01-13 01:00:00,90.57463333333334,9.228691666666634
2023-01-13 01:30:00,90.9372,9.219033333333343
2023-01-13 02:00:00,91.09726666666666,9.052666666666667
2023-01-13 02:30:00,91.56096666666667,9.684066666666666
2023-01-13 03:00:00,91.58496666666667,10.020541666666674
2023-01-13 03:30:00,91.4349,9.9058
2023-01-13 04:00:00,91.49896666666666,9.69254166666667
2023-01-13 04:30:00,91.72066666666667,9.704383333333325
2023-01-13 05:00:00,91.96026666666667,9.885333333333321
2023-01-13 05:30:00,92.13533333333335,9.445949999999996
2023-01-13 06:00:00,92.09819999999999,9.92243333333333
2023-01-13 06:30:00,91.5825,9.133433333333329
2023-01-13 07:00:00,90.07793333333333,9.618799999999993
2023-01-13 07:30:00,86.41063333333334,9.335625000000007
2023-01-13 08:00:00,81.13483333333332,7.710016666666675
2023-01-13 08:30:00,76.00433333333334,6.706874999999997
2023-01-13 09:00:00,69.83013333333334,5.23363333333333
2023-01-13 09:30:00,63.57946666666667,7.80533333333333
2023-01-13 10:00:00,58.636333333333326,10.48948333333334
2023-01-13 10:30:00,54.42766666666667,19.484191666666675
2023-01-13 11:00:00,51.07223333333334,22.51210833333333
2023-01-13 11:30:00,49.56506666666667,24.70194999999999
2023-01-13 12:00:00,47.2488,27.947083333333325
2023-01-13 12:30:00,46.875366666666665,28.960858333333334
2023-01-13 13:00:00,47.34903333333333,30.343449999999994
2023-01-13 13:30:00,48.706,29.88669166666667
2023-01-13 14:00:00,49.885266666666666,26.80384166666667
2023-01-13 14:30:00,52.277833333333334,22.37154166666666
2023-01-13 15:00:00,53.025266666666674,20.799941666666662
2023-01-13 15:30:00,54.357466666666674,20.34214999999999
2023-01-13 16:00:00,58.04103333333334,20.026125
2023-01-13 16:30:00,62.22589999999999,18.018124999999998
2023-01-13 17:00:00,67.05096666666665,16.704175000000006
2023-01-13 17:30:00,71.9261,14.654991666666675
2023-01-13 18:00:00,76.76433333333334,12.240049999999982
2023-01-13 18:30:00,79.28926666666668,12.732816666666693
2023-01-13 19:00:00,81.58876666666666,11.97685833333334
2023-01-13 19:30:00,83.19776666666667,12.396341666666672
2023-01-13 20:00:00,84.258,11.75467500000002
2023-01-13 20:30:00,85.1221,11.864341666666647
2023-01-13 21:00:00,85.85186666666667,11.415975000000003
2023-01-13 21:30:00,86.42496666666666,11.811366666666686
2023-01-13 22:00:00,86.89706666666666,12.036249999999995
2023-01-13 22:30:00,87.60776666666668,12.502625000000009
2023-01-13 23:00:00,88.23593333333334,11.368216666666655
2023-01-13 23:30:00,88.62976666666665,10.99300833333335
2023-01-14 00:00:00,89.06356666666667,11.248550000000009
2023-01-14 00:30:00,89.42413333333333,10.282516666666666
2023-01-14 01:00:00,89.61016666666667,9.832258333333314
2023-01-14 01:30:00,90.09366666666668,8.30704999999999
2023-01-14 02:00:00,90.28626666666665,8.44835000000002
2023-01-14 02:30:00,90.59616666666666,8.739133333333328
2023-01-14 03:00:00,91.36723333333335,9.597499999999997
2023-01-14 03:30:00,91.2952,8.872216666666688
2023-01-14 04:00:00,91.3299,8.72174166666666
2023-01-14 04:30:00,91.6822,8.971691666666672
2023-01-14 05:00:00,91.83966666666666,9.525075000000001
2023-01-14 05:30:00,92.0749,8.85796666666667
2023-01-14 06:00:00,92.09383333333332,8.515325000000018
2023-01-14 06:30:00,92.28403333333333,8.466758333333331
2023-01-14 07:00:00,91.4487,8.384424999999993
2023-01-14 07:30:00,87.48003333333334,9.51651666666666
2023-01-14 08:00:00,81.10246666666667,12.63051666666668
2023-01-14 08:30:00,73.91720000000001,10.142016666666663
2023-01-14 09:00:00,68.16036666666666,10.09089999999999
2023-01-14 09:30:00,63.50636666666668,11.250941666666655
2023-01-14 10:00:00,58.87956666666666,15.91585833333334
2023-01-14 10:30:00,53.28436666666666,20.24265833333334
2023-01-14 11:00:00,49.84966666666667,24.528458333333333
2023-01-14 11:30:00,48.21523333333333,23.313525
2023-01-14 12:00:00,45.9986,25.424308333333343
2023-01-14 12:30:00,46.5165,20.292575000000006
2023-01-14 13:00:00,46.59533333333333,19.67326666666667
2023-01-14 13:30:00,47.76386666666667,19.695825
2023-01-14 14:00:00,49.38846666666667,20.749183333333328
2023-01-14 14:30:00,50.81166666666666,20.861024999999998
2023-01-14 15:00:00,52.71773333333333,19.266658333333332
2023-01-14 15:30:00,54.36559999999999,19.62375
2023-01-14 16:00:00,57.30166666666666,19.190491666666667
2023-01-14 16:30:00,62.22076666666667,17.354083333333342
2023-01-14 17:00:00,68.14823333333334,15.615674999999989
2023-01-14 17:30:00,73.75706666666667,12.63763333333334
2023-01-14 18:00:00,78.67406666666666,12.51725833333336
2023-01-14 18:30:00,81.19803333333336,12.597633333333334
2023-01-14 19:00:00,82.40726666666666,12.114725000000007
2023-01-14 19:30:00,83.29726666666667,11.648841666666655
2023-01-14 20:00:00,84.0129,11.771866666666668
2023-01-14 20:30:00,84.59076666666665,12.154008333333351
2023-01-14 21:00:00,84.84706666666666,12.386591666666675
2023-01-14 21:30:00,84.83306666666667,12.062100000000015
2023-01-14 22:00:00,85.304,11.794683333333325
2023-01-14 22:30:00,85.47793333333333,12.36148333333334
2023-01-14 23:00:00,85.63666666666666,13.245841666666678
2023-01-14 23:30:00,85.8287,12.594674999999995
2023-01-15 00:00:00,86.44683333333333,12.095933333333349
2023-01-15 00:30:00,87.12019999999998,11.355066666666673
2023-01-15 01:00:00,87.59150000000001,11.035899999999998
2023-01-15 01:30:00,87.9794,10.150566666666677
2023-01-15 02:00:00,88.27626666666666,11.247533333333337
2023-01-15 02:30:00,88.62533333333332,10.633825000000016
2023-01-15 03:00:00,89.13969999999999,10.568616666666685
2023-01-15 03:30:00,89.51636666666667,10.211149999999975
2023-01-15 04:00:00,89.87546666666665,9.377683333333323
2023-01-15 04:30:00,90.23286666666667,9.620149999999995
2023-01-15 05:00:00,90.58073333333333,10.380749999999992
2023-01-15 05:30:00,90.78296666666667,10.346758333333327
2023-01-15 06:00:00,91.01689999999999,9.52170833333335
2023-01-15 06:30:00,91.18073333333334,8.905458333333343
2023-01-15 07:00:00,89.91586666666666,8.835775000000012
2023-01-15 07:30:00,86.14833333333334,10.029300000000006
2023-01-15 08:00:00,80.41283333333334,10.941224999999989
2023-01-15 08:30:00,74.17266666666667,6.078125
2023-01-15 09:00:00,68.6828,8.531566666666677
2023-01-15 09:30:00,63.98416666666667,12.429475000000004
2023-01-15 10:00:00,59.93209999999999,14.870999999999995
2023-01-15 10:30:00,57.508666666666656,17.25209999999999
2023-01-15 11:00:00,54.827033333333326,19.62558333333333
2023-01-15 11:30:00,53.861266666666666,17.172424999999997
2023-01-15 12:00:00,53.0982,22.661533333333345
2023-01-15 12:30:00,53.010000000000005,18.552183333333325
2023-01-15 13:00:00,52.424,20.31795000000001
2023-01-15 13:30:00,52.695433333333334,20.18247500000001
2023-01-15 14:00:00,53.79200000000001,20.640608333333333
2023-01-15 14:30:00,55.642399999999995,20.69188333333333
2023-01-15 15:00:00,57.713633333333334,19.85759999999999
2023-01-15 15:30:00,60.478200000000015,18.072333333333333
2023-01-15 16:00:00,64.25726666666665,15.092650000000006
2023-01-15 16:30:00,67.62546666666667,13.614958333333334
2023-01-15 17:00:00,71.66846666666666,11.653183333333345
2023-01-15 17:30:00,76.00483333333332,10.642933333333332
2023-01-15 18:00:00,79.64670000000001,12.624083333333317
2023-01-15 18:30:00,81.40396666666666,12.322733333333346
2023-01-15 19:00:00,82.07983333333333,12.78517500000001
2023-01-15 19:30:00,82.4641,11.997899999999987
2023-01-15 20:00:00,83.0253,11.804299999999998
2023-01-15 20:30:00,83.69646666666667,11.848516666666654
2023-01-15 21:00:00,84.34986666666666,12.537316666666669
2023-01-15 21:30:00,84.76853333333334,12.713250000000002
2023-01-15 22:00:00,84.80389999999998,13.37230000000001
2023-01-15 22:30:00,85.06880000000001,12.779475000000005
2023-01-15 23:00:00,85.54606666666666,12.007133333333343
2023-01-15 23:30:00,86.0823,12.995408333333344
2023-01-16 00:00:00,86.44086666666666,12.626391666666663
2023-01-16 00:30:00,86.54996666666668,12.522408333333317
2023-01-16 01:00:00,87.0872,12.72592499999999
2023-01-16 01:30:00,87.62876666666668,12.68330833333333
2023-01-16 02:00:00,88.34899999999999,11.624975000000006
2023-01-16 02:30:00,88.79476666666666,10.889166666666654
2023-01-16 03:00:00,88.9514,10.141883333333325
2023-01-16 03:30:00,89.28763333333333,10.036549999999991
2023-01-16 04:00:00,89.5926,10.35470833333332
2023-01-16 04:30:00,89.9833,10.079708333333329
2023-01-16 05:00:00,90.3586,10.15256666666663
2023-01-16 05:30:00,90.7114,9.90376666666667
2023-01-16 06:00:00,90.9805,10.316233333333315
2023-01-16 06:30:00,90.858,9.550958333333327
2023-01-16 07:00:00,89.2971,8.857158333333317
2023-01-16 07:30:00,85.36076666666665,10.414425000000023
2023-01-16 08:00:00,79.56593333333333,9.15809166666665
2023-01-16 08:30:00,72.9558,7.887441666666675
2023-01-16 09:00:00,66.79133333333331,10.003683333333328
2023-01-16 09:30:00,62.24380000000001,11.624499999999983
2023-01-16 10:00:00,58.31466666666667,17.46448333333332
2023-01-16 10:30:00,55.156633333333346,23.32644166666666
2023-01-16 11:00:00,53.0139,22.838600000000007
2023-01-16 11:30:00,51.368700000000004,22.451974999999997
2023-01-16 12:00:00,50.89613333333334,24.82430833333335
2023-01-16 12:30:00,52.989200000000004,20.500800000000005
2023-01-16 13:00:00,53.5025,15.682533333333332
2023-01-16 13:30:00,52.612700000000004,16.241633333333333
2023-01-16 14:00:00,52.0133,18.649858333333327
2023-01-16 14:30:00,52.518899999999995,21.305533333333322
2023-01-16 15:00:00,54.5126,21.518975000000005
2023-01-16 15:30:00,56.336633333333324,17.417341666666665
2023-01-16 16:00:00,60.31436666666667,17.83376666666667
2023-01-16 16:30:00,67.21383333333333,19.32063333333334
2023-01-16 17:00:00,72.03196666666665,14.892041666666657
2023-01-16 17:30:00,75.3125,11.368383333333327
2023-01-16 18:00:00,78.0788,10.548575
2023-01-16 18:30:00,80.10223333333333,11.125725000000003
2023-01-16 19:00:00,81.00769999999999,11.936108333333337
2023-01-16 19:30:00,81.97456666666666,11.000091666666663
2023-01-16 20:00:00,82.61623333333333,11.48766666666667
2023-01-16 20:30:00,83.13076666666666,12.284475000000015
2023-01-16 21:00:00,83.40539999999999,13.028091666666668
2023-01-16 21:30:00,83.68780000000001,12.396583333333325
2023-01-16 22:00:00,84.16056666666667,12.552058333333335
2023-01-16 22:30:00,84.77026666666667,12.840216666666663
2023-01-16 23:00:00,85.18096666666666,12.732624999999999
2023-01-16 23:30:00,85.68746666666667,13.416283333333354
2023-01-17 00:00:00,86.19296666666668,12.198283333333322
2023-01-17 00:30:00,86.42866666666666,12.767041666666685
2023-01-17 01:00:00,86.8327,12.060516666666658
2023-01-17 01:30:00,87.37643333333332,11.39691666666667
2023-01-17 02:00:00,87.9403,11.595275
2023-01-17 02:30:00,88.26666666666668,11.039058333333344
2023-01-17 03:00:00,88.56,10.762608333333333
2023-01-17 03:30:00,89.1146,10.393483333333336
2023-01-17 04:00:00,89.37729999999999,10.276300000000006
2023-01-17 04:30:00,89.72926666666667,9.871283333333324
2023-01-17 05:00:00,90.065,10.429450000000003
2023-01-17 05:30:00,90.38470000000001,10.04658333333333
2023-01-17 06:00:00,90.62123333333335,9.693149999999989
2023-01-17 06:30:00,90.36536666666667,9.590316666666652
2023-01-17 07:00:00,88.95943333333334,8.744666666666646
2023-01-17 07:30:00,85.71956666666668,9.840374999999995
2023-01-17 08:00:00,80.53456666666668,8.826183333333347
2023-01-17 08:30:00,74.8985,7.109250000000003
2023-01-17 09:00:00,70.73450000000001,7.019999999999996
2023-01-17 09:30:00,67.88913333333333,7.42166666666666
2023-01-17 10:00:00,64.30983333333333,6.28446666666666
2023-01-17 10:30:00,58.42106666666666,12.785341666666667
2023-01-17 11:00:00,55.40156666666667,19.497683333333327
2023-01-17 11:30:00,52.263999999999996,21.06212500000001
2023-01-17 12:00:00,49.081366666666675,17.995725
2023-01-17 12:30:00,47.42543333333334,22.00718333333333
2023-01-17 13:00:00,48.21976666666667,27.29848333333333
2023-01-17 13:30:00,51.01826666666667,26.168758333333336
2023-01-17 14:00:00,53.39,22.148566666666675
2023-01-17 14:30:00,54.59733333333334,20.74100833333334
2023-01-17 15:00:00,55.85453333333332,19.369649999999993
2023-01-17 15:30:00,57.337900000000005,16.690974999999995
2023-01-17 16:00:00,60.13430000000001,16.38819166666667
2023-01-17 16:30:00,63.5092,14.792808333333333
2023-01-17 17:00:00,67.20033333333332,14.111024999999998
2023-01-17 17:30:00,70.99786666666667,12.90173333333334
2023-01-17 18:00:00,74.90313333333333,11.38880833333333
2023-01-17 18:30:00,77.28933333333333,10.308483333333328
2023-01-17 19:00:00,79.00093333333334,11.084816666666683
2023-01-17 19:30:00,80.9068,10.94583333333334
2023-01-17 20:00:00,82.05939999999998,12.260508333333334
2023-01-17 20:30:00,83.18073333333334,11.996308333333332
2023-01-17 21:00:00,83.75159999999998,12.310308333333325
2023-01-17 21:30:00,84.45509999999999,12.760233333333346
2023-01-17 22:00:00,84.96426666666666,12.372958333333344
2023-01-17 22:30:00,85.63753333333334,11.622466666666668
2023-01-17 23:00:00,86.40073333333335,11.060675000000003
2023-01-17 23:30:00,86.86783333333332,11.164000000000016
2023-01-18 00:00:00,87.61816666666667,10.848958333333329
2023-01-18 00:30:00,88.03926666666666,11.107275000000016
2023-01-18 01:00:00,88.31623333333332,10.821841666666671
2023-01-18 01:30:00,88.69269999999999,10.097733333333338
2023-01-18 02:00:00,88.86103333333334,9.959450000000018
2023-01-18 02:30:00,89.1808,9.361441666666636
2023-01-18 03:00:00,89.35206666666667,9.744041666666647
2023-01-18 03:30:00,90.06299999999999,8.86070833333332
2023-01-18 04:00:00,90.26583333333332,9.485241666666653
2023-01-18 04:30:00,90.73643333333334,9.517325
2023-01-18 05:00:00,90.85819999999998,8.609766666666658
2023-01-18 05:30:00,90.99520000000001,9.103033333333329
2023-01-18 06:00:00,91.23906666666667,8.274883333333321
2023-01-18 06:30:00,91.32079999999999,9.169566666666682
2023-01-18 07:00:00,90.49396666666667,8.704633333333334
2023-01-18 07:30:00,87.39583333333333,9.803741666666667
2023-01-18 08:00:00,81.82893333333334,10.727366666666697
2023-01-18 08:30:00,76.37406666666666,8.208583333333337
2023-01-18 09:00:00,72.20163333333333,8.01814166666668
2023-01-18 09:30:00,68.47506666666668,7.086774999999989
2023-01-18 10:00:00,64.18166666666666,8.645433333333322
2023-01-18 10:30:00,60.2558,14.713233333333335
2023-01-18 11:00:00,56.752966666666666,19.13336666666666
2023-01-18 11:30:00,54.44793333333333,21.95785
2023-01-18 12:00:00,53.52963333333334,23.40680833333333
2023-01-18 12:30:00,56.03443333333333,17.46055833333334
2023-01-18 13:00:00,57.06523333333333,15.781591666666671
2023-01-18 13:30:00,56.92426666666667,17.879524999999994
2023-01-18 14:00:00,57.77813333333334,19.077441666666658
2023-01-18 14:30:00,59.452466666666666,19.329616666666674
2023-01-18 15:00:00,62.4938,16.58743333333333
2023-01-18 15:30:00,65.11853333333333,15.11844166666667
2023-01-18 16:00:00,68.70973333333333,12.061074999999995
2023-01-18 16:30:00,72.46906666666668,11.097949999999997
2023-01-18 17:00:00,75.31623333333333,10.423791666666673
2023-01-18 17:30:00,78.6904,10.119024999999993
2023-01-18 18:00:00,80.76453333333333,10.808733333333336
2023-01-18 18:30:00,81.58226666666667,11.21823333333333
2023-01-18 19:00:00,82.088,11.546708333333342
2023-01-18 19:30:00,82.00059999999999,11.427441666666667
2023-01-18 20:00:00,82.18943333333334,10.718358333333342
2023-01-18 20:30:00,82.45843333333333,10.985166666666657
2023-01-18 21:00:00,82.63503333333333,11.338625000000008
2023-01-18 21:30:00,82.9967,11.649958333333345
2023-01-18 22:00:00,83.15503333333332,11.688416666666669
2023-01-18 22:30:00,83.65493333333333,11.875933333333322
2023-01-18 23:00:00,83.86113333333334,11.804458333333343
2023-01-18 23:30:00,84.11029999999998,12.80240833333336
2023-01-19 00:00:00,84.58899999999998,13.359499999999997
2023-01-19 00:30:00,85.15090000000001,13.075708333333338
2023-01-19 01:00:00,85.77283333333334,12.129808333333344
2023-01-19 01:30:00,86.1913,11.419716666666645
2023-01-19 02:00:00,86.37443333333333,11.336725000000001
2023-01-19 02:30:00,86.63823333333335,12.268108333333345
2023-01-19 03:00:00,87.24356666666668,11.246075000000005
2023-01-19 03:30:00,87.82803333333334,10.13791666666667
2023-01-19 04:00:00,88.42083333333332,11.027025000000009
2023-01-19 04:30:00,88.91886666666666,9.959850000000003
2023-01-19 05:00:00,89.28393333333335,9.738408333333311
2023-01-19 05:30:00,89.65613333333333,9.373283333333319
2023-01-19 06:00:00,89.84469999999997,9.250299999999982
2023-01-19 06:30:00,89.89843333333334,8.808583333333303
2023-01-19 07:00:00,89.14033333333332,8.474183333333315
2023-01-19 07:30:00,86.91400000000002,8.43330833333333
2023-01-19 08:00:00,81.6468,8.893016666666682
2023-01-19 08:30:00,74.72849999999998,6.554983333333325
2023-01-19 09:00:00,68.93346666666665,5.208816666666664
2023-01-19 09:30:00,64.14276666666666,5.9729249999999965
2023-01-19 10:00:00,60.54676666666667,6.662333333333329
2023-01-19 10:30:00,56.90383333333334,10.531975000000003
2023-01-19 11:00:00,54.88843333333333,16.522341666666662
2023-01-19 11:30:00,51.52316666666667,20.53861666666667
2023-01-19 12:00:00,48.830666666666666,21.79506666666667
2023-01-19 12:30:00,48.255900000000004,26.13981666666667
2023-01-19 13:00:00,50.68736666666667,24.72195
2023-01-19 13:30:00,54.78023333333334,21.310991666666666
2023-01-19 14:00:00,56.70863333333333,19.62399166666666
2023-01-19 14:30:00,58.224366666666675,19.440275
2023-01-19 15:00:00,60.739033333333325,19.350716666666663
2023-01-19 15:30:00,63.33656666666667,18.390774999999984
2023-01-19 16:00:00,66.1899,17.34684166666667
2023-01-19 16:30:00,68.87063333333334,17.093674999999998
2023-01-19 17:00:00,71.70793333333333,15.706716666666665
2023-01-19 17:30:00,75.49033333333333,12.328033333333323
2023-01-19 18:00:00,78.71119999999999,9.467524999999995
2023-01-19 18:30:00,80.3877,9.932091666666679
2023-01-19 19:00:00,81.70256666666667,10.892091666666673
2023-01-19 19:30:00,82.81076666666668,10.787991666666684
2023-01-19 20:00:00,83.92979999999997,11.603341666666665
2023-01-19 20:30:00,84.8765,11.715525
2023-01-19 21:00:00,85.31586666666666,10.801933333333324
2023-01-19 21:30:00,85.75986666666665,9.995291666666674
2023-01-19 22:00:00,86.12726666666667,10.563141666666667
2023-01-19 22:30:00,86.2326,10.356691666666677
2023-01-19 23:00:00,86.48896666666667,10.97333333333333
2023-01-19 23:30:00,86.73236666666668,10.481108333333324
2023-01-20 00:00:00,86.40583333333333,10.611283333333347
2023-01-20 00:30:00,86.38700000000001,10.049283333333335
2023-01-20 01:00:00,86.51833333333335,9.70664166666667
2023-01-20 01:30:00,87.14036666666667,10.41531666666664
2023-01-20 02:00:00,87.4546,10.60019166666666
2023-01-20 02:30:00,87.71713333333335,10.459658333333323
2023-01-20 03:00:00,87.80036666666668,10.663741666666667
2023-01-20 03:30:00,87.80850000000001,11.051874999999995
2023-01-20 04:00:00,88.29316666666668,9.819108333333318
2023-01-20 04:30:00,88.97543333333333,9.771016666666668
2023-01-20 05:00:00,89.63860000000001,10.062358333333322
2023-01-20 05:30:00,90.09290000000001,9.649408333333326
2023-01-20 06:00:00,90.51610000000001,9.297374999999988
2023-01-20 06:30:00,90.57353333333334,9.49991666666665
2023-01-20 07:00:00,89.95296666666668,8.721691666666658
2023-01-20 07:30:00,86.08350833333333,12.188602083333336
2023-01-20 08:00:00,83.17905,9.203558333333334
2023-01-20 08:30:00,77.03795,13.871974999999992
2023-01-20 09:00:00,73.58476666666667,11.158641666666668
2023-01-20 09:30:00,69.78116666666668,12.847191666666681
2023-01-20 10:00:00,66.31696666666667,16.296124999999996
2023-01-20 10:30:00,63.35876666666667,17.225733333333324
2023-01-20 11:00:00,60.51613333333334,16.292908333333337
2023-01-20 11:30:00,59.069766666666666,17.438733333333325
2023-01-20 12:00:00,59.00153333333334,19.05323333333333
2023-01-20 12:30:00,57.81173333333332,18.57871666666668
2023-01-20 13:00:00,57.87716666666667,19.10923333333333
2023-01-20 13:30:00,58.78706666666667,20.927891666666675
2023-01-20 14:00:00,60.16949999999999,19.034808333333338
2023-01-20 14:30:00,62.27183333333333,18.25572499999999
2023-01-20 15:00:00,64.32050000000001,15.400799999999997
2023-01-20 15:30:00,66.33790000000002,15.007941666666667
2023-01-20 16:00:00,69.7046,13.765766666666671
2023-01-20 16:30:00,73.30676666666668,9.60390000000001
2023-01-20 17:00:00,76.17083333333335,8.371191666666661
2023-01-20 17:30:00,79.10803333333332,8.12543333333332
2023-01-20 18:00:00,81.3381,9.962325000000021
2023-01-20 18:30:00,82.31166666666668,9.065900000000013
2023-01-20 19:00:00,83.07946666666666,9.813241666666684
2023-01-20 19:30:00,83.17026666666666,9.580966666666669
2023-01-20 20:00:00,82.97916666666666,9.684458333333339
2023-01-20 20:30:00,83.285,9.944266666666678
2023-01-20 21:00:00,84.08796666666667,10.340408333333329
2023-01-20 21:30:00,85.2022,10.641674999999992
2023-01-20 22:00:00,85.17343333333332,10.638491666666667
2023-01-20 22:30:00,85.30789999999999,10.797275000000013
2023-01-20 23:00:00,85.06700000000001,9.322149999999993
2023-01-20 23:30:00,85.54426666666667,8.57119166666665
2023-01-21 00:00:00,86.4453,7.101100000000002
2023-01-21 00:30:00,87.1306,7.954624999999993
2023-01-21 01:00:00,88.13286666666667,8.352766666666653
2023-01-21 01:30:00,88.40263333333334,7.00695833333333
2023-01-21 02:00:00,88.7835,7.17916666666666
2023-01-21 02:30:00,89.54456666666667,6.670741666666672
2023-01-21 03:00:00,90.2067,6.294550000000015
2023-01-21 03:30:00,90.85733333333333,6.274483333333336
2023-01-21 04:00:00,91.24026666666666,5.831783333333334
2023-01-21 04:30:00,91.53009999999999,5.38740833333334
2023-01-21 05:00:00,91.488,5.702633333333338
2023-01-21 05:30:00,91.3103,4.8030166666666645
2023-01-21 06:00:00,91.2448,5.006766666666664
2023-01-21 06:30:00,90.74866666666667,4.987991666666659
2023-01-21 07:00:00,87.79183333333332,7.244816666666665
2023-01-21 07:30:00,83.05666666666667,12.681241666666665
2023-01-21 08:00:00,76.95143333333333,16.70972500000002
2023-01-21 08:30:00,72.16733333333332,17.386200000000002
2023-01-21 09:00:00,67.49936666666667,14.873691666666652
2023-01-21 09:30:00,64.96706666666665,16.46484999999999
2023-01-21 10:00:00,60.26323333333333,23.43658333333334
2023-01-21 10:30:00,57.308400000000006,23.27854166666667
2023-01-21 11:00:00,55.114033333333325,24.839358333333337
2023-01-21 11:30:00,53.98106666666666,23.968058333333346
2023-01-21 12:00:00,55.48406666666666,21.83108333333334
2023-01-21 12:30:00,56.26976666666667,20.802175000000005
2023-01-21 13:00:00,55.90259999999999,23.963900000000002
2023-01-21 13:30:00,56.5514,23.77026666666668
2023-01-21 14:00:00,57.96636666666667,23.318274999999993
2023-01-21 14:30:00,59.904133333333334,23.060158333333334
2023-01-21 15:00:00,62.589166666666664,20.911358333333332
2023-01-21 15:30:00,64.73543333333333,19.782116666666667
2023-01-21 16:00:00,66.85069999999999,19.945299999999996
2023-01-21 16:30:00,70.5922,17.673950000000005
2023-01-21 17:00:00,75.8259,12.738600000000005
2023-01-21 17:30:00,79.82243333333332,11.649716666666663
2023-01-21 18:00:00,82.57183333333333,10.235608333333346
2023-01-21 18:30:00,84.28256666666667,10.842358333333323
2023-01-21 19:00:00,83.95443333333334,11.5852
2023-01-21 19:30:00,83.44343333333333,11.63946666666665
2023-01-21 20:00:00,84.09896666666666,10.994625000000013
2023-01-21 20:30:00,84.77753333333332,10.517641666666663
2023-01-21 21:00:00,85.09963333333334,11.233033333333339
2023-01-21 21:30:00,85.5459,10.485233333333355
2023-01-21 22:00:00,85.71703333333335,9.05232500000001
2023-01-21 22:30:00,86.09983333333335,8.359175000000022
2023-01-21 23:00:00,85.86333333333333,6.676316666666679
2023-01-21 23:30:00,85.86343333333335,10.260133333333314
2023-01-22 00:00:00,86.16170000000002,8.942858333333348
2023-01-22 00:30:00,86.37253333333334,9.13470833333335
2023-01-22 01:00:00,87.01816666666666,7.5772500000000065
2023-01-22 01:30:00,87.67906666666667,6.984750000000005
2023-01-22 02:00:00,88.05323333333334,7.219525000000004
2023-01-22 02:30:00,88.36343333333333,7.5401583333333235
2023-01-22 03:00:00,88.27863333333332,7.6197250000000025
2023-01-22 03:30:00,87.83293333333333,7.921516666666662
2023-01-22 04:00:00,87.69073333333333,6.634
2023-01-22 04:30:00,87.9572,7.486666666666679
2023-01-22 05:00:00,88.82733333333331,6.743816666666675
2023-01-22 05:30:00,89.2964,6.291391666666684
2023-01-22 06:00:00,89.51246666666665,6.688016666666655
2023-01-22 06:30:00,89.24736666666666,6.554299999999998
2023-01-22 07:00:00,86.3991,8.899008333333327
2023-01-22 07:30:00,81.93209999999999,13.758433333333343
2023-01-22 08:00:00,76.22166666666665,15.042341666666672
2023-01-22 08:30:00,70.20413333333333,15.210633333333341
2023-01-22 09:00:00,65.94016666666667,16.041208333333316
2023-01-22 09:30:00,62.56439999999999,16.266149999999996
2023-01-22 10:00:00,59.93783333333332,22.938399999999994
2023-01-22 10:30:00,57.01013333333333,24.990166666666653
2023-01-22 11:00:00,55.33676666666666,23.702966666666676
2023-01-22 11:30:00,55.20596666666667,23.658333333333324
2023-01-22 12:00:00,55.25566666666667,21.509891666666654
2023-01-22 12:30:00,54.40886666666667,18.378974999999997
2023-01-22 13:00:00,55.131833333333326,24.440025
2023-01-22 13:30:00,57.27803333333334,23.56594166666666
2023-01-22 14:00:00,58.597266666666656,24.086716666666668
2023-01-22 14:30:00,61.072900000000004,23.62485833333332
2023-01-22 15:00:00,64.59740000000001,20.52446666666666
2023-01-22 15:30:00,67.13726666666668,19.219741666666664
2023-01-22 16:00:00,69.7837,18.60445
2023-01-22 16:30:00,73.03653333333332,16.9488
2023-01-22 17:00:00,75.8739,18.573574999999998
2023-01-22 17:30:00,77.8576,18.61546666666665
2023-01-22 18:00:00,80.84633333333333,15.089291666666668
2023-01-22 18:30:00,82.92776666666667,10.04999166666667
2023-01-22 19:00:00,84.57063333333333,8.620133333333357
2023-01-22 19:30:00,85.1663,10.064133333333345
2023-01-22 20:00:00,85.5524,9.96190833333334
2023-01-22 20:30:00,85.7924,10.68571666666665
2023-01-22 21:00:00,86.57589999999998,11.934841666666657
2023-01-22 21:30:00,85.8822,10.962391666666676
2023-01-22 22:00:00,84.36316666666667,10.522849999999977
2023-01-22 22:30:00,83.82939999999999,10.229541666666663
2023-01-22 23:00:00,82.53403333333333,10.11699999999999
2023-01-22 23:30:00,79.99983333333333,11.402341666666686
2023-01-23 00:00:00,79.27816666666668,8.927908333333377
2023-01-23 00:30:00,79.29233333333335,7.704216666666696
2023-01-23 01:00:00,79.67516666666668,7.714491666666689
2023-01-23 01:30:00,80.60556666666668,7.929050000000018
2023-01-23 02:00:00,81.42046666666666,8.120608333333337
2023-01-23 02:30:00,82.32296666666664,8.656808333333345
2023-01-23 03:00:00,81.72373333333334,8.737016666666662
2023-01-23 03:30:00,80.89596666666668,7.78254166666666
2023-01-23 04:00:00,80.50489999999999,6.593458333333359
2023-01-23 04:30:00,80.46610000000001,7.151958333333326
2023-01-23 05:00:00,79.93636666666666,6.5839916666666625
2023-01-23 05:30:00,79.13286666666667,6.825299999999999
2023-01-23 06:00:00,79.18193333333333,5.3370416666666785
2023-01-23 06:30:00,78.784,3.1441500000000104
2023-01-23 07:00:00,77.29833333333335,5.216441666666682
2023-01-23 07:30:00,75.51469999999999,10.697850000000003
2023-01-23 08:00:00,74.65513333333334,10.299633333333333
2023-01-23 08:30:00,72.34833333333333,12.946275
2023-01-23 09:00:00,69.0397,14.620499999999993
2023-01-23 09:30:00,67.53209999999999,13.472041666666655
2023-01-23 10:00:00,66.44890000000001,14.256416666666667
2023-01-23 10:30:00,63.960833333333326,17.257233333333332
2023-01-23 11:00:00,62.19906666666667,18.3206
2023-01-23 11:30:00,58.5997,21.578691666666664
2023-01-23 12:00:00,56.34613333333334,23.860325000000003
2023-01-23 12:30:00,56.09056666666665,22.80166666666667
2023-01-23 13:00:00,55.924166666666665,24.458158333333344
2023-01-23 13:30:00,55.70953333333334,23.905624999999993
2023-01-23 14:00:00,56.267066666666665,24.91792500000001
2023-01-23 14:30:00,58.379200000000004,25.587016666666656
2023-01-23 15:00:00,62.76663333333333,21.587458333333338
2023-01-23 15:30:00,67.4325,20.509258333333328
2023-01-23 16:00:00,70.4443,16.71423333333334
2023-01-23 16:30:00,71.4251,19.171383333333324
2023-01-23 17:00:00,75.63433333333333,18.574883333333332
2023-01-23 17:30:00,80.19796666666666,15.664308333333352
2023-01-23 18:00:00,83.3621,11.504225000000005
2023-01-23 18:30:00,83.753,9.872258333333335
2023-01-23 19:00:00,81.98016666666666,11.540241666666674
2023-01-23 19:30:00,80.2629,9.50033333333333
2023-01-23 20:00:00,80.87456666666667,9.653116666666676
2023-01-23 20:30:00,81.75636666666666,10.061733333333336
2023-01-23 21:00:00,81.4108,10.039691666666684
2023-01-23 21:30:00,80.61576666666667,7.788933333333347
2023-01-23 22:00:00,80.84716666666665,8.381349999999983
2023-01-23 22:30:00,81.54836666666667,6.97986666666668
2023-01-23 23:00:00,82.08503333333333,7.008691666666692
2023-01-23 23:30:00,83.2189,7.894233333333332
2023-01-24 00:00:00,84.29870000000001,8.479058333333356
2023-01-24 00:30:00,85.42986666666667,7.95334166666666
2023-01-24 01:00:00,86.60206666666667,8.218733333333319
2023-01-24 01:30:00,87.43636666666669,6.902816666666666
2023-01-24 02:00:00,88.14199999999998,7.6927583333333445
2023-01-24 02:30:00,88.804,6.644941666666682
2023-01-24 03:00:00,89.71199999999999,6.334216666666677
2023-01-24 03:30:00,90.49956666666665,5.537724999999995
2023-01-24 04:00:00,91.0839333333333,5.308358333333345
2023-01-24 04:30:00,91.28586666666666,5.9411500000000075
2023-01-24 05:00:00,91.21993333333333,6.053825000000003
2023-01-24 05:30:00,91.37359999999998,6.820683333333349
2023-01-24 06:00:00,91.10873333333333,7.167150000000007
2023-01-24 06:30:00,89.61799999999998,6.698708333333357
2023-01-24 07:00:00,85.40566666666668,9.764866666666663
2023-01-24 07:30:00,80.181,15.735924999999995
2023-01-24 08:00:00,72.54856666666667,18.024850000000008
2023-01-24 08:30:00,67.16076666666666,15.856649999999995
2023-01-24 09:00:00,63.93366666666666,16.52224166666666
2023-01-24 09:30:00,61.29056666666666,19.501025
2023-01-24 10:00:00,58.96276666666667,23.330499999999986
2023-01-24 10:30:00,56.69956666666667,22.527533333333338
2023-01-24 11:00:00,54.6056,22.68415833333333
2023-01-24 11:30:00,54.217000000000006,20.004058333333326
2023-01-24 12:00:00,52.88976666666666,18.418658333333333
2023-01-24 12:30:00,52.53936666666667,22.46249166666668
2023-01-24 13:00:00,52.67166666666667,24.4499
2023-01-24 13:30:00,53.11193333333333,25.362991666666673
2023-01-24 14:00:00,54.9979,25.61849166666667
2023-01-24 14:30:00,57.8629,25.211108333333335
2023-01-24 15:00:00,58.871600000000015,25.034008333333333
2023-01-24 15:30:00,62.0005,21.659025
2023-01-24 16:00:00,65.48010000000001,18.415183333333346
2023-01-24 16:30:00,67.93386666666666,19.000841666666666
2023-01-24 17:00:00,72.56136666666666,15.694766666666666
2023-01-24 17:30:00,77.26183333333333,12.10277499999998
2023-01-24 18:00:00,81.66209999999998,9.831725000000006
2023-01-24 18:30:00,84.34570000000001,10.381383333333318
2023-01-24 19:00:00,85.67526666666667,7.6429416666666725
2023-01-24 19:30:00,86.98246666666667,7.475366666666645
2023-01-24 20:00:00,87.4931,8.678383333333343
2023-01-24 20:30:00,87.57043333333334,8.204108333333338
2023-01-24 21:00:00,87.81093333333334,8.645424999999989
2023-01-24 21:30:00,87.62116666666665,8.938516666666672
2023-01-24 22:00:00,88.0022,8.264274999999984
2023-01-24 22:30:00,88.04146666666668,6.946658333333346
2023-01-24 23:00:00,88.32310000000001,6.142358333333334
2023-01-24 23:30:00,88.80883333333334,6.1886499999999955
2023-01-25 00:00:00,89.34776666666667,4.607233333333326
2023-01-25 00:30:00,89.7012,5.6156083333333555
2023-01-25 01:00:00,90.08653333333334,4.620383333333365
2023-01-25 01:30:00,90.38466666666667,5.748816666666698
2023-01-25 02:00:00,90.92179999999999,5.728691666666663
2023-01-25 02:30:00,91.28123333333333,5.626216666666664
2023-01-25 03:00:00,91.78323333333333,5.56054166666668
2023-01-25 03:30:00,91.77976666666669,6.112966666666651
2023-01-25 04:00:00,91.96743333333332,6.4414416666666625
2023-01-25 04:30:00,92.01176666666666,6.554675000000003
2023-01-25 05:00:00,92.28336666666667,6.307191666666668
2023-01-25 05:30:00,92.64826666666667,5.885858333333331
2023-01-25 06:00:00,92.78403333333334,5.398624999999996
2023-01-25 06:30:00,92.55176666666667,5.55042499999999
2023-01-25 07:00:00,89.23443333333334,8.342225
2023-01-25 07:30:00,83.19153333333334,14.686616666666666
2023-01-25 08:00:00,77.96836666666667,14.31593333333332
2023-01-25 08:30:00,72.52536666666667,13.335916666666662
2023-01-25 09:00:00,67.54803333333334,14.548583333333319
2023-01-25 09:30:00,65.0313,14.223024999999986
2023-01-25 10:00:00,60.70016666666667,18.332941666666656
2023-01-25 10:30:00,57.926366666666674,21.10805
2023-01-25 11:00:00,55.78136666666667,23.294858333333337
2023-01-25 11:30:00,55.238866666666674,22.16712499999999
2023-01-25 12:00:00,54.68299999999999,23.286124999999984
2023-01-25 12:30:00,55.008900000000004,22.637758333333338
2023-01-25 13:00:00,54.221833333333336,24.141775000000003
2023-01-25 13:30:00,54.31113333333333,24.0086
2023-01-25 14:00:00,56.75736666666667,24.77420833333334
2023-01-25 14:30:00,57.433366666666664,26.06235000000001
2023-01-25 15:00:00,59.77260000000001,25.73316666666667
2023-01-25 15:30:00,61.36516666666667,21.457175
2023-01-25 16:00:00,64.29203333333332,20.659333333333336
2023-01-25 16:30:00,66.98976666666667,20.32465
2023-01-25 17:00:00,70.95783333333333,18.292774999999985
2023-01-25 17:30:00,76.92933333333333,15.318425000000005
2023-01-25 18:00:00,81.997,10.367174999999989
2023-01-25 18:30:00,84.67960000000001,9.025841666666665
2023-01-25 19:00:00,85.74333333333333,8.030591666666666
2023-01-25 19:30:00,85.99749999999999,9.328466666666671
2023-01-25 20:00:00,86.15230000000001,8.434925000000021
2023-01-25 20:30:00,86.56706666666666,9.010825000000011
2023-01-25 21:00:00,87.39793333333334,9.31816666666667
2023-01-25 21:30:00,87.82296666666666,8.060216666666676
2023-01-25 22:00:00,88.11646666666665,8.840116666666674
2023-01-25 22:30:00,88.77526666666668,7.941324999999992
2023-01-25 23:00:00,89.41843333333333,7.390858333333341
2023-01-25 23:30:00,89.54286666666665,7.220274999999987
2023-01-26 00:00:00,89.58533333333332,7.284408333333332
2023-01-26 00:30:00,89.55506666666666,5.773816666666647
2023-01-26 01:00:00,89.3747,4.9537249999999915
2023-01-26 01:30:00,89.53883333333332,5.1182916666666785
2023-01-26 02:00:00,89.56376666666668,5.231691666666677
2023-01-26 02:30:00,89.59146666666666,5.1879000000000275
2023-01-26 03:00:00,90.16226666666667,5.292450000000002
2023-01-26 03:30:00,90.85123333333334,5.804000000000016
2023-01-26 04:00:00,91.18509999999999,6.169033333333317
2023-01-26 04:30:00,91.35426666666667,5.495324999999994
2023-01-26 05:00:00,91.75976666666666,6.057258333333323
2023-01-26 05:30:00,91.97943333333333,5.9052250000000015
2023-01-26 06:00:00,91.67283333333333,5.587816666666683
2023-01-26 06:30:00,91.32746666666667,5.798124999999999
2023-01-26 07:00:00,88.55283333333334,7.441749999999985
2023-01-26 07:30:00,83.90429999999999,12.879066666666688
2023-01-26 08:00:00,79.59186666666668,12.705449999999999
2023-01-26 08:30:00,74.96473333333333,10.970191666666679
2023-01-26 09:00:00,70.65990000000001,10.65775833333332
2023-01-26 09:30:00,66.92083333333332,12.185683333333337
2023-01-26 10:00:00,63.53393333333334,17.258616666666647
2023-01-26 10:30:00,60.9462,17.606258333333322
2023-01-26 11:00:00,59.01589999999999,17.454566666666665
2023-01-26 11:30:00,57.843533333333326,22.810841666666647
2023-01-26 12:00:00,55.70596666666667,20.198308333333344
2023-01-26 12:30:00,53.80516666666667,20.94119166666667
2023-01-26 13:00:00,54.63936666666666,27.83919166666667
2023-01-26 13:30:00,54.12753333333334,28.11029166666667
2023-01-26 14:00:00,53.482533333333336,29.919949999999986
2023-01-26 14:30:00,55.392633333333336,31.096500000000006
2023-01-26 15:00:00,57.5372,29.597874999999995
2023-01-26 15:30:00,59.891533333333335,27.715341666666674
2023-01-26 16:00:00,64.19533333333332,25.191091666666672
2023-01-26 16:30:00,68.67830000000001,20.777474999999995
2023-01-26 17:00:00,73.31316666666666,18.032158333333314
2023-01-26 17:30:00,78.8218,14.529491666666672
2023-01-26 18:00:00,83.87873333333334,11.742066666666673
2023-01-26 18:30:00,86.3449,9.162091666666669
2023-01-26 19:00:00,87.00623333333333,9.483841666666692
2023-01-26 19:30:00,86.88679999999998,10.354175000000026
2023-01-26 20:00:00,87.3848,9.881116666666685
2023-01-26 20:30:00,87.9815,10.339491666666689
2023-01-26 21:00:00,87.9519,10.87785000000001
2023-01-26 21:30:00,87.43646666666667,11.877275000000012
2023-01-26 22:00:00,87.45283333333333,11.337466666666671
2023-01-26 22:30:00,88.19426666666666,9.997283333333328
2023-01-26 23:00:00,88.3123,10.29327499999998
2023-01-26 23:30:00,87.32753333333332,15.265533333333323
2023-01-27 00:00:00,85.08120000000001,15.236141666666668
2023-01-27 00:30:00,82.78220000000002,12.767758333333333
2023-01-27 01:00:00,81.85103333333333,9.542483333333351
2023-01-27 01:30:00,80.7938,10.28561666666667
2023-01-27 02:00:00,80.4228,8.320616666666666
2023-01-27 02:30:00,80.95609999999999,8.338500000000025
2023-01-27 03:00:00,81.24026666666668,8.141166666666678
2023-01-27 03:30:00,81.68833333333333,8.095216666666701
2023-01-27 04:00:00,82.38593333333333,7.540725000000009
2023-01-27 04:30:00,82.73920000000001,7.4030500000000075
2023-01-27 05:00:00,83.23580000000001,8.301074999999997
2023-01-27 05:30:00,83.04213333333333,7.733066666666687
2023-01-27 06:00:00,82.41256666666666,7.084258333333338
2023-01-27 06:30:00,79.77773333333334,8.87183333333337
2023-01-27 07:00:00,74.89540000000001,10.462108333333333
2023-01-27 07:30:00,69.40393333333333,15.919875000000005
2023-01-27 08:00:00,64.70933333333332,15.986083333333326
2023-01-27 08:30:00,61.72566666666667,17.54916666666667
2023-01-27 09:00:00,60.46643333333333,17.375824999999992
2023-01-27 09:30:00,59.21513333333333,21.690416666666664
2023-01-27 10:00:00,57.718466666666664,22.219608333333326
2023-01-27 10:30:00,56.469366666666666,24.503275000000002
2023-01-27 11:00:00,55.816633333333336,24.106891666666684
2023-01-27 11:30:00,55.552266666666675,24.258258333333337
2023-01-27 12:00:00,56.525733333333335,25.112091666666657
2023-01-27 12:30:00,57.13423333333334,21.087199999999996
2023-01-27 13:00:00,59.02823333333333,21.184666666666658
2023-01-27 13:30:00,59.76466666666666,25.925958333333334
2023-01-27 14:00:00,61.345000000000006,24.341724999999997
2023-01-27 14:30:00,63.49213333333332,24.442791666666672
2023-01-27 15:00:00,66.24286666666667,23.25859166666666
2023-01-27 15:30:00,67.91779999999999,18.072649999999996
2023-01-27 16:00:00,68.2493,17.427875
2023-01-27 16:30:00,70.37776666666666,18.945166666666672
2023-01-27 17:00:00,73.31559999999999,17.836208333333325
2023-01-27 17:30:00,76.57456666666667,16.616025000000008
2023-01-27 18:00:00,78.6267,16.450891666666664
2023-01-27 18:30:00,80.29436666666666,16.418933333333342
2023-01-27 19:00:00,81.61890000000001,16.010308333333327
2023-01-27 19:30:00,83.8901,14.457025000000002
2023-01-27 20:00:00,85.8945,12.676616666666675
2023-01-27 20:30:00,87.06203333333335,10.320875000000015
2023-01-27 21:00:00,86.9034,8.460349999999991
2023-01-27 21:30:00,86.73503333333335,8.28392500000001
2023-01-27 22:00:00,86.91216666666666,8.069450000000003
2023-01-27 22:30:00,87.55760000000001,6.902175
2023-01-27 23:00:00,88.24680000000001,6.616250000000022
2023-01-27 23:30:00,88.22206666666668,5.904533333333347
2023-01-28 00:00:00,88.33376666666668,6.011841666666669
2023-01-28 00:30:00,87.85886666666666,5.708775000000003
2023-01-28 01:00:00,87.54790000000001,5.369666666666674
2023-01-28 01:30:00,87.39373333333334,7.018766666666664
2023-01-28 02:00:00,87.5664,6.70785833333332
2023-01-28 02:30:00,88.83783333333335,5.623174999999975
2023-01-28 03:00:00,89.25446666666667,5.492324999999994
2023-01-28 03:30:00,89.49576666666667,5.272016666666659
2023-01-28 04:00:00,89.90650000000002,4.915533333333343
2023-01-28 04:30:00,90.30033333333333,5.1514416666666705
2023-01-28 05:00:00,89.99606666666666,5.023541666666688
2023-01-28 05:30:00,90.14099999999999,4.440458333333353
2023-01-28 06:00:00,89.91553333333333,4.35156666666667
2023-01-28 06:30:00,89.21979999999999,4.850066666666692
2023-01-28 07:00:00,87.38616666666667,6.162158333333309
2023-01-28 07:30:00,84.5035,8.052183333333332
2023-01-28 08:00:00,80.7379,9.760616666666706
2023-01-28 08:30:00,77.20993333333334,7.9392416666666605
2023-01-28 09:00:00,71.216,13.361325000000008
2023-01-28 09:30:00,66.67450000000001,20.5227
2023-01-28 10:00:00,63.93166666666667,23.228191666666667
2023-01-28 10:30:00,61.16896666666666,22.78935
2023-01-28 11:00:00,59.63099999999999,21.667783333333325
2023-01-28 11:30:00,60.15226666666668,18.943550000000002
2023-01-28 12:00:00,59.69090000000001,18.14308333333333
2023-01-28 12:30:00,58.32396666666667,21.188274999999997
2023-01-28 13:00:00,58.386333333333326,20.584641666666656
2023-01-28 13:30:00,58.28743333333332,23.619391666666672
2023-01-28 14:00:00,57.44086666666667,24.900824999999998
2023-01-28 14:30:00,58.817099999999996,25.064266666666676
2023-01-28 15:00:00,60.1734,23.957316666666678
2023-01-28 15:30:00,62.67453333333333,25.122541666666685
2023-01-28 16:00:00,65.82143333333333,22.73285833333334
2023-01-28 16:30:00,72.1195,19.35821666666667
2023-01-28 17:00:00,79.24020000000002,11.534575000000004
2023-01-28 17:30:00,82.79983333333334,9.123275000000007
2023-01-28 18:00:00,84.37636666666667,8.762225
2023-01-28 18:30:00,85.62003333333334,8.891900000000007
2023-01-28 19:00:00,86.55090000000001,9.581025000000011
2023-01-28 19:30:00,86.91793333333334,10.435616666666675
2023-01-28 20:00:00,87.17313333333334,9.676950000000005
2023-01-28 20:30:00,86.13846666666666,7.889600000000016
2023-01-28 21:00:00,85.35256666666666,7.149391666666688
2023-01-28 21:30:00,85.57629999999999,8.619766666666692
2023-01-28 22:00:00,86.36269999999999,8.114608333333322
2023-01-28 22:30:00,86.39486666666667,8.206983333333326
2023-01-28 23:00:00,86.30766666666668,9.048433333333335
2023-01-28 23:30:00,86.87249999999999,9.234116666666651
2023-01-29 00:00:00,87.70746666666666,9.397100000000009
2023-01-29 00:30:00,88.17023333333334,10.590041666666679
2023-01-29 01:00:00,88.9269,8.313949999999991
2023-01-29 01:30:00,89.64566666666667,5.782225000000011
2023-01-29 02:00:00,89.95139999999999,5.691816666666668
2023-01-29 02:30:00,90.05383333333332,5.239058333333361
2023-01-29 03:00:00,89.97623333333334,6.135724999999994
2023-01-29 03:30:00,89.998,5.424708333333328
2023-01-29 04:00:00,89.86053333333334,6.799833333333325
2023-01-29 04:30:00,89.29153333333332,6.783449999999988
2023-01-29 05:00:00,88.95883333333333,6.88969166666665
2023-01-29 05:30:00,88.9784,7.046341666666663
2023-01-29 06:00:00,88.9974,7.637199999999993
2023-01-29 06:30:00,88.38946666666666,8.023816666666661
2023-01-29 07:00:00,84.22916666666667,12.87044166666665
2023-01-29 07:30:00,78.86153333333333,19.175858333333338
2023-01-29 08:00:00,73.5783,19.85587500000002
2023-01-29 08:30:00,68.18086666666667,16.956108333333333
2023-01-29 09:00:00,63.1764,20.853699999999996
2023-01-29 09:30:00,59.329566666666665,25.319783333333334
2023-01-29 10:00:00,57.84003333333334,26.32435000000001
2023-01-29 10:30:00,56.79703333333333,24.023708333333325
2023-01-29 11:00:00,56.33936666666667,23.88191666666667
2023-01-29 11:30:00,55.601200000000006,21.64586666666667
2023-01-29 12:00:00,57.9815,23.64251666666665
2023-01-29 12:30:00,57.59259999999999,22.28361666666666
2023-01-29 13:00:00,58.650466666666674,15.571358333333336
2023-01-29 13:30:00,64.58243333333334,33.28711666666668
2023-01-29 14:00:00,67.33789999999999,28.174508333333335
2023-01-29 14:30:00,66.30823333333333,12.17067500000001
2023-01-29 15:00:00,67.49036666666666,14.436474999999994
2023-01-29 15:30:00,70.82233333333333,34.25356666666666
2023-01-29 16:00:00,77.02403333333334,34.403108333333336
2023-01-29 16:30:00,77.21323333333335,33.19078333333334
2023-01-29 17:00:00,78.97723333333333,29.319108333333332
2023-01-29 17:30:00,81.47783333333332,24.252016666666677
2023-01-29 18:00:00,83.1096,21.19550833333335
2023-01-29 18:30:00,85.58893333333333,16.80702500000001
2023-01-29 19:00:00,86.50326666666668,14.435366666666667
2023-01-29 19:30:00,87.31660000000001,15.10766666666666
2023-01-29 20:00:00,88.01246666666667,13.364608333333337
2023-01-29 20:30:00,88.62780000000001,12.752600000000001
2023-01-29 21:00:00,89.1676,11.132516666666675
2023-01-29 21:30:00,89.5897,11.12803333333332
2023-01-29 22:00:00,89.9132,11.408283333333316
2023-01-29 22:30:00,89.85613333333335,11.71579166666666
2023-01-29 23:00:00,90.02063333333334,10.850783333333354
2023-01-29 23:30:00,90.35106666666668,8.916191666666663
2023-01-30 00:00:00,90.61093333333334,7.430074999999988
2023-01-30 00:30:00,90.42143333333334,8.20395000000002
2023-01-30 01:00:00,90.29206666666666,7.892741666666666
2023-01-30 01:30:00,90.07183333333333,8.654533333333319
2023-01-30 02:00:00,89.60860000000001,9.743475000000004
2023-01-30 02:30:00,88.56493333333333,10.06941666666664
2023-01-30 03:00:00,88.22933333333333,10.42068333333333
2023-01-30 03:30:00,87.825,12.081400000000016
2023-01-30 04:00:00,87.0001,12.355916666666658
2023-01-30 04:30:00,86.64146666666667,11.229474999999994
2023-01-30 05:00:00,86.52023333333332,11.852508333333347
2023-01-30 05:30:00,87.06096666666667,12.235949999999988
2023-01-30 06:00:00,87.66963333333334,10.715341666666674
2023-01-30 06:30:00,87.49763333333334,10.156808333333345
2023-01-30 07:00:00,84.52743333333333,12.964574999999996
2023-01-30 07:30:00,79.72163333333334,19.626599999999996
2023-01-30 08:00:00,74.81949999999999,23.888066666666667
2023-01-30 08:30:00,70.68173333333331,21.012949999999996
2023-01-30 09:00:00,65.3995,19.140033333333335
2023-01-30 09:30:00,61.91416666666667,17.179366666666667
2023-01-30 10:00:00,59.716166666666666,19.56044999999998
2023-01-30 10:30:00,56.8909,25.421924999999987
2023-01-30 11:00:00,53.619033333333334,25.845608333333324
2023-01-30 11:30:00,48.80566666666667,30.211433333333332
2023-01-30 12:00:00,45.786500000000004,37.633124999999986
2023-01-30 12:30:00,46.56543333333333,42.248125
2023-01-30 13:00:00,49.27336666666666,46.59244166666666
2023-01-30 13:30:00,54.14553333333333,42.956241666666685
2023-01-30 14:00:00,57.34186666666667,34.65609166666667
2023-01-30 14:30:00,61.5911,26.929899999999996
2023-01-30 15:00:00,64.73563333333333,23.82086666666668
2023-01-30 15:30:00,66.71196666666665,19.59990833333333
2023-01-30 16:00:00,70.24546666666666,16.365016666666662
2023-01-30 16:30:00,73.25856666666667,15.261983333333333
2023-01-30 17:00:00,75.9059,16.23546666666668
2023-01-30 17:30:00,78.18186666666668,15.230991666666654
2023-01-30 18:00:00,80.7674,13.957791666666694
2023-01-30 18:30:00,83.5864,10.530325000000005
2023-01-30 19:00:00,85.27000000000001,9.472283333333351
2023-01-30 19:30:00,86.38739999999999,9.686275000000023
2023-01-30 20:00:00,86.88353333333332,10.751008333333374
2023-01-30 20:30:00,88.07816666666668,10.292500000000004
2023-01-30 21:00:00,88.81663333333333,9.103791666666666
2023-01-30 21:30:00,89.16036666666666,8.42486666666666
2023-01-30 22:00:00,89.6875,7.327899999999985
2023-01-30 22:30:00,89.9532,6.631941666666648
2023-01-30 23:00:00,90.48693333333333,7.101108333333343
2023-01-30 23:30:00,90.82806666666666,7.416866666666664
2023-01-31 00:00:00,91.2805,7.333966666666669
2023-01-31 00:30:00,91.38536666666667,7.264541666666673
2023-01-31 01:00:00,91.79823333333333,5.401091666666659
2023-01-31 01:30:00,91.99156666666667,5.568050000000014
2023-01-31 02:00:00,91.86653333333334,5.173408333333342
2023-01-31 02:30:00,91.95573333333334,5.523466666666678
2023-01-31 03:00:00,91.92936666666665,5.705383333333344
2023-01-31 03:30:00,91.89886666666666,4.8532749999999965
2023-01-31 04:00:00,92.04796666666667,5.073108333333337
2023-01-31 04:30:00,92.32276666666668,5.423374999999993
2023-01-31 05:00:00,92.5972,4.816333333333347
2023-01-31 05:30:00,92.5144,4.81101666666666
2023-01-31 06:00:00,92.26456666666668,4.777450000000002
2023-01-31 06:30:00,91.55956666666665,5.812491666666688
2023-01-31 07:00:00,88.64193333333333,8.026608333333357
2023-01-31 07:30:00,82.37556666666667,13.42816666666667
2023-01-31 08:00:00,77.31763333333335,16.90912499999999
2023-01-31 08:30:00,72.46046666666668,16.38284166666667
2023-01-31 09:00:00,68.47483333333334,16.651208333333322
2023-01-31 09:30:00,64.4012,22.709466666666664
2023-01-31 10:00:00,59.3344,16.17590833333334
2023-01-31 10:30:00,55.145333333333326,19.881974999999983
2023-01-31 11:00:00,54.35043333333333,18.731816666666674
2023-01-31 11:30:00,54.71296666666666,16.635624999999997
2023-01-31 12:00:00,54.31953333333333,22.593441666666656
2023-01-31 12:30:00,54.47656666666667,17.56828333333334
2023-01-31 13:00:00,53.68906666666667,20.080366666666663
2023-01-31 13:30:00,56.74366666666666,25.299491666666682
2023-01-31 14:00:00,60.8942,21.420733333333338
2023-01-31 14:30:00,63.5698,22.625324999999997
2023-01-31 15:00:00,66.26916666666666,23.209116666666667
2023-01-31 15:30:00,68.29480000000001,17.871074999999998
2023-01-31 16:00:00,70.22446666666666,14.405441666666661
2023-01-31 16:30:00,72.138,15.10026666666667
2023-01-31 17:00:00,73.23086666666669,18.252841666666654
2023-01-31 17:30:00,76.13663333333334,18.871341666666666
2023-01-31 18:00:00,81.52423333333333,12.62529166666667
2023-01-31 18:30:00,85.40993333333333,8.669108333333313
2023-01-31 19:00:00,87.4327,7.629066666666674
2023-01-31 19:30:00,88.21703333333333,8.244299999999981
2023-01-31 20:00:00,88.59119999999999,7.984641666666661
2023-01-31 20:30:00,89.74656666666667,6.980500000000006
2023-01-31 21:00:00,90.03153333333333,7.003
2023-01-31 21:30:00,90.3765,7.22774166666666
2023-01-31 22:00:00,91.0688,7.010249999999999
2023-01-31 22:30:00,91.61443333333334,5.0820500000000095
2023-01-31 23:00:00,92.29226666666666,5.593883333333338
2023-01-31 23:30:00,93.15326666666667,5.448591666666658
2023-02-01 00:00:00,93.34656666666667,5.579183333333347
2023-02-01 00:30:00,93.66203333333334,5.545199999999994
2023-02-01 01:00:00,94.01656666666666,5.9565000000000055
2023-02-01 01:30:00,93.9571,5.640941666666663
2023-02-01 02:00:00,93.81416666666668,5.678583333333336
2023-02-01 02:30:00,93.81183333333333,5.984549999999999
2023-02-01 03:00:00,93.95513333333332,5.555875
2023-02-01 03:30:00,94.27306666666668,5.7102999999999895
2023-02-01 04:00:00,94.08093333333332,6.478499999999997
2023-02-01 04:30:00,94.42493333333333,5.811583333333331
2023-02-01 05:00:00,94.57230000000001,5.722516666666664
2023-02-01 05:30:00,94.7767,5.644666666666666
2023-02-01 06:00:00,94.63203333333334,6.03439166666665
2023-02-01 06:30:00,94.1657,7.838441666666682
2023-02-01 07:00:00,92.40366666666667,7.719508333333351
2023-02-01 07:30:00,87.28229999999999,13.106933333333316
2023-02-01 08:00:00,80.1264,19.794341666666682
2023-02-01 08:30:00,73.38266666666667,19.83739166666666
2023-02-01 09:00:00,68.03606666666667,20.42211666666666
2023-02-01 09:30:00,63.85156666666667,24.566108333333325
2023-02-01 10:00:00,60.80706666666667,28.351549999999996
2023-02-01 10:30:00,56.44476666666666,27.472866666666654
2023-02-01 11:00:00,54.95536666666667,26.059858333333345
2023-02-01 11:30:00,55.49723333333334,28.000991666666664
2023-02-01 12:00:00,55.589600000000004,29.79101666666667
2023-02-01 12:30:00,56.474599999999995,28.936075000000002
2023-02-01 13:00:00,58.41609999999999,23.626499999999993
2023-02-01 13:30:00,59.75276666666667,23.634716666666655
2023-02-01 14:00:00,59.81463333333333,21.706966666666673
2023-02-01 14:30:00,60.622633333333326,23.71419999999999
2023-02-01 15:00:00,63.20033333333333,21.654391666666676
2023-02-01 15:30:00,64.24713333333332,19.646358333333325
2023-02-01 16:00:00,66.49823333333333,18.91599166666667
2023-02-01 16:30:00,70.72613333333334,17.476074999999994
2023-02-01 17:00:00,74.55793333333334,14.695449999999994
2023-02-01 17:30:00,78.50313333333334,13.457075000000003
2023-02-01 18:00:00,83.37216666666667,11.942350000000005
2023-02-01 18:30:00,86.41913333333333,9.627958333333325
2023-02-01 19:00:00,87.7441,9.2928
2023-02-01 19:30:00,88.50966666666666,8.958258333333333
2023-02-01 20:00:00,89.11513333333332,8.713483333333315
2023-02-01 20:30:00,89.6435,7.462750000000014
2023-02-01 21:00:00,89.76599999999999,7.377083333333331
2023-02-01 21:30:00,89.80393333333333,7.406458333333347
2023-02-01 22:00:00,90.26443333333332,6.904733333333354
2023-02-01 22:30:00,90.95356666666666,5.717033333333319
2023-02-01 23:00:00,91.27156666666669,5.718116666666674
2023-02-01 23:30:00,91.68416666666667,5.577958333333342
2023-02-02 00:00:00,91.82676666666667,5.295316666666665
2023-02-02 00:30:00,92.25673333333334,5.472516666666678
2023-02-02 01:00:00,92.6489,5.83808333333333
2023-02-02 01:30:00,92.88550000000001,5.242458333333332
2023-02-02 02:00:00,93.18306666666668,5.426575000000014
2023-02-02 02:30:00,93.73863333333333,5.251349999999988
2023-02-02 03:00:00,94.22326666666667,5.936633333333319
2023-02-02 03:30:00,94.2869,6.069958333333318
2023-02-02 04:00:00,94.9255,5.990174999999979
2023-02-02 04:30:00,95.11856666666668,7.196891666666673
2023-02-02 05:00:00,95.0275,8.566508333333346
2023-02-02 05:30:00,94.89596666666668,9.264458333333337
2023-02-02 06:00:00,94.98236666666666,8.481166666666667
2023-02-02 06:30:00,94.55533333333332,9.137816666666652
2023-02-02 07:00:00,92.999,13.43405
2023-02-02 07:30:00,87.00176666666667,17.126024999999984
2023-02-02 08:00:00,80.76183333333331,17.583716666666675
2023-02-02 08:30:00,72.79683333333334,18.67986666666667
2023-02-02 09:00:00,67.69656666666667,20.810891666666663
2023-02-02 09:30:00,62.83636666666666,22.590733333333333
2023-02-02 10:00:00,58.58826666666668,23.686491666666676
2023-02-02 10:30:00,54.42066666666667,22.712799999999994
2023-02-02 11:00:00,52.575533333333325,23.55940000000001
2023-02-02 11:30:00,50.92493333333333,22.926649999999995
2023-02-02 12:00:00,48.50506666666667,26.113475000000008
2023-02-02 12:30:00,49.4391,29.129066666666674
2023-02-02 13:00:00,50.634100000000004,25.219683333333336
2023-02-02 13:30:00,50.06420000000001,25.88848333333334
2023-02-02 14:00:00,49.85006666666666,25.58723333333333
2023-02-02 14:30:00,50.372400000000006,26.487683333333337
2023-02-02 15:00:00,51.70493333333334,25.487741666666665
2023-02-02 15:30:00,53.533699999999996,24.54188333333333
2023-02-02 16:00:00,57.0702,23.093649999999997
2023-02-02 16:30:00,61.1754,21.023550000000007
2023-02-02 17:00:00,66.90973333333332,19.43060833333334
2023-02-02 17:30:00,71.78726666666667,17.43291666666667
2023-02-02 18:00:00,77.11949999999999,14.917899999999989
2023-02-02 18:30:00,80.64913333333332,12.532058333333339
2023-02-02 19:00:00,82.89546666666666,10.516791666666663
2023-02-02 19:30:00,84.59426666666666,11.512024999999994
2023-02-02 20:00:00,85.2634,10.608766666666668
2023-02-02 20:30:00,85.40736666666669,11.184291666666681
2023-02-02 21:00:00,85.25333333333333,10.889125000000007
2023-02-02 21:30:00,85.04619999999998,11.160391666666683
2023-02-02 22:00:00,85.64326666666666,10.775100000000023
2023-02-02 22:30:00,86.42606666666667,9.033875000000009
2023-02-02 23:00:00,87.3289,9.481066666666678
2023-02-02 23:30:00,88.2114,9.089333333333329
2023-02-03 00:00:00,88.5803,8.731583333333305
2023-02-03 00:30:00,88.98906666666667,8.289858333333342
2023-02-03 01:00:00,89.32386666666665,7.28543333333333
2023-02-03 01:30:00,89.74616666666668,8.089099999999988
2023-02-03 02:00:00,90.19003333333333,7.762499999999989
2023-02-03 02:30:00,90.40313333333333,7.9554833333333335
2023-02-03 03:00:00,90.68486666666665,7.258650000000017
2023-02-03 03:30:00,91.3773,7.014066666666665
2023-02-03 04:00:00,91.71316666666665,6.867324999999994
2023-02-03 04:30:00,91.87286666666665,6.70520833333336
2023-02-03 05:00:00,91.96220000000001,7.013391666666678
2023-02-03 05:30:00,92.3294,6.791233333333338
2023-02-03 06:00:00,92.30106666666666,6.797466666666665
2023-02-03 06:30:00,91.55256666666665,6.3870666666666835
2023-02-03 07:00:00,88.01853333333332,7.6867666666666565
2023-02-03 07:30:00,83.31213333333332,13.947366666666667
2023-02-03 08:00:00,78.1074,14.725316666666657
2023-02-03 08:30:00,73.43030000000002,11.321974999999995
2023-02-03 09:00:00,71.48446666666668,9.486025000000012
2023-02-03 09:30:00,68.12125,11.163062499999995
2023-02-03 10:00:00,64.31086666666667,17.50708333333334
2023-02-03 10:30:00,61.15983333333334,20.421024999999993
2023-02-03 11:00:00,60.24470000000001,19.25689166666666
2023-02-03 11:30:00,57.49026666666666,21.13585833333331
2023-02-03 12:00:00,55.1611,20.91595833333332
2023-02-03 12:30:00,55.0384,23.976783333333337
2023-02-03 13:00:00,55.992133333333335,22.714575000000004
2023-02-03 13:30:00,57.184400000000004,23.952958333333335
2023-02-03 14:00:00,55.61163333333334,24.087250000000004
2023-02-03 14:30:00,56.723400000000005,25.78794166666667
2023-02-03 15:00:00,58.765033333333335,29.45072499999999
2023-02-03 15:30:00,61.36063333333334,28.407649999999997
2023-02-03 16:00:00,63.78436666666666,28.19345
2023-02-03 16:30:00,68.27873333333332,26.56409166666667
2023-02-03 17:00:00,73.80003333333335,19.855466666666672
2023-02-03 17:30:00,78.69300000000001,16.315683333333354
2023-02-03 18:00:00,81.79813333333333,14.461533333333321
2023-02-03 18:30:00,84.68003333333333,11.817849999999993
2023-02-03 19:00:00,86.9718,10.468541666666653
2023-02-03 19:30:00,87.9346,9.121641666666662
2023-02-03 20:00:00,88.59310000000002,8.672074999999992
2023-02-03 20:30:00,88.7539,8.213858333333334
2023-02-03 21:00:00,88.87346666666667,7.6578416666666556
2023-02-03 21:30:00,87.99883333333335,9.083591666666663
2023-02-03 22:00:00,87.52963333333335,9.643325000000004
2023-02-03 22:30:00,87.7439,8.979716666666661
2023-02-03 23:00:00,88.22303333333335,8.907899999999998
2023-02-03 23:30:00,88.25273333333334,8.183766666666656
2023-02-04 00:00:00,88.3618,7.52173333333333
2023-02-04 00:30:00,88.41116666666666,7.1152166666666545
2023-02-04 01:00:00,88.4203,7.615333333333325
2023-02-04 01:30:00,88.20073333333333,8.171824999999984
2023-02-04 02:00:00,88.60193333333333,8.49181666666665
2023-02-04 02:30:00,88.84443333333333,8.502583333333334
2023-02-04 03:00:00,89.32456666666667,8.45030833333331
2023-02-04 03:30:00,89.71283333333334,8.558758333333316
2023-02-04 04:00:00,90.18723333333332,7.629175000000004
2023-02-04 04:30:00,90.55426666666668,7.364208333333323
2023-02-04 05:00:00,90.63503333333333,7.167841666666661
2023-02-04 05:30:00,90.68346666666666,6.110283333333328
2023-02-04 06:00:00,90.87036666666668,5.989100000000008
2023-02-04 06:30:00,90.58693333333333,5.897033333333326
2023-02-04 07:00:00,88.70703333333333,6.4750333333333145
2023-02-04 07:30:00,85.61696666666667,9.170774999999992
2023-02-04 08:00:00,81.1597,11.576158333333339
2023-02-04 08:30:00,75.72303333333335,8.71901666666669
2023-02-04 09:00:00,70.92013333333334,7.41362500000001
2023-02-04 09:30:00,67.1023,14.35253333333334
2023-02-04 10:00:00,65.1013,20.93254166666666
2023-02-04 10:30:00,61.826166666666666,23.32539166666667
2023-02-04 11:00:00,60.5329,20.51530000000001
2023-02-04 11:30:00,59.761,24.208275
2023-02-04 12:00:00,59.54196666666667,25.61633333333331
2023-02-04 12:30:00,61.36783333333334,20.66495833333333
2023-02-04 13:00:00,64.76456666666667,23.183100000000003
2023-02-04 13:30:00,61.82430000000001,21.968699999999977
2023-02-04 14:00:00,60.91463333333335,24.99821666666667
2023-02-04 14:30:00,62.007000000000005,24.557500000000005
2023-02-04 15:00:00,65.9408,25.971824999999995
2023-02-04 15:30:00,71.73516666666667,21.812716666666645
2023-02-04 16:00:00,76.73813333333334,18.312358333333336
2023-02-04 16:30:00,78.21766666666667,14.935549999999992
2023-02-04 17:00:00,78.99539999999999,12.304158333333334
2023-02-04 17:30:00,82.30606666666667,9.268799999999985
2023-02-04 18:00:00,84.89840000000001,9.157225000000025
2023-02-04 18:30:00,85.70503333333333,9.742716666666695
2023-02-04 19:00:00,85.6886,9.672758333333348
2023-02-04 19:30:00,85.82063333333332,9.50393333333335
2023-02-04 20:00:00,85.83363333333334,8.790066666666661
2023-02-04 20:30:00,85.56063333333331,8.037316666666669
2023-02-04 21:00:00,85.85966666666667,8.238124999999997
2023-02-04 21:30:00,86.46166666666666,8.689408333333347
2023-02-04 22:00:00,87.65193333333335,9.243183333333349
2023-02-04 22:30:00,88.77653333333335,8.479008333333311
2023-02-04 23:00:00,89.1227,8.16617500000001
2023-02-04 23:30:00,89.52796666666666,7.923966666666672
2023-02-05 00:00:00,89.82069999999997,6.765733333333344
2023-02-05 00:30:00,89.74303333333333,6.80045833333331
2023-02-05 01:00:00,90.07253333333333,6.512899999999988
2023-02-05 01:30:00,90.33623333333334,5.486200000000025
2023-02-05 02:00:00,90.39526666666667,5.694008333333343
2023-02-05 02:30:00,90.67436666666666,6.485541666666663
2023-02-05 03:00:00,90.87513333333332,6.080466666666695
2023-02-05 03:30:00,91.2272,7.066900000000032
2023-02-05 04:00:00,91.2939,7.231591666666702
2023-02-05 04:30:00,91.3789,7.254950000000036
2023-02-05 05:00:00,91.44846666666666,7.563425000000009
2023-02-05 05:30:00,91.31859999999999,6.870891666666665
2023-02-05 06:00:00,90.99560000000001,7.489941666666681
2023-02-05 06:30:00,89.60983333333333,7.58296666666665
2023-02-05 07:00:00,86.78346666666667,7.660724999999985
2023-02-05 07:30:00,83.59619999999998,8.104600000000005
2023-02-05 08:00:00,79.80156666666667,9.04969166666669
2023-02-05 08:30:00,75.47143333333332,9.963799999999992
2023-02-05 09:00:00,72.09943333333332,9.396558333333331
2023-02-05 09:30:00,67.66013333333333,7.288525
2023-02-05 10:00:00,64.13786666666667,8.525374999999997
2023-02-05 10:30:00,61.502233333333336,16.607433333333326
2023-02-05 11:00:00,59.4926,19.281241666666666
2023-02-05 11:30:00,57.70953333333334,21.142608333333328
2023-02-05 12:00:00,57.609766666666665,23.165733333333336
2023-02-05 12:30:00,56.84559999999999,26.95894166666666
2023-02-05 13:00:00,57.988533333333336,23.490724999999998
2023-02-05 13:30:00,58.47316666666667,22.416975
2023-02-05 14:00:00,58.47423333333334,26.328758333333347
2023-02-05 14:30:00,60.2946,25.940541666666668
2023-02-05 15:00:00,62.02973333333333,24.68195
2023-02-05 15:30:00,66.20453333333333,22.523958333333333
2023-02-05 16:00:00,67.768,36.086924999999994
2023-02-05 16:30:00,67.21526666666668,37.72563333333334
2023-02-05 17:00:00,69.03080000000001,33.29054166666668
2023-02-05 17:30:00,72.96079999999999,26.993550000000006
2023-02-05 18:00:00,74.3783,21.980958333333334
2023-02-05 18:30:00,75.01443333333333,24.6888
2023-02-05 19:00:00,75.28286666666666,19.089141666666663
2023-02-05 19:30:00,75.09666666666666,14.136049999999997
2023-02-05 20:00:00,75.4874,13.629133333333328
2023-02-05 20:30:00,76.04083333333332,13.707300000000018
2023-02-05 21:00:00,76.7036,11.21283333333335
2023-02-05 21:30:00,76.98956666666666,10.799466666666703
2023-02-05 22:00:00,77.02146666666667,11.408091666666664
2023-02-05 22:30:00,78.23256666666667,11.263558333333336
2023-02-05 23:00:00,78.8543,11.497091666666677
2023-02-05 23:30:00,79.2367,12.095741666666683
2023-02-06 00:00:00,80.2487,12.905258333333322
2023-02-06 00:30:00,80.85273333333332,13.409766666666684
2023-02-06 01:00:00,81.6658,12.766008333333346
2023-02-06 01:30:00,82.56463333333333,11.462724999999992
2023-02-06 02:00:00,82.25406666666667,9.670791666666673
2023-02-06 02:30:00,81.7145,7.483241666666672
2023-02-06 03:00:00,81.3399,7.653716666666682
2023-02-06 03:30:00,80.86256666666667,10.80285000000002
2023-02-06 04:00:00,80.4016,10.04532500000002
2023-02-06 04:30:00,79.91583333333332,10.137158333333332
2023-02-06 05:00:00,79.62443333333331,8.978291666666692
2023-02-06 05:30:00,79.83006666666667,7.690291666666681
2023-02-06 06:00:00,80.97286666666666,7.251250000000013
2023-02-06 06:30:00,81.93063333333332,9.026300000000006
2023-02-06 07:00:00,80.48183333333334,9.989900000000006
2023-02-06 07:30:00,78.877,12.051150000000021
2023-02-06 08:00:00,76.89023333333333,12.385766666666669
2023-02-06 08:30:00,73.19933333333333,15.199033333333318
2023-02-06 09:00:00,71.02506666666667,12.37322500000002
2023-02-06 09:30:00,68.38784999999999,11.642158333333342
2023-02-06 10:00:00,65.44556666666666,12.09015833333332
2023-02-06 10:30:00,61.31196666666667,12.326541666666657
2023-02-06 11:00:00,57.72575833333334,13.036281250000009
2023-02-06 11:30:00,55.57696666666666,19.536599999999993
2023-02-06 12:00:00,53.131933333333336,23.432549999999992
2023-02-06 12:30:00,53.745266666666666,27.07574166666666
2023-02-06 13:00:00,54.855133333333335,30.011283333333324
2023-02-06 13:30:00,57.14203333333334,28.817616666666666
2023-02-06 14:00:00,58.84063333333334,23.26575833333331
2023-02-06 14:30:00,60.77149999999999,22.532899999999998
2023-02-06 15:00:00,63.16166666666667,21.67705
2023-02-06 15:30:00,65.62793333333333,19.94019166666667
2023-02-06 16:00:00,66.8718,20.43411666666666
2023-02-06 16:30:00,69.14689999999999,19.756274999999995
2023-02-06 17:00:00,72.7058,15.782349999999994
2023-02-06 17:30:00,75.7996,14.979916666666682
2023-02-06 18:00:00,78.50476666666665,11.719808333333333
2023-02-06 18:30:00,80.18663333333333,9.047950000000014
2023-02-06 19:00:00,81.3221,10.535933333333318
2023-02-06 19:30:00,81.39666666666666,13.527500000000003
2023-02-06 20:00:00,81.53326666666666,14.213316666666657
2023-02-06 20:30:00,82.06093333333334,10.853533333333331
2023-02-06 21:00:00,83.23089999999999,8.290991666666656
2023-02-06 21:30:00,84.8432,8.435749999999999
2023-02-06 22:00:00,85.78320000000001,7.8405416666666525
2023-02-06 22:30:00,86.41086666666666,7.668199999999999
2023-02-06 23:00:00,87.31856666666667,7.151441666666685
2023-02-06 23:30:00,87.99043333333334,6.627416666666676
2023-02-07 00:00:00,88.75003333333333,6.891133333333343
2023-02-07 00:30:00,88.84186666666666,6.508275000000012
2023-02-07 01:00:00,88.32746666666668,6.537241666666645
2023-02-07 01:30:00,89.19016666666667,9.741100000000003
2023-02-07 02:00:00,89.2017,9.694658333333336
2023-02-07 02:30:00,88.58260000000001,9.508724999999998
2023-02-07 03:00:00,88.14770000000001,9.92165
2023-02-07 03:30:00,88.4467,9.344616666666681
2023-02-07 04:00:00,88.78543333333333,9.381766666666664
2023-02-07 04:30:00,89.11956666666667,10.019008333333346
2023-02-07 05:00:00,89.29416666666665,10.011208333333329
2023-02-07 05:30:00,89.28336666666667,9.83893333333333
2023-02-07 06:00:00,89.42823333333334,10.490599999999986
2023-02-07 06:30:00,89.61240000000001,11.37361666666665
2023-02-07 07:00:00,87.0288,12.670000000000002
2023-02-07 07:30:00,80.63699999999999,16.35719999999999
2023-02-07 08:00:00,74.80493333333334,15.510049999999993
2023-02-07 08:30:00,70.28323333333333,12.649533333333324
2023-02-07 09:00:00,69.16756666666666,13.403091666666661
2023-02-07 09:30:00,68.23706666666666,12.672058333333332
2023-02-07 10:00:00,65.71196666666667,12.168091666666655
2023-02-07 10:30:00,62.59920000000001,15.495391666666663
2023-02-07 11:00:00,59.34609999999999,21.043491666666668
2023-02-07 11:30:00,57.14676666666668,22.586924999999994
2023-02-07 12:00:00,56.18086666666667,25.937683333333332
2023-02-07 12:30:00,56.02253333333334,25.610749999999996
2023-02-07 13:00:00,55.75083333333333,24.508766666666666
2023-02-07 13:30:00,55.7621,25.57446666666666
2023-02-07 14:00:00,56.011700000000005,28.12911666666666
2023-02-07 14:30:00,57.64236666666667,28.391216666666665
2023-02-07 15:00:00,59.64353333333334,25.41974999999998
2023-02-07 15:30:00,62.06896666666667,23.775675
2023-02-07 16:00:00,64.17493333333334,23.508408333333335
2023-02-07 16:30:00,67.23089999999999,21.53518333333333
2023-02-07 17:00:00,70.40623333333333,19.012466666666654
2023-02-07 17:30:00,74.58239999999999,16.143675
2023-02-07 18:00:00,77.48803333333335,13.033200000000008
2023-02-07 18:30:00,77.92646666666666,13.795791666666673
2023-02-07 19:00:00,79.86546666666666,11.425808333333322
2023-02-07 19:30:00,81.43293333333334,9.272058333333334
2023-02-07 20:00:00,83.1006,8.030025000000009
2023-02-07 20:30:00,85.19293333333333,5.984899999999982
2023-02-07 21:00:00,86.49763333333333,5.965191666666669
2023-02-07 21:30:00,87.35780000000001,5.599916666666672
2023-02-07 22:00:00,87.87700000000001,6.502091666666672
2023-02-07 22:30:00,88.04676666666668,5.897325000000009
2023-02-07 23:00:00,88.10626666666667,6.411291666666656
2023-02-07 23:30:00,88.64293333333333,5.957933333333315
2023-02-08 00:00:00,88.6849,7.044858333333323
2023-02-08 00:30:00,88.87336666666667,6.308949999999996
2023-02-08 01:00:00,89.19053333333333,5.82609166666667
2023-02-08 01:30:00,89.51456666666665,6.150183333333331
2023-02-08 02:00:00,89.68496666666667,6.5261
2023-02-08 02:30:00,89.95783333333334,7.262908333333328
2023-02-08 03:00:00,90.62559999999999,7.674883333333327
2023-02-08 03:30:00,90.86099999999999,7.250541666666649
2023-02-08 04:00:00,91.2174,6.923033333333336
2023-02-08 04:30:00,91.29249999999999,6.583200000000005
2023-02-08 05:00:00,91.6774,6.8268249999999995
2023-02-08 05:30:00,91.81726666666665,6.911691666666684
2023-02-08 06:00:00,92.13806666666667,6.714150000000004
2023-02-08 06:30:00,91.24176666666668,5.862908333333351
2023-02-08 07:00:00,87.85633333333334,7.429966666666687
2023-02-08 07:30:00,82.55713333333333,11.681141666666676
2023-02-08 08:00:00,77.64126666666667,13.562591666666677
2023-02-08 08:30:00,72.50496666666666,14.80931666666666
2023-02-08 09:00:00,68.1747,15.736349999999987
2023-02-08 09:30:00,65.52286666666666,15.436124999999997
2023-02-08 10:00:00,62.808066666666676,17.476949999999995
2023-02-08 10:30:00,58.93946666666666,23.71630000000001
2023-02-08 11:00:00,57.47096666666666,22.43481666666665
2023-02-08 11:30:00,55.69513333333333,25.312000000000012
2023-02-08 12:00:00,54.43033333333333,26.03918333333332
2023-02-08 12:30:00,54.037366666666664,29.057216666666655
2023-02-08 13:00:00,53.9439,28.54400833333333
2023-02-08 13:30:00,53.267766666666674,26.71973333333333
2023-02-08 14:00:00,53.5341,27.11680833333334
2023-02-08 14:30:00,55.04946666666666,26.03038333333334
2023-02-08 15:00:00,58.03846666666667,21.634916666666662
2023-02-08 15:30:00,59.98049999999999,22.15670833333334
2023-02-08 16:00:00,62.3387,19.47768333333333
2023-02-08 16:30:00,65.31776666666669,17.09232500000001
2023-02-08 17:00:00,69.60613333333333,14.48111666666665
2023-02-08 17:30:00,74.97146666666666,13.434858333333324
2023-02-08 18:00:00,79.39586666666665,10.434275000000014
2023-02-08 18:30:00,82.58996666666667,6.349950000000007
2023-02-08 19:00:00,83.23663333333334,6.659600000000012
2023-02-08 19:30:00,84.3321,5.247524999999996
2023-02-08 20:00:00,84.82856666666666,5.423124999999999
2023-02-08 20:30:00,85.28676666666665,5.817966666666663
2023-02-08 21:00:00,85.642,5.125533333333365
2023-02-08 21:30:00,86.21693333333334,5.052233333333305
2023-02-08 22:00:00,87.08373333333333,5.614024999999998
2023-02-08 22:30:00,87.19513333333332,6.66824166666666
2023-02-08 23:00:00,87.0565,7.584116666666674
2023-02-08 23:30:00,87.02136666666668,7.152391666666645
2023-02-09 00:00:00,87.31133333333335,6.1000416666666695
2023-02-09 00:30:00,87.77833333333334,6.316475000000011
2023-02-09 01:00:00,88.22676666666666,6.584674999999976
2023-02-09 01:30:00,88.62106666666668,7.141466666666659
2023-02-09 02:00:00,89.40003333333333,7.447300000000027
2023-02-09 02:30:00,90.18576666666667,7.372608333333332
2023-02-09 03:00:00,90.94829999999999,7.840149999999994
2023-02-09 03:30:00,91.22643333333333,6.462374999999994
2023-02-09 04:00:00,91.52243333333334,6.95808333333332
2023-02-09 04:30:00,91.67966666666668,6.269483333333355
2023-02-09 05:00:00,92.10363333333333,6.557925000000026
2023-02-09 05:30:00,92.20223333333333,5.92450833333335
2023-02-09 06:00:00,92.15066666666667,6.168975000000017
2023-02-09 06:30:00,91.64320000000001,5.344216666666654
2023-02-09 07:00:00,88.7136,5.635066666666674
2023-02-09 07:30:00,82.7982,10.272458333333333
2023-02-09 08:00:00,76.25766666666667,14.375891666666675
2023-02-09 08:30:00,71.13243333333334,17.18501666666667
2023-02-09 09:00:00,68.74193333333334,16.34214166666667
2023-02-09 09:30:00,65.2407,18.789024999999995
2023-02-09 10:00:00,61.675066666666666,21.59465000000001
2023-02-09 10:30:00,58.59596666666666,20.002741666666672
2023-02-09 11:00:00,55.824733333333334,19.373499999999993
2023-02-09 11:30:00,53.71783333333333,23.07120833333333
2023-02-09 12:00:00,52.90356666666666,25.926275000000004
2023-02-09 12:30:00,53.714033333333326,27.098591666666664
2023-02-09 13:00:00,54.45656666666666,26.010575000000003
2023-02-09 13:30:00,54.856566666666666,26.22405
2023-02-09 14:00:00,55.6404,26.05164166666666
2023-02-09 14:30:00,56.108399999999996,24.494691666666668
2023-02-09 15:00:00,57.890233333333335,25.092733333333335
2023-02-09 15:30:00,59.888400000000004,24.868558333333333
2023-02-09 16:00:00,63.551366666666674,21.649066666666663
2023-02-09 16:30:00,67.20406666666666,20.118950000000005
2023-02-09 17:00:00,70.25256666666667,17.94478333333334
2023-02-09 17:30:00,74.67743333333334,14.081758333333326
2023-02-09 18:00:00,78.87893333333332,10.763091666666682
2023-02-09 18:30:00,81.44146666666667,9.372
2023-02-09 19:00:00,82.9016,8.771225000000001
2023-02-09 19:30:00,83.5894,9.734833333333327
2023-02-09 20:00:00,84.70486666666667,9.047291666666666
2023-02-09 20:30:00,85.20100000000001,8.85723333333334
2023-02-09 21:00:00,85.90559999999998,8.698475000000002
2023-02-09 21:30:00,86.32586666666666,8.427558333333366
2023-02-09 22:00:00,86.7393,8.397458333333333
2023-02-09 22:30:00,87.02109999999999,7.832950000000011
2023-02-09 23:00:00,87.41666666666666,7.978866666666676
2023-02-09 23:30:00,87.99400000000001,7.884699999999995
2023-02-10 00:00:00,88.4383,8.396116666666657
2023-02-10 00:30:00,88.60733333333333,6.919600000000003
2023-02-10 01:00:00,88.76526666666668,6.833899999999986
2023-02-10 01:30:00,89.28030000000001,6.8097416666666675
2023-02-10 02:00:00,89.46663333333333,7.093125000000015
2023-02-10 02:30:00,89.57696666666666,7.087541666666652
2023-02-10 03:00:00,89.63506666666667,6.822741666666673
2023-02-10 03:30:00,89.89126666666667,7.881941666666677
2023-02-10 04:00:00,90.38386666666668,7.579141666666686
2023-02-10 04:30:00,90.87903333333334,8.020066666666679
2023-02-10 05:00:00,91.51856666666666,7.216866666666647
2023-02-10 05:30:00,91.90696666666668,7.125200000000007
2023-02-10 06:00:00,92.2107,7.141125000000002
2023-02-10 06:30:00,92.1702,6.630175000000008
2023-02-10 07:00:00,89.2496,7.681049999999999
2023-02-10 07:30:00,83.63996666666667,12.048341666666673
2023-02-10 08:00:00,77.67649999999999,14.648591666666675
2023-02-10 08:30:00,72.20446666666666,13.225541666666658
2023-02-10 09:00:00,67.29013333333333,13.140416666666674
2023-02-10 09:30:00,62.96916666666666,12.73448333333333
2023-02-10 10:00:00,60.23526666666667,15.331449999999982
2023-02-10 10:30:00,56.99853333333333,14.736508333333326
2023-02-10 11:00:00,55.543433333333326,18.72641666666666
2023-02-10 11:30:00,53.54983333333333,18.943083333333327
2023-02-10 12:00:00,53.1139,24.08020833333333
2023-02-10 12:30:00,53.408033333333336,28.679183333333327
2023-02-10 13:00:00,53.78283333333333,26.701833333333333
2023-02-10 13:30:00,54.59606666666666,24.23153333333333
2023-02-10 14:00:00,55.4347,24.808983333333337
2023-02-10 14:30:00,56.08016666666667,24.19860833333334
2023-02-10 15:00:00,57.86736666666667,24.726783333333337
2023-02-10 15:30:00,60.19343333333334,22.017399999999995
2023-02-10 16:00:00,62.6952,19.123124999999987
2023-02-10 16:30:00,66.78703333333333,18.41666666666667
2023-02-10 17:00:00,71.43923333333333,17.260275000000007
2023-02-10 17:30:00,76.3102,13.100958333333338
2023-02-10 18:00:00,80.12163333333334,9.77228333333332
2023-02-10 18:30:00,82.36013333333334,7.907941666666673
2023-02-10 19:00:00,83.98773333333334,7.347808333333347
2023-02-10 19:30:00,84.95053333333333,6.123283333333347
2023-02-10 20:00:00,85.65786666666668,6.047691666666665
2023-02-10 20:30:00,85.41983333333333,5.702791666666684
2023-02-10 21:00:00,85.7516,5.771308333333337
2023-02-10 21:30:00,85.95623333333333,5.979258333333334
2023-02-10 22:00:00,86.483,5.857191666666651
2023-02-10 22:30:00,86.69566666666667,6.271874999999994
2023-02-10 23:00:00,87.43373333333334,6.816658333333336
2023-02-10 23:30:00,87.80473333333332,6.405508333333344
2023-02-11 00:00:00,88.37513333333332,6.689791666666679
2023-02-11 00:30:00,88.97513333333332,7.1977166666666506
2023-02-11 01:00:00,89.62813333333334,7.393858333333327
2023-02-11 01:30:00,90.03433333333334,6.878908333333342
2023-02-11 02:00:00,90.68469999999999,7.292866666666654
2023-02-11 02:30:00,90.70366666666666,7.709608333333335
2023-02-11 03:00:00,91.0834,7.21748333333332
2023-02-11 03:30:00,91.06353333333333,7.368691666666663
2023-02-11 04:00:00,91.58883333333333,7.431941666666646
2023-02-11 04:30:00,91.7891,7.63344166666667
2023-02-11 05:00:00,91.9875,6.938883333333337
2023-02-11 05:30:00,91.93763333333332,6.873033333333339
2023-02-11 06:00:00,91.80743333333334,6.628708333333336
2023-02-11 06:30:00,91.38273333333333,6.254633333333331
2023-02-11 07:00:00,88.81783333333331,6.463425000000015
2023-02-11 07:30:00,84.46663333333333,9.584133333333341
2023-02-11 08:00:00,79.37683333333334,11.239858333333345
2023-02-11 08:30:00,74.07636666666669,10.966141666666658
2023-02-11 09:00:00,69.50319999999999,11.33615833333333
2023-02-11 09:30:00,65.3486,13.99489166666666
2023-02-11 10:00:00,62.69839999999999,17.851191666666665
2023-02-11 10:30:00,60.02133333333334,19.25121666666667
2023-02-11 11:00:00,58.83819999999999,18.99453333333333
2023-02-11 11:30:00,57.6811,22.466649999999994
2023-02-11 12:00:00,57.28346666666666,23.435850000000002
2023-02-11 12:30:00,56.69336666666667,24.924008333333326
2023-02-11 13:00:00,56.65430000000001,26.41789166666667
2023-02-11 13:30:00,57.51566666666666,26.554241666666663
2023-02-11 14:00:00,58.155566666666665,26.641216666666665
2023-02-11 14:30:00,58.80943333333333,27.16325833333333
2023-02-11 15:00:00,60.727700000000006,25.044875000000005
2023-02-11 15:30:00,62.388133333333336,24.75395833333333
2023-02-11 16:00:00,64.96456666666667,22.727225000000004
2023-02-11 16:30:00,69.09656666666666,19.44765833333333
2023-02-11 17:00:00,73.37356666666668,15.543291666666676
2023-02-11 17:30:00,78.32823333333333,12.43360833333334
2023-02-11 18:00:00,81.9437,10.12766666666667
2023-02-11 18:30:00,83.92543333333333,8.235008333333326
2023-02-11 19:00:00,85.20129999999999,7.354208333333318
2023-02-11 19:30:00,85.86876666666666,8.025450000000006
2023-02-11 20:00:00,86.54059999999998,7.30850833333335
2023-02-11 20:30:00,86.9726,7.563883333333337
2023-02-11 21:00:00,87.34076666666667,7.071433333333346
2023-02-11 21:30:00,87.79323333333335,6.729166666666657
2023-02-11 22:00:00,88.3904,6.619358333333352
2023-02-11 22:30:00,88.8715,6.998158333333336
2023-02-11 23:00:00,89.46006666666668,7.5149000000000115
2023-02-11 23:30:00,89.76046666666666,7.384141666666665
2023-02-12 00:00:00,90.29913333333333,7.634708333333336
2023-02-12 00:30:00,90.35906666666666,7.34490000000001
2023-02-12 01:00:00,90.57926666666667,7.604383333333331
2023-02-12 01:30:00,90.69596666666665,7.6937500000000085
2023-02-12 02:00:00,90.59823333333333,7.935891666666691
2023-02-12 02:30:00,90.65563333333334,6.897050000000007
2023-02-12 03:00:00,90.871,7.602975000000015
2023-02-12 03:30:00,91.1336,7.661158333333333
2023-02-12 04:00:00,91.18199999999999,8.112358333333319
2023-02-12 04:30:00,91.63239999999999,7.624258333333344
2023-02-12 05:00:00,91.83673333333334,7.809116666666654
2023-02-12 05:30:00,91.9851,7.291016666666664
2023-02-12 06:00:00,92.19543333333334,7.726641666666666
2023-02-12 06:30:00,92.37639999999998,7.208075000000008
2023-02-12 07:00:00,89.7645,7.53144166666668
2023-02-12 07:30:00,85.14333333333333,10.923625000000001
2023-02-12 08:00:00,80.97153333333333,11.937183333333337
2023-02-12 08:30:00,75.24206666666666,11.657933333333347
2023-02-12 09:00:00,70.00653333333334,12.723733333333314
2023-02-12 09:30:00,67.1058,14.654749999999993
2023-02-12 10:00:00,63.927533333333336,16.641300000000008
2023-02-12 10:30:00,61.28393333333334,20.258341666666674
2023-02-12 11:00:00,58.463599999999985,20.668883333333326
2023-02-12 11:30:00,57.253,19.578075000000005
2023-02-12 12:00:00,55.62113333333333,18.554550000000006
2023-02-12 12:30:00,54.58540000000001,20.802308333333336
2023-02-12 13:00:00,54.0749,20.134383333333325
2023-02-12 13:30:00,55.197833333333335,17.336524999999995
2023-02-12 14:00:00,55.76416666666667,19.99660833333334
2023-02-12 14:30:00,56.550333333333334,22.433533333333337
2023-02-12 15:00:00,58.16189999999999,22.22392500000001
2023-02-12 15:30:00,60.18596666666667,20.575850000000017
2023-02-12 16:00:00,61.772400000000005,17.97703333333333
2023-02-12 16:30:00,66.10016666666667,17.141799999999996
2023-02-12 17:00:00,71.17760000000001,13.880841666666683
2023-02-12 17:30:00,76.75303333333335,10.938849999999988
2023-02-12 18:00:00,81.2452,8.198191666666688
2023-02-12 18:30:00,83.7173,7.992308333333327
2023-02-12 19:00:00,84.08253333333333,6.07383333333334
2023-02-12 19:30:00,84.4995,5.649266666666662
2023-02-12 20:00:00,84.9849,6.079708333333343
2023-02-12 20:30:00,85.65160000000002,6.6397500000000065
2023-02-12 21:00:00,86.36586666666668,5.629249999999985
2023-02-12 21:30:00,86.4466,5.528466666666674
2023-02-12 22:00:00,86.52013333333335,5.714958333333328
2023-02-12 22:30:00,86.88463333333334,5.69583333333334
2023-02-12 23:00:00,87.0597,6.519133333333329
2023-02-12 23:30:00,87.29426666666669,7.210333333333324
2023-02-13 00:00:00,87.67166666666667,5.888791666666677
2023-02-13 00:30:00,87.99140000000001,6.244000000000014
2023-02-13 01:00:00,88.31206666666667,5.899800000000013
2023-02-13 01:30:00,88.99776666666665,5.291341666666682
2023-02-13 02:00:00,89.53023333333333,4.517791666666682
2023-02-13 02:30:00,90.17003333333332,5.604700000000008
2023-02-13 03:00:00,90.05590000000002,4.646533333333338
2023-02-13 03:30:00,90.19900000000001,4.005483333333345
2023-02-13 04:00:00,90.30153333333332,4.291216666666699
2023-02-13 04:30:00,90.68746666666667,5.588625000000022
2023-02-13 05:00:00,90.59150000000001,5.479200000000034
2023-02-13 05:30:00,90.36970000000001,6.339358333333351
2023-02-13 06:00:00,90.93483333333333,6.619366666666664
2023-02-13 06:30:00,90.75115833333334,6.296285416666677
2023-02-13 07:00:00,88.78143333333333,5.676683333333315
2023-02-13 07:30:00,85.28076666666666,5.9607249999999965
2023-02-13 08:00:00,80.08136666666665,10.02616666666664
2023-02-13 08:30:00,75.29436666666668,9.343916666666658
2023-02-13 09:00:00,69.98193333333333,11.980683333333332
2023-02-13 09:30:00,64.94096666666667,10.08142500000001
2023-02-13 10:00:00,61.303592592592594,17.816399999999994
2023-02-13 10:30:00,57.70933333333332,24.101133333333323
2023-02-13 11:00:00,55.57274074074074,20.273266666666665
2023-02-13 11:30:00,55.00048148148148,24.25073333333333
2023-02-13 12:00:00,56.76825925925927,23.3748
2023-02-13 12:30:00,55.99162962962963,23.236533333333334
2023-02-13 13:00:00,54.95766666666667,22.03906666666667
2023-02-13 13:30:00,54.99377777777778,27.304800000000007
2023-02-13 14:00:00,56.81114814814815,27.027733333333337
2023-02-13 14:30:00,58.476296296296304,26.52993333333334
2023-02-13 15:00:00,61.06155555555555,25.915133333333323
2023-02-13 15:30:00,62.85951851851852,23.39233333333334
2023-02-13 16:00:00,65.18407407407409,22.69393333333334
2023-02-13 16:30:00,69.76325925925926,19.848466666666653
2023-02-13 17:00:00,74.6112962962963,17.4876
2023-02-13 17:30:00,79.64848148148148,14.409000000000006
2023-02-13 18:00:00,82.92244444444444,8.781866666666673
2023-02-13 18:30:00,84.56907407407408,7.855400000000003
2023-02-13 19:00:00,85.96714814814815,7.2266666666666595
2023-02-13 19:30:00,86.22118518518519,6.909266666666667
2023-02-13 20:00:00,86.91733333333335,6.506933333333336
2023-02-13 20:30:00,87.65348148148149,6.766199999999998
2023-02-13 21:00:00,87.91392592592592,7.855866666666643
2023-02-13 21:30:00,88.30396296296297,7.5499333333333425
2023-02-13 22:00:00,88.6228888888889,8.450466666666642
2023-02-13 22:30:00,88.48066666666668,8.75106666666666
2023-02-13 23:00:00,88.61425925925926,8.920199999999994
2023-02-13 23:30:00,88.57388888888889,7.762333333333345
2023-02-14 00:00:00,88.92548148148148,7.617666666666665
2023-02-14 00:30:00,89.01500000000001,6.324133333333307
2023-02-14 01:00:00,89.28766666666667,7.3827333333333485
2023-02-14 01:30:00,89.518,6.064066666666676
2023-02-14 02:00:00,89.49292592592592,4.37526666666669
2023-02-14 02:30:00,89.5967037037037,3.1778000000000333
2023-02-14 03:00:00,90.0245185185185,3.6525333333333236
2023-02-14 03:30:00,90.53666666666668,4.570733333333365
2023-02-14 04:00:00,90.96103703703703,6.490266666666685
2023-02-14 04:30:00,91.4524074074074,5.68213333333334
2023-02-14 05:00:00,91.5780740740741,4.477733333333333
2023-02-14 05:30:00,91.87522222222222,5.577333333333328
2023-02-14 06:00:00,91.97896296296297,5.651799999999994
2023-02-14 06:30:00,91.61351851851853,5.624999999999986
2023-02-14 07:00:00,88.84996296296295,6.8115999999999985
2023-02-14 07:30:00,83.69755555555555,11.897466666666674
2023-02-14 08:00:00,77.62429629629631,14.64326666666669
2023-02-14 08:30:00,71.39807407407407,11.856333333333353
2023-02-14 09:00:00,67.10225925925926,11.558866666666638
2023-02-14 09:30:00,64.44200000000001,15.871199999999995
2023-02-14 10:00:00,62.15733333333333,18.31446666666666
2023-02-14 10:30:00,60.16144444444444,17.183533333333322
2023-02-14 11:00:00,60.41892592592593,22.103133333333332
2023-02-14 11:30:00,62.28648148148149,21.573133333333324
2023-02-14 12:00:00,61.37811111111111,16.699533333333328
2023-02-14 12:30:00,58.65237037037036,22.825999999999993
2023-02-14 13:00:00,59.714777777777776,26.78513333333334
2023-02-14 13:30:00,58.75681481481482,24.511200000000002
2023-02-14 14:00:00,59.570518518518526,23.52333333333334
2023-02-14 14:30:00,59.044222222222224,27.231733333333324
2023-02-14 15:00:00,58.86203703703705,27.59626666666668
2023-02-14 15:30:00,59.4135925925926,28.294066666666644
2023-02-14 16:00:00,61.440888888888885,28.069599999999994
2023-02-14 16:30:00,65.65833333333333,26.295933333333323
2023-02-14 17:00:00,71.27144444444444,21.488399999999984
2023-02-14 17:30:00,77.38166666666667,15.44680000000001
2023-02-14 18:00:00,81.20974074074076,11.654266666666658
2023-02-14 18:30:00,83.41285185185185,10.976266666666675
2023-02-14 19:00:00,84.37788888888889,10.50760000000001
2023-02-14 19:30:00,84.97696296296299,10.663466666666679
2023-02-14 20:00:00,85.31996296296296,11.49293333333334
2023-02-14 20:30:00,85.5262962962963,11.811199999999985
2023-02-14 21:00:00,85.81959259259261,11.815466666666651
2023-02-14 21:30:00,86.35807407407407,12.456199999999995
2023-02-14 22:00:00,87.06522222222222,10.311333333333351
2023-02-14 22:30:00,87.70614814814815,10.30373333333334
2023-02-14 23:00:00,88.43666666666667,10.415800000000004
2023-02-14 23:30:00,82.81874074074074,19.538800000000023
2023-02-15 00:00:00,84.99407407407406,14.81153333333333
2023-02-15 00:30:00,89.05348148148148,20.240866666666662
2023-02-15 01:00:00,90.00611111111111,18.472666666666683
2023-02-15 01:30:00,88.42333333333335,18.725133333333346
2023-02-15 02:00:00,87.22755555555554,17.719133333333332
2023-02-15 02:30:00,84.54255555555557,19.217266666666674
2023-02-15 03:00:00,83.65418518518518,18.054933333333338
2023-02-15 03:30:00,82.72562962962964,18.511666666666684
2023-02-15 04:00:00,82.52607407407407,18.010933333333327
2023-02-15 04:30:00,83.21455555555553,15.918266666666653
2023-02-15 05:00:00,84.02144444444444,14.291133333333335
2023-02-15 05:30:00,85.02199999999999,13.378000000000014
2023-02-15 06:00:00,86.1691851851852,12.643866666666682
2023-02-15 06:30:00,86.5761851851852,11.520200000000003
2023-02-15 07:00:00,85.49359259259259,11.687866666666665
2023-02-15 07:30:00,84.33622222222223,10.722066666666692
2023-02-15 08:00:00,80.36914814814814,11.537800000000004
2023-02-15 08:30:00,72.58211111111112,13.77173333333333
2023-02-15 09:00:00,66.9485925925926,11.549733333333343
2023-02-15 09:30:00,62.34018518518518,8.95506666666666
2023-02-15 10:00:00,59.281666666666666,8.01266666666666
2023-02-15 10:30:00,58.552740740740745,9.550666666666658
2023-02-15 11:00:00,54.96062962962963,10.767799999999994
2023-02-15 11:30:00,51.449925925925925,12.175200000000004
2023-02-15 12:00:00,49.169148148148146,19.302133333333323
2023-02-15 12:30:00,46.285037037037036,20.070000000000007
2023-02-15 13:00:00,45.94648148148148,16.095399999999998
2023-02-15 13:30:00,47.48607407407408,21.575466666666657
2023-02-15 14:00:00,51.06466666666668,18.47373333333333
2023-02-15 14:30:00,52.836259259259265,18.271266666666655
2023-02-15 15:00:00,57.15548148148149,19.474199999999982
2023-02-15 15:30:00,64.39177777777778,16.88153333333333
2023-02-15 16:00:00,69.15081481481482,13.837133333333334
2023-02-15 16:30:00,72.09759259259259,10.864133333333328
2023-02-15 17:00:00,74.33333333333331,10.43173333333334
2023-02-15 17:30:00,75.99825925925926,9.03113333333333
2023-02-15 18:00:00,77.70929629629629,9.263333333333321
2023-02-15 18:30:00,79.11618518518519,8.711799999999997
2023-02-15 19:00:00,79.89925925925927,8.848600000000005
2023-02-15 19:30:00,80.48707407407407,8.819266666666692
2023-02-15 20:00:00,81.56403703703702,7.623066666666659
2023-02-15 20:30:00,82.4505925925926,7.610199999999992
2023-02-15 21:00:00,83.78092592592594,6.853800000000021
2023-02-15 21:30:00,84.90585185185185,6.537000000000035
2023-02-15 22:00:00,85.89025925925927,7.1980000000000075
2023-02-15 22:30:00,86.39881481481483,6.9316666666666436
2023-02-15 23:00:00,87.02148148148149,7.557066666666643
2023-02-15 23:30:00,87.64492592592595,7.70893333333332
2023-02-16 00:00:00,88.78018518518519,7.522266666666653
2023-02-16 00:30:00,89.07281481481479,6.562199999999976
2023-02-16 01:00:00,89.32674074074075,7.429133333333326
2023-02-16 01:30:00,90.143,6.62060000000001
2023-02-16 02:00:00,90.62581481481482,5.731733333333352
2023-02-16 02:30:00,90.89962962962962,4.507999999999996
2023-02-16 03:00:00,91.20922222222222,5.407333333333327
2023-02-16 03:30:00,90.7358888888889,5.676933333333338
2023-02-16 04:00:00,90.85829629629627,6.426866666666683
2023-02-16 04:30:00,91.38137037037036,5.764533333333318
2023-02-16 05:00:00,91.75877777777778,5.849733333333333
2023-02-16 05:30:00,91.94266666666665,5.810933333333338
2023-02-16 06:00:00,92.51822222222222,6.22059999999999
2023-02-16 06:30:00,92.50755555555556,6.645866666666677
2023-02-16 07:00:00,90.20237037037037,7.487666666666655
2023-02-16 07:30:00,85.36377777777777,12.069199999999995
2023-02-16 08:00:00,79.10151851851852,14.619
2023-02-16 08:30:00,72.21662962962964,13.345466666666667
2023-02-16 09:00:00,67.25792592592593,14.630400000000002
2023-02-16 09:30:00,63.79711111111111,17.326999999999984
2023-02-16 10:00:00,59.93407407407407,18.560066666666664
2023-02-16 10:30:00,56.03425925925926,20.21046666666666
2023-02-16 11:00:00,51.81422222222223,25.341333333333324
2023-02-16 11:30:00,50.550481481481484,24.169799999999995
2023-02-16 12:00:00,50.897703703703705,26.12586666666666
2023-02-16 12:30:00,53.7107037037037,26.809400000000004
2023-02-16 13:00:00,54.2967037037037,23.69266666666666
2023-02-16 13:30:00,54.39737037037037,21.052733333333336
2023-02-16 14:00:00,54.904185185185185,21.308466666666668
2023-02-16 14:30:00,55.323740740740746,20.561399999999992
2023-02-16 15:00:00,55.87851851851852,21.997333333333337
2023-02-16 15:30:00,57.41507407407408,19.85133333333333
2023-02-16 16:00:00,60.14951851851851,15.62833333333333
2023-02-16 16:30:00,64.33829629629628,16.059200000000004
2023-02-16 17:00:00,67.96029629629629,16.705066666666667
2023-02-16 17:30:00,71.57300000000001,16.037399999999998
2023-02-16 18:00:00,75.86385185185185,15.326266666666669
2023-02-16 18:30:00,78.48144444444443,13.277666666666676
2023-02-16 19:00:00,80.22807407407407,11.938733333333332
2023-02-16 19:30:00,81.73174074074073,10.123800000000017
2023-02-16 20:00:00,82.37018518518518,7.808333333333323
2023-02-16 20:30:00,82.46318518518518,8.707600000000014
2023-02-16 21:00:00,82.14018518518519,11.163066666666694
2023-02-16 21:30:00,83.13337037037039,8.430933333333357
2023-02-16 22:00:00,84.4624074074074,8.263266666666695
2023-02-16 22:30:00,85.2688148148148,7.654666666666671
2023-02-16 23:00:00,85.79859259259258,8.849133333333327
2023-02-16 23:30:00,86.48159259259259,8.472733333333323
2023-02-17 00:00:00,86.77859259259259,8.176799999999986
2023-02-17 00:30:00,87.41762962962963,7.896066666666641
2023-02-17 01:00:00,87.4768888888889,7.15446666666665
2023-02-17 01:30:00,87.76207407407408,7.124466666666663
2023-02-17 02:00:00,88.23914814814816,7.003933333333336
2023-02-17 02:30:00,88.83362962962964,6.0328666666666635
2023-02-17 03:00:00,89.44155555555557,7.042466666666655
2023-02-17 03:30:00,90.47866666666667,6.644333333333336
2023-02-17 04:00:00,90.73574074074074,7.573666666666668
2023-02-17 04:30:00,90.67440740740741,7.009399999999985
2023-02-17 05:00:00,90.52351851851851,7.190600000000032
2023-02-17 05:30:00,90.93233333333333,7.658000000000001
2023-02-17 06:00:00,91.06907407407408,7.659800000000018
2023-02-17 06:30:00,90.84648148148148,8.342533333333336
2023-02-17 07:00:00,88.8788888888889,9.104799999999997
2023-02-17 07:30:00,85.11537500000001,10.955200000000005
2023-02-17 08:00:00,79.33470833333334,13.753216666666674
2023-02-17 08:30:00,71.96814285714285,8.831133333333327
2023-02-17 09:00:00,65.93477777777777,12.544375000000002
2023-02-17 09:30:00,58.2692,16.704933333333322
2023-02-17 10:00:00,51.35326666666667,19.154666666666657
2023-02-17 10:30:00,43.36808333333333,21.113224999999993
2023-02-17 11:00:00,37.26566666666667,26.13228333333333
2023-02-17 11:30:00,30.73575,17.524508333333333
2023-02-17 12:00:00,24.729833333333335,7.57268333333333
2023-02-17 12:30:00,22.749000000000002,8.363616666666665
2023-02-17 13:00:00,19.07425,5.703991666666667
2023-02-17 13:30:00,18.74066666666667,3.843600000000002
2023-02-17 14:00:00,21.592166666666667,3.2152333333333374
2023-02-17 14:30:00,24.306,0.5903500000000008
2023-02-17 15:00:00,26.311333333333334,4.0436166666666615
2023-02-17 15:30:00,29.369166666666665,2.420233333333332
2023-02-17 16:00:00,31.706833333333332,2.3651833333333236
2023-02-17 16:30:00,35.49225,3.074208333333324
2023-02-17 17:00:00,39.2625,3.8537000000000035
2023-02-17 17:30:00,44.323666666666675,5.615616666666661
2023-02-17 18:00:00,47.30108333333333,5.605608333333343
2023-02-17 18:30:00,49.30008333333333,8.652841666666667
2023-02-17 19:00:00,49.47391666666667,10.002191666666661
2023-02-17 19:30:00,52.026500000000006,8.975866666666668
2023-02-17 20:00:00,55.88291666666667,7.835225000000001
2023-02-17 20:30:00,57.990916666666664,7.603075000000011
2023-02-17 21:00:00,57.90183333333333,7.335466666666676
2023-02-17 21:30:00,58.313250000000004,5.683591666666679
2023-02-17 22:00:00,59.41283333333334,5.554683333333337
2023-02-17 22:30:00,59.36391666666667,4.073708333333336
2023-02-17 23:00:00,59.672666666666665,6.387833333333333
2023-02-17 23:30:00,59.42491666666667,4.656891666666667
2023-02-18 00:00:00,58.065333333333335,5.642733333333332
2023-02-18 00:30:00,58.26350000000001,8.420033333333336
2023-02-18 01:00:00,58.468916666666665,7.725558333333339
2023-02-18 01:30:00,60.2125,9.62801666666666
2023-02-18 02:00:00,60.51916666666666,6.586199999999998
2023-02-18 02:30:00,60.888916666666674,6.882674999999999
2023-02-18 03:00:00,61.58991666666666,6.772958333333328
2023-02-18 03:30:00,62.1355,6.035516666666652
2023-02-18 04:00:00,63.077416666666664,7.353391666666653
2023-02-18 04:30:00,63.706833333333336,8.448399999999992
2023-02-18 05:00:00,63.90608333333333,8.201041666666647
2023-02-18 05:30:00,64.47608333333332,12.340008333333323
2023-02-18 06:00:00,64.61683333333335,13.426333333333325
2023-02-18 06:30:00,63.187916666666666,11.519758333333321
2023-02-18 07:00:00,60.49591666666667,9.406741666666655
2023-02-18 07:30:00,58.104083333333335,8.78305833333333
2023-02-18 08:00:00,55.31966666666667,10.587699999999991
2023-02-18 08:30:00,52.68866666666666,11.278599999999997
2023-02-18 09:00:00,45.33350000000001,5.491916666666675
2023-02-18 09:30:00,33.961666666666666,10.23703333333333
2023-02-18 10:00:00,27.726999999999997,7.5974999999999895
2023-02-18 10:30:00,23.578,9.62026666666667
2023-02-18 11:00:00,21.0955,7.2361
2023-02-18 11:30:00,18.264416666666666,6.488758333333328
2023-02-18 12:00:00,17.211083333333335,5.281975000000001
2023-02-18 12:30:00,15.640583333333332,4.361191666666667
2023-02-18 13:00:00,15.627833333333333,1.717766666666666
2023-02-18 13:30:00,18.2285,4.443666666666667
2023-02-18 14:00:00,19.273,5.441333333333333
2023-02-18 14:30:00,21.2065,1.8493333333333268
2023-02-18 15:00:00,24.589250000000003,2.547775000000005
2023-02-18 15:30:00,28.332,2.981550000000002
2023-02-18 16:00:00,31.918916666666668,4.331308333333332
2023-02-18 16:30:00,33.92883333333334,6.064633333333337
2023-02-18 17:00:00,36.025000000000006,5.698433333333327
2023-02-18 17:30:00,37.35091666666667,4.349274999999999
2023-02-18 18:00:00,40.40975,3.8709083333333396
2023-02-18 18:30:00,42.612833333333334,4.429116666666673
2023-02-18 19:00:00,44.40041666666667,6.087208333333336
2023-02-18 19:30:00,47.26333333333334,6.135616666666664
2023-02-18 20:00:00,49.33225,6.152974999999998
2023-02-18 20:30:00,51.74158333333333,6.587924999999984
2023-02-18 21:00:00,53.66041666666667,5.440758333333328
2023-02-18 21:30:00,55.20516666666667,3.7384166666666587
2023-02-18 22:00:00,57.794333333333334,7.13931666666668
2023-02-18 22:30:00,58.99725,7.677841666666659
2023-02-18 23:00:00,59.04133333333333,6.352766666666675
2023-02-18 23:30:00,58.074999999999996,8.959899999999998
2023-02-19 00:00:00,58.46208333333333,10.738941666666662
2023-02-19 00:30:00,58.41066666666667,11.420949999999998
2023-02-19 01:00:00,58.41099999999999,13.796749999999996
2023-02-19 01:30:00,58.71816666666666,13.338366666666666
2023-02-19 02:00:00,58.564916666666676,10.741025
2023-02-19 02:30:00,58.62041666666667,9.853075000000004
2023-02-19 03:00:00,58.150333333333336,11.338299999999997
2023-02-19 03:30:00,58.539750000000005,11.07677499999999
2023-02-19 04:00:00,58.91483333333335,10.13655
2023-02-19 04:30:00,59.49291666666666,9.066375
2023-02-19 05:00:00,59.84766666666667,7.8081499999999835
2023-02-19 05:30:00,60.15408333333333,6.17239166666667
2023-02-19 06:00:00,61.09125,6.721641666666663
2023-02-19 06:30:00,60.25008333333334,6.868375
2023-02-19 07:00:00,58.955083333333334,5.569024999999989
2023-02-19 07:30:00,56.56975,4.226725000000009
2023-02-19 08:00:00,51.488,3.507166666666663
2023-02-19 08:30:00,45.40458333333333,6.29570833333333
2023-02-19 09:00:00,41.10933333333334,3.7052500000000066
2023-02-19 09:30:00,38.07666666666667,4.7612999999999985
2023-02-19 10:00:00,35.45616666666667,6.879316666666661
2023-02-19 10:30:00,33.965666666666664,6.892283333333335
2023-02-19 11:00:00,31.732833333333332,4.8914999999999935
2023-02-19 11:30:00,28.990333333333336,5.331516666666666
2023-02-19 12:00:00,27.349,6.734983333333336
2023-02-19 12:30:00,25.399583333333336,7.818208333333327
2023-02-19 13:00:00,25.06225,10.351891666666663
2023-02-19 13:30:00,26.30875,8.194975
2023-02-19 14:00:00,30.681083333333333,9.189408333333336
2023-02-19 14:30:00,33.95925,5.555041666666657
2023-02-19 15:00:00,36.026916666666665,2.620141666666669
2023-02-19 15:30:00,40.6715,6.455066666666674
2023-02-19 16:00:00,44.60033333333334,8.623550000000009
2023-02-19 16:30:00,51.506750000000004,6.420824999999994
2023-02-19 17:00:00,56.44783333333334,4.027283333333337
2023-02-19 17:30:00,59.654583333333335,7.726075000000002
2023-02-19 18:00:00,62.82416666666667,6.120183333333323
2023-02-19 18:30:00,65.79408333333333,5.581874999999997
2023-02-19 19:00:00,69.56675000000001,3.0393749999999926
2023-02-19 19:30:00,70.76291666666665,4.019791666666649
2023-02-19 20:00:00,74.67816666666667,5.470716666666675
2023-02-19 20:30:00,77.48941666666667,5.321875000000006
2023-02-19 21:00:00,79.443,4.501966666666661
2023-02-19 21:30:00,80.65233333333333,4.353216666666668
2023-02-19 22:00:00,82.65933333333334,4.2227333333333235
2023-02-19 22:30:00,84.46858333333334,4.852241666666686
2023-02-19 23:00:00,86.69916666666666,4.785899999999998
2023-02-19 23:30:00,87.76325000000001,5.788375000000002
2023-02-20 00:00:00,89.16908333333333,5.928008333333324
2023-02-20 00:30:00,90.04208333333334,5.878124999999997
2023-02-20 01:00:00,90.60583333333332,5.378933333333336
2023-02-20 01:30:00,91.28616666666667,3.6515166666666516
2023-02-20 02:00:00,91.50425,3.1550583333333435
2023-02-20 02:30:00,91.45483333333334,2.7503999999999706
2023-02-20 03:00:00,90.55083333333333,5.784266666666667
2023-02-20 03:30:00,91.10941666666669,5.330091666666675
2023-02-20 04:00:00,91.66883333333334,5.186649999999986
2023-02-20 04:30:00,91.92999999999999,4.196266666666702
2023-02-20 05:00:00,92.50975000000001,5.144958333333321
2023-02-20 05:30:00,92.73691666666666,4.523158333333342
2023-02-20 06:00:00,93.09408333333333,4.4059416666666635
2023-02-20 06:30:00,92.36991666666667,4.809541666666675
2023-02-20 07:00:00,90.35100000000001,6.02679999999998
2023-02-20 07:30:00,87.56400000000001,7.719416666666675
2023-02-20 08:00:00,83.36491666666667,7.677441666666667
2023-02-20 08:30:00,78.37316666666666,8.370983333333342
2023-02-20 09:00:00,73.69183333333334,8.96736666666665
2023-02-20 09:30:00,68.236,9.033950000000004
2023-02-20 10:00:00,61.98308333333333,6.742741666666646
2023-02-20 10:30:00,56.64366666666667,6.664349999999999
2023-02-20 11:00:00,52.693833333333345,6.830050000000007
2023-02-20 11:30:00,46.952416666666664,9.213108333333338
2023-02-20 12:00:00,43.57466666666667,4.895966666666666
2023-02-20 12:30:00,39.664416666666675,7.017058333333345
2023-02-20 13:00:00,38.534416666666665,11.391541666666676
2023-02-20 13:30:00,39.96641666666667,16.21654166666667
2023-02-20 14:00:00,43.04816666666666,16.459433333333337
2023-02-20 14:30:00,47.7785,11.196433333333346
2023-02-20 15:00:00,53.60891666666667,4.192625000000007
2023-02-20 15:30:00,58.6575,4.406166666666671
2023-02-20 16:00:00,62.82058333333333,6.007208333333324
2023-02-20 16:30:00,67.26841666666667,4.82664166666666
2023-02-20 17:00:00,72.45508333333333,4.176608333333334
2023-02-20 17:30:00,76.57400000000001,3.682450000000017
2023-02-20 18:00:00,79.28466666666668,5.571183333333323
2023-02-20 18:30:00,82.29449999999999,3.3913166666666683
2023-02-20 19:00:00,84.54925,4.073941666666656
2023-02-20 19:30:00,86.43708333333335,4.810041666666677
2023-02-20 20:00:00,87.36833333333333,4.781449999999992
2023-02-20 20:30:00,88.03766666666668,6.407616666666655
2023-02-20 21:00:00,87.71883333333332,4.580116666666669
2023-02-20 21:30:00,88.11908333333335,5.2696083333333235
2023-02-20 22:00:00,88.37716666666667,4.678333333333313
2023-02-20 22:30:00,88.37991666666667,4.408658333333321
2023-02-20 23:00:00,88.33866666666668,4.107133333333323
2023-02-20 23:30:00,88.69183333333334,4.281266666666653
2023-02-21 00:00:00,89.26774999999999,6.1686750000000075
2023-02-21 00:30:00,89.74749999999999,5.554966666666644
2023-02-21 01:00:00,90.18074999999999,5.638841666666664
2023-02-21 01:30:00,90.17908333333334,4.380724999999998
2023-02-21 02:00:00,90.09983333333334,4.910916666666665
2023-02-21 02:30:00,90.48066666666665,3.592700000000022
2023-02-21 03:00:00,90.86166666666666,2.956416666666641
2023-02-21 03:30:00,91.16408333333334,2.9894583333333458
2023-02-21 04:00:00,91.46549999999999,3.2078166666666874
2023-02-21 04:30:00,92.02166666666668,3.0156499999999937
2023-02-21 05:00:00,92.32625,2.7196916666666624
2023-02-21 05:30:00,92.96983333333333,3.0809500000000014
2023-02-21 06:00:00,93.647,2.831466666666657
2023-02-21 06:30:00,93.51808333333332,2.2942250000000115
2023-02-21 07:00:00,92.16391666666668,4.260974999999988
2023-02-21 07:30:00,88.92308333333334,5.580341666666669
2023-02-21 08:00:00,85.21233333333333,7.3496333333333155
2023-02-21 08:30:00,79.67108333333333,7.316574999999986
2023-02-21 09:00:00,73.64441666666667,7.165008333333347
2023-02-21 09:30:00,67.89166666666668,9.267616666666662
2023-02-21 10:00:00,63.71900000000001,7.378950000000003
2023-02-21 10:30:00,58.51841666666667,7.220408333333339
2023-02-21 11:00:00,53.877833333333335,6.929999999999993
2023-02-21 11:30:00,50.502833333333335,3.6634666666666575
2023-02-21 12:00:00,46.29033333333333,2.7972666666666655
2023-02-21 12:30:00,44.88641666666667,2.817641666666667
2023-02-21 13:00:00,47.196416666666664,8.806775000000002
2023-02-21 13:30:00,51.24141666666667,2.6004583333333215
2023-02-21 14:00:00,52.089749999999995,1.0139583333333277
2023-02-21 14:30:00,53.88633333333333,2.2229499999999973
2023-02-21 15:00:00,55.69575,1.54032500000001
2023-02-21 15:30:00,58.343333333333334,1.9830499999999986
2023-02-21 16:00:00,60.92225,3.0251249999999956
2023-02-21 16:30:00,63.897666666666666,2.195999999999991
2023-02-21 17:00:00,68.62433333333333,1.9643499999999818
2023-02-21 17:30:00,74.24933333333333,2.1799000000000177
2023-02-21 18:00:00,79.67425000000001,1.1757583333333343
2023-02-21 18:30:00,81.61091666666667,4.17039166666666
2023-02-21 19:00:00,82.97558333333333,4.037774999999968
2023-02-21 19:30:00,84.33675000000001,4.371258333333344
2023-02-21 20:00:00,85.14566666666667,5.119866666666681
2023-02-21 20:30:00,86.21625000000002,4.709275000000005
2023-02-21 21:00:00,86.88641666666666,6.006941666666648
2023-02-21 21:30:00,87.85541666666666,6.463141666666672
2023-02-21 22:00:00,88.34075,6.614575000000016
2023-02-21 22:30:00,88.78091666666667,6.246991666666659
2023-02-21 23:00:00,89.08541666666666,5.226874999999993
2023-02-21 23:30:00,89.26741666666668,5.803208333333302
2023-02-22 00:00:00,89.22325,5.231858333333321
2023-02-22 00:30:00,89.57083333333333,5.740583333333333
2023-02-22 01:00:00,89.92341666666668,7.153341666666648
2023-02-22 01:30:00,90.00625000000001,5.6801916666666585
2023-02-22 02:00:00,90.13283333333332,5.461649999999992
2023-02-22 02:30:00,91.127,5.421300000000002
2023-02-22 03:00:00,90.85800000000002,4.523350000000008
2023-02-22 03:30:00,90.59583333333333,3.336283333333327
2023-02-22 04:00:00,90.76816666666667,2.466533333333331
2023-02-22 04:30:00,91.15733333333334,2.5101000000000226
2023-02-22 05:00:00,91.51574999999998,3.937925000000007
2023-02-22 05:30:00,92.45641666666667,4.007691666666645
2023-02-22 06:00:00,93.04708333333333,3.2090583333333313
2023-02-22 06:30:00,93.009,2.2460333333333438
2023-02-22 07:00:00,90.74024999999999,4.0197749999999814
2023-02-22 07:30:00,87.24766666666667,6.653599999999997
2023-02-22 08:00:00,83.0955,7.970716666666661
2023-02-22 08:30:00,78.47191666666666,7.193474999999978
2023-02-22 09:00:00,74.86699999999999,5.459950000000006
2023-02-22 09:30:00,70.34408333333333,6.080308333333335
2023-02-22 10:00:00,67.31908333333334,6.772308333333342
2023-02-22 10:30:00,63.30066666666667,5.94315000000001
2023-02-22 11:00:00,61.858083333333326,4.413274999999992
2023-02-22 11:30:00,59.20100000000001,5.684800000000003
2023-02-22 12:00:00,57.63266666666667,3.041800000000002
2023-02-22 12:30:00,57.226333333333336,3.9590499999999977
2023-02-22 13:00:00,55.71866666666667,3.9060666666666677
2023-02-22 13:30:00,55.62725,2.502708333333338
2023-02-22 14:00:00,56.602333333333334,2.8991000000000042
2023-02-22 14:30:00,59.99216666666667,2.445533333333337
2023-02-22 15:00:00,61.191250000000004,2.5740749999999935
2023-02-22 15:30:00,64.56316666666667,3.1636999999999986
2023-02-22 16:00:00,68.50658333333334,4.797441666666671
2023-02-22 16:30:00,73.12533333333333,4.516116666666676
2023-02-22 17:00:00,76.76458333333333,2.279574999999994
2023-02-22 17:30:00,80.00758333333333,3.11207499999999
2023-02-22 18:00:00,82.02675,4.346541666666653
2023-02-22 18:30:00,83.74691666666666,3.396125000000012
2023-02-22 19:00:00,84.46966666666667,3.843100000000021
2023-02-22 19:30:00,85.13641666666666,3.6870249999999913
2023-02-22 20:00:00,85.58541666666669,3.7995750000000044
2023-02-22 20:30:00,85.79791666666668,4.222224999999995
2023-02-22 21:00:00,86.477,4.307150000000007
2023-02-22 21:30:00,86.96283333333332,5.021349999999998
2023-02-22 22:00:00,87.40625,4.656674999999993
2023-02-22 22:30:00,87.59033333333333,5.030249999999995
2023-02-22 23:00:00,87.37383333333334,5.166216666666671
2023-02-22 23:30:00,87.015,4.870166666666677
2023-02-23 00:00:00,87.048,3.436933333333343
2023-02-23 00:30:00,86.87975,3.679508333333345
2023-02-23 01:00:00,87.541,3.6354999999999933
2023-02-23 01:30:00,87.31241666666668,5.12104166666667
2023-02-23 02:00:00,87.01366666666667,5.3227166666666506
2023-02-23 02:30:00,87.85033333333334,4.469066666666663
2023-02-23 03:00:00,88.82641666666666,6.327925000000008
2023-02-23 03:30:00,90.26233333333333,5.9011
2023-02-23 04:00:00,91.34216666666667,5.364266666666651
2023-02-23 04:30:00,91.67816666666667,4.314416666666659
2023-02-23 05:00:00,91.771,3.390833333333333
2023-02-23 05:30:00,91.93900000000001,2.55234999999999
2023-02-23 06:00:00,92.37216666666667,3.02236666666667
2023-02-23 06:30:00,92.16333333333334,3.8386666666666827
2023-02-23 07:00:00,90.56608333333334,3.5803916666666566
2023-02-23 07:30:00,87.4265,5.623883333333339
2023-02-23 08:00:00,83.04658333333333,7.795208333333349
2023-02-23 08:30:00,77.82391666666666,7.6249916666666735
2023-02-23 09:00:00,74.35483333333333,5.365316666666658
2023-02-23 09:30:00,69.48966666666666,6.312849999999997
2023-02-23 10:00:00,65.23591666666667,4.3377749999999935
2023-02-23 10:30:00,63.579,3.1642999999999972
2023-02-23 11:00:00,62.714,5.955433333333339
2023-02-23 11:30:00,61.06475,3.128341666666664
2023-02-23 12:00:00,58.39516666666666,1.0814500000000038
2023-02-23 12:30:00,56.58883333333333,4.30455000000002
2023-02-23 13:00:00,56.22641666666667,4.159891666666667
2023-02-23 13:30:00,57.7085,4.678333333333349
2023-02-23 14:00:00,59.0365,2.42561666666667
2023-02-23 14:30:00,58.982749999999996,2.376458333333339
2023-02-23 15:00:00,61.056916666666666,6.392491666666672
2023-02-23 15:30:00,65.77633333333333,6.588866666666675
2023-02-23 16:00:00,69.25558333333333,2.3247250000000292
2023-02-23 16:30:00,73.82475,3.7848083333333307
2023-02-23 17:00:00,77.36891666666666,3.9102749999999986
2023-02-23 17:30:00,80.44866666666667,4.683883333333327
2023-02-23 18:00:00,83.41708333333334,4.069008333333343
2023-02-23 18:30:00,85.45050000000002,3.980649999999997
2023-02-23 19:00:00,85.85341666666667,4.768341666666672
2023-02-23 19:30:00,86.29791666666667,4.628975000000011
2023-02-23 20:00:00,86.525,4.7600333333333396
2023-02-23 20:30:00,86.48258333333335,4.444524999999999
2023-02-23 21:00:00,87.32825,5.330208333333331
2023-02-23 21:30:00,87.11333333333333,5.067900000000009
2023-02-23 22:00:00,86.88250000000001,3.7665333333333137
2023-02-23 22:30:00,87.37058333333333,3.9122416666666595
2023-02-23 23:00:00,85.91491666666666,6.5628750000000196
2023-02-23 23:30:00,84.55783333333333,7.137750000000011
2023-02-24 00:00:00,82.66833333333334,4.39730000000003
2023-02-24 00:30:00,83.51891666666668,3.1628916666666953
2023-02-24 01:00:00,84.64333333333333,5.951650000000043
2023-02-24 01:30:00,85.54124999999999,6.418075000000016
2023-02-24 02:00:00,86.79466666666667,5.281599999999983
2023-02-24 02:30:00,87.63499999999999,5.649316666666664
2023-02-24 03:00:00,89.03774999999999,5.53220833333333
2023-02-24 03:30:00,90.60691666666668,6.10629166666665
2023-02-24 04:00:00,91.94441666666667,5.305908333333335
2023-02-24 04:30:00,92.286,4.13624999999999
2023-02-24 05:00:00,92.75216666666665,2.7022333333333535
2023-02-24 05:30:00,92.88091666666666,2.4643583333333368
2023-02-24 06:00:00,93.34683333333332,3.151683333333338
2023-02-24 06:30:00,92.334,3.6568666666666587
2023-02-24 07:00:00,90.44391666666667,4.629341666666662
2023-02-24 07:30:00,86.5425,7.172449999999998
2023-02-24 08:00:00,82.05183333333333,9.47163333333333
2023-02-24 08:30:00,76.04666666666667,9.92564999999999
2023-02-24 09:00:00,70.26083333333334,7.702399999999983
2023-02-24 09:30:00,66.82425,9.81965833333333
2023-02-24 10:00:00,63.472833333333334,6.638499999999979
2023-02-24 10:30:00,60.51316666666667,2.2878166666666715
2023-02-24 11:00:00,58.85625,2.6417916666666628
2023-02-24 11:30:00,58.648583333333335,2.555841666666666
2023-02-24 12:00:00,57.931,2.410166666666669
2023-02-24 12:30:00,57.950833333333335,2.9170833333333306
2023-02-24 13:00:00,56.463,1.8802500000000038
2023-02-24 13:30:00,55.26616666666667,4.05830000000001
2023-02-24 14:00:00,57.304750000000006,4.331608333333335
2023-02-24 14:30:00,59.79408333333333,1.6518250000000094
2023-02-24 15:00:00,61.65091666666667,2.8003916666666555
2023-02-24 15:30:00,63.49633333333333,2.113199999999999
2023-02-24 16:00:00,67.12683333333334,2.832483333333329
2023-02-24 16:30:00,70.60841666666666,3.4773416666666463
2023-02-24 17:00:00,74.937,2.72975000000001
2023-02-24 17:30:00,77.73591666666667,1.5715583333333285
2023-02-24 18:00:00,80.37858333333334,2.221241666666657
2023-02-24 18:30:00,82.07258333333334,3.320808333333332
2023-02-24 19:00:00,84.05683333333334,3.052033333333341
2023-02-24 19:30:00,85.27275,3.567425
2023-02-24 20:00:00,86.03016666666667,3.544566666666668
2023-02-24 20:30:00,86.03591666666668,4.263708333333312
2023-02-24 21:00:00,85.8615,4.438216666666662
2023-02-24 21:30:00,86.74666666666667,3.5094666666666825
2023-02-24 22:00:00,86.30433333333333,4.202316666666675
2023-02-24 22:30:00,86.17208333333335,3.8534250000000014
2023-02-24 23:00:00,86.34941666666667,3.924008333333333
2023-02-24 23:30:00,86.21624999999999,4.2561416666666645
2023-02-25 00:00:00,86.57,4.374833333333342
2023-02-25 00:30:00,84.4215,13.943416666666664
2023-02-25 01:00:00,86.08633333333333,14.317166666666665
2023-02-25 01:30:00,83.40916666666666,16.68776666666669
2023-02-25 02:00:00,85.13191666666667,10.056891666666658
2023-02-25 02:30:00,85.4005,9.584649999999982
2023-02-25 03:00:00,84.24558333333334,10.85659166666666
2023-02-25 03:30:00,83.32925,8.525008333333346
2023-02-25 04:00:00,83.51933333333335,4.072300000000013
2023-02-25 04:30:00,85.045,2.661433333333335
2023-02-25 05:00:00,85.31949999999999,4.878249999999994
2023-02-25 05:30:00,84.11183333333334,5.503900000000016
2023-02-25 06:00:00,84.00791666666667,6.2533750000000055
2023-02-25 06:30:00,81.51133333333334,7.6845
2023-02-25 07:00:00,77.19624999999999,8.009791666666672
2023-02-25 07:30:00,73.36283333333333,8.104899999999986
2023-02-25 08:00:00,71.64225,7.725274999999996
2023-02-25 08:30:00,69.66775,6.36174166666666
2023-02-25 09:00:00,66.18225,9.280108333333345
2023-02-25 09:30:00,63.675250000000005,8.490624999999994
2023-02-25 10:00:00,60.98191666666667,5.300741666666646
2023-02-25 10:30:00,59.47025000000001,6.672675000000005
2023-02-25 11:00:00,58.09466666666667,2.2038333333333355
2023-02-25 11:30:00,55.95925,1.905741666666664
2023-02-25 12:00:00,53.78766666666667,1.673666666666655
2023-02-25 12:30:00,53.100166666666674,4.4022833333333224
2023-02-25 13:00:00,54.17866666666667,5.0629333333333335
2023-02-25 13:30:00,56.178416666666664,6.142308333333347
2023-02-25 14:00:00,58.004,5.708433333333339
2023-02-25 14:30:00,59.66725,6.131375000000006
2023-02-25 15:00:00,61.49308333333333,5.0263249999999715
2023-02-25 15:30:00,65.62166666666667,5.5154
2023-02-25 16:00:00,62.15408333333333,8.599658333333338
2023-02-25 16:30:00,68.81741666666666,10.783591666666652
2023-02-25 17:00:00,76.37183333333334,16.39276666666666
2023-02-25 17:30:00,78.1515,24.97065
2023-02-25 18:00:00,79.65608333333333,23.85015833333334
2023-02-25 18:30:00,74.93575000000001,24.02615833333335
2023-02-25 19:00:00,72.108,18.4416
2023-02-25 19:30:00,71.26341666666666,7.300274999999999
2023-02-25 20:00:00,72.21208333333333,15.698991666666672
2023-02-25 20:30:00,73.62316666666666,16.400100000000002
2023-02-25 21:00:00,74.10483333333333,10.617649999999998
2023-02-25 21:30:00,76.60016666666667,9.705699999999993
2023-02-25 22:00:00,77.53200000000001,12.695783333333324
2023-02-25 22:30:00,77.98291666666665,9.304558333333333
2023-02-25 23:00:00,79.27758333333333,9.017741666666637
2023-02-25 23:30:00,79.37558333333334,7.580091666666661
2023-02-26 00:00:00,79.42416666666666,5.386399999999995
2023-02-26 00:30:00,79.80033333333334,6.169066666666666
2023-02-26 01:00:00,80.15991666666667,8.055691666666661
2023-02-26 01:30:00,80.73916666666666,7.744966666666642
2023-02-26 02:00:00,86.52308333333333,24.291408333333337
2023-02-26 02:30:00,94.21024999999999,24.501524999999987
2023-02-26 03:00:00,92.62566666666667,24.266116666666676
2023-02-26 03:30:00,91.781,21.266566666666662
2023-02-26 04:00:00,91.64741666666666,14.54577500000002
2023-02-26 04:30:00,92.19125,16.29905833333332
2023-02-26 05:00:00,90.983,18.531666666666652
2023-02-26 05:30:00,90.05641666666666,20.16832500000001
2023-02-26 06:00:00,90.84891666666667,13.306124999999994
2023-02-26 06:30:00,91.34708333333334,15.214808333333337
2023-02-26 07:00:00,90.07783333333333,22.408
2023-02-26 07:30:00,85.6525,23.89715000000001
2023-02-26 08:00:00,77.91008333333333,21.811408333333333
2023-02-26 08:30:00,72.54741666666666,17.523324999999986
2023-02-26 09:00:00,70.07225,14.685524999999991
2023-02-26 09:30:00,68.08816666666667,11.43088333333332
2023-02-26 10:00:00,66.08041666666666,11.171608333333332
2023-02-26 10:30:00,62.91416666666667,12.394616666666664
2023-02-26 11:00:00,61.0125,10.120900000000006
2023-02-26 11:30:00,61.056333333333335,9.130316666666673
2023-02-26 12:00:00,59.68033333333334,12.22751666666666
2023-02-26 12:30:00,56.97275,10.202674999999992
2023-02-26 13:00:00,54.335666666666675,8.90123333333333
2023-02-26 13:30:00,56.45433333333334,1.5354500000000044
2023-02-26 14:00:00,61.863,4.714299999999994
2023-02-26 14:30:00,65.38283333333334,6.436083333333329
2023-02-26 15:00:00,68.69924999999999,6.958624999999998
2023-02-26 15:30:00,68.41633333333333,5.333883333333333
2023-02-26 16:00:00,68.16058333333334,2.2840249999999855
2023-02-26 16:30:00,71.71383333333333,2.0160166666666726
2023-02-26 17:00:00,77.13708333333332,2.4112916666666706
2023-02-26 17:30:00,80.88241666666666,2.398191666666662
2023-02-26 18:00:00,84.3285,2.608383333333336
2023-02-26 18:30:00,85.94,4.283449999999988
2023-02-26 19:00:00,85.71341666666667,5.604958333333315
2023-02-26 19:30:00,86.38616666666667,5.26639999999999
2023-02-26 20:00:00,87.40891666666667,4.982158333333302
2023-02-26 20:30:00,88.42216666666668,4.684716666666674
2023-02-26 21:00:00,88.99249999999999,3.907283333333325
2023-02-26 21:30:00,89.25574999999999,4.304741666666658
2023-02-26 22:00:00,89.34449999999998,4.166016666666678
2023-02-26 22:30:00,89.952,3.8914833333333405
2023-02-26 23:00:00,90.51441666666666,4.093074999999999
2023-02-26 23:30:00,91.67308333333334,3.5772083333333313
2023-02-27 00:00:00,92.15333333333334,3.2531833333333253
2023-02-27 00:30:00,92.1135,4.442233333333348
2023-02-27 01:00:00,91.57799999999999,7.611099999999993
2023-02-27 01:30:00,90.39591666666666,7.15617499999999
2023-02-27 02:00:00,90.88191666666665,4.682191666666654
2023-02-27 02:30:00,90.77983333333333,3.771066666666698
2023-02-27 03:00:00,92.285,2.855950000000007
2023-02-27 03:30:00,92.33075000000001,3.110091666666662
2023-02-27 04:00:00,93.39258333333333,2.139458333333323
2023-02-27 04:30:00,94.5325,1.7932666666666819
2023-02-27 05:00:00,95.11591666666666,2.256974999999997
2023-02-27 05:30:00,93.96625,6.246775000000014
2023-02-27 06:00:00,93.80241666666666,4.6953583333333455
2023-02-27 06:30:00,93.13408333333332,6.383024999999989
2023-02-27 07:00:00,90.18383333333333,7.338766666666658
2023-02-27 07:30:00,85.50120833333334,10.263912500000004
2023-02-27 08:00:00,82.40266666666668,8.993016666666662
2023-02-27 08:30:00,78.27677777777778,8.030983333333324
2023-02-27 09:00:00,74.13111111111111,6.692116666666678
2023-02-27 09:30:00,67.85833333333333,9.888233333333325
2023-02-27 10:00:00,67.14955555555555,7.445783333333331
2023-02-27 10:30:00,66.17116666666666,5.5438833333333335
2023-02-27 11:00:00,62.550000000000004,3.5662999999999982
2023-02-27 11:30:00,58.03833333333334,0.8055999999999912
2023-02-27 12:00:00,58.852999999999994,1.5560999999999936
2023-02-27 12:30:00,58.761333333333326,0.5833000000000013
2023-02-27 13:00:00,56.06133333333334,2.637199999999993
2023-02-27 13:30:00,53.658,3.723366666666678
2023-02-27 14:00:00,53.01533333333333,4.943166666666663
2023-02-27 14:30:00,54.282833333333336,3.701516666666663
2023-02-27 15:00:00,56.999833333333335,2.01305
2023-02-27 15:30:00,58.12583333333333,2.555816666666665
2023-02-27 16:00:00,59.983666666666664,0.9310000000000045
2023-02-27 16:30:00,63.8195,1.1567833333333297
2023-02-27 17:00:00,66.11783333333332,0.8730499999999921
2023-02-27 17:30:00,69.59233333333333,1.7024000000000115
2023-02-27 18:00:00,74.33716666666666,2.7990166666667022
2023-02-27 18:30:00,78.60733333333332,3.506766666666678
2023-02-27 19:00:00,79.714,2.4940666666666402
2023-02-27 19:30:00,82.49566666666668,3.325633333333343
2023-02-27 20:00:00,85.715,6.0610000000000355
2023-02-27 20:30:00,87.06683333333334,6.28425
2023-02-27 21:00:00,88.05583333333334,6.832716666666684
2023-02-27 21:30:00,88.22683333333333,6.161383333333333
2023-02-27 22:00:00,87.12733333333333,4.072333333333333
2023-02-27 22:30:00,86.997,1.518100000000004
2023-02-27 23:00:00,85.93716666666668,2.4766500000000207
2023-02-27 23:30:00,85.21566666666666,2.4332666666666825
2023-02-28 00:00:00,84.85883333333334,2.757850000000019
2023-02-28 00:30:00,84.7695,2.921883333333369
2023-02-28 01:00:00,84.70566666666667,4.816500000000019
2023-02-28 01:30:00,84.733,7.576566666666679
2023-02-28 02:00:00,85.18516666666667,7.417283333333316
2023-02-28 02:30:00,84.97566666666667,4.656266666666681
2023-02-28 03:00:00,83.78266666666669,3.7379333333333875
2023-02-28 03:30:00,83.6046666666667,4.076133333333374
2023-02-28 04:00:00,83.79183333333334,4.43048333333337
2023-02-28 04:30:00,84.632,6.365000000000009
2023-02-28 05:00:00,85.17183333333332,6.041050000000027
2023-02-28 05:30:00,86.52833333333332,6.263666666666694
2023-02-28 06:00:00,87.33766666666668,6.465066666666658
2023-02-28 06:30:00,87.887,7.845100000000002
2023-02-28 07:00:00,84.3615,6.873883333333325
2023-02-28 07:30:00,79.74316666666667,5.667383333333348
2023-02-28 08:00:00,75.94749999999999,1.9541500000000127
2023-02-28 08:30:00,70.23433333333332,1.4224666666666508
2023-02-28 09:00:00,64.05199999999999,5.529000000000011
2023-02-28 09:30:00,60.35483333333333,3.6115833333333285
2023-02-28 10:00:00,56.68516666666667,2.2195166666666637
2023-02-28 10:30:00,54.11216666666667,0.263149999999996
2023-02-28 11:00:00,51.80500000000001,0.609266666666656
2023-02-28 11:30:00,53.554833333333335,3.5260833333333395
2023-02-28 12:00:00,57.249,0.0
2023-02-28 12:30:00,58.261,0.0
2023-02-28 13:00:00,58.05833333333334,0.0
2023-02-28 13:30:00,55.20533333333333,0.0
2023-02-28 14:00:00,55.20766666666666,0.0
2023-02-28 14:30:00,58.46,0.0
2023-02-28 15:00:00,60.274,0.0
2023-02-28 15:30:00,61.669666666666664,0.0
2023-02-28 16:00:00,63.84433333333333,0.0
2023-02-28 16:30:00,65.606,0.0
2023-02-28 17:00:00,68.12166666666667,0.0
2023-02-28 17:30:00,70.22433333333332,0.0
2023-02-28 18:00:00,74.17266666666667,0.0
2023-02-28 18:30:00,76.94433333333332,0.0
2023-02-28 19:00:00,78.58300000000001,0.0
2023-02-28 19:30:00,79.48733333333332,0.0
2023-02-28 20:00:00,80.92333333333335,0.0
2023-02-28 20:30:00,81.63799999999999,0.0
2023-02-28 21:00:00,83.23099999999998,0.0
2023-02-28 21:30:00,85.33066666666667,0.0
2023-02-28 22:00:00,86.88733333333334,0.0
2023-02-28 22:30:00,87.91633333333333,0.0
2023-02-28 23:00:00,87.746,0.0
2023-02-28 23:30:00,87.575,0.0
2023-03-01 00:00:00,87.575,0.0
2023-03-01 00:30:00,87.746,0.0
2023-03-01 01:00:00,87.23233333333333,0.0
2023-03-01 01:30:00,87.23233333333333,0.0
2023-03-01 02:00:00,87.40366666666667,0.0
2023-03-01 02:30:00,88.42866666666664,0.0
2023-03-01 03:00:00,88.25833333333333,0.0
2023-03-01 03:30:00,87.746,0.0
2023-03-01 04:00:00,88.25833333333333,0.0
2023-03-01 04:30:00,89.10799999999999,0.0
2023-03-01 05:00:00,89.78366666666666,0.0
2023-03-01 05:30:00,90.62600000000002,0.0
2023-03-01 06:00:00,91.46233333333333,0.0
2023-03-01 06:30:00,91.46100000000001,0.0
2023-03-01 07:00:00,86.88499999999999,0.0
2023-03-01 07:30:00,83.93066666666665,0.0
2023-03-01 08:00:00,78.76166666666667,0.0
2023-03-01 08:30:00,72.46533333333333,0.0
2023-03-01 09:00:00,65.41066666666667,0.0
2023-03-01 09:30:00,61.461666666666666,0.0
2023-03-01 10:00:00,58.66433333333333,0.0
2023-03-01 10:30:00,56.43233333333333,0.0
2023-03-01 11:00:00,52.73133333333334,0.0
2023-03-01 11:30:00,50.85633333333334,0.0
2023-03-01 12:00:00,54.175666666666665,0.0
2023-03-01 12:30:00,56.02633333333333,0.0
2023-03-01 13:00:00,58.059333333333335,0.0
2023-03-01 13:30:00,57.85666666666666,0.0
2023-03-01 14:00:00,58.059333333333335,0.0
2023-03-01 14:30:00,59.87266666666667,0.0
2023-03-01 15:00:00,63.44866666666667,0.0
2023-03-01 15:30:00,67.92633333333333,0.0
2023-03-01 16:00:00,69.655,0.0
2023-03-01 16:30:00,71.73899999999999,0.0
2023-03-01 17:00:00,74.547,0.0
2023-03-01 17:30:00,76.94433333333332,0.0
2023-03-01 18:00:00,77.85766666666667,0.0
2023-03-01 18:30:00,79.48700000000001,0.0
2023-03-01 19:00:00,80.74533333333333,0.0
2023-03-01 19:30:00,81.63466666666666,0.0
2023-03-01 20:00:00,81.99266666666666,0.0
2023-03-01 20:30:00,82.877,0.0
2023-03-01 21:00:00,84.45966666666666,0.0
2023-03-01 21:30:00,83.93433333333333,0.0
2023-03-01 22:00:00,82.87833333333332,0.0
2023-03-01 22:30:00,81.45933333333335,0.0
2023-03-01 23:00:00,80.74600000000002,0.0
2023-03-01 23:30:00,80.74533333333333,0.0
2023-03-02 00:00:00,79.846,0.0
2023-03-02 00:30:00,77.493,0.0
2023-03-02 01:00:00,79.66799999999999,0.0
2023-03-02 01:30:00,80.02833333333332,0.0
2023-03-02 02:00:00,80.74600000000002,0.0
2023-03-02 02:30:00,82.524,0.0
2023-03-02 03:00:00,83.05533333333331,0.0
2023-03-02 03:30:00,83.58366666666666,0.0
2023-03-02 04:00:00,83.935,0.0
2023-03-02 04:30:00,85.33133333333335,0.0
2023-03-02 05:00:00,86.37033333333333,0.0
2023-03-02 05:30:00,88.42833333333333,0.0
2023-03-02 06:00:00,90.12133333333334,0.0
2023-03-02 06:30:00,89.95233333333333,0.0
2023-03-02 07:00:00,84.78766666666667,0.0
2023-03-02 07:30:00,77.854,0.0
2023-03-02 08:00:00,74.54466666666667,0.0
2023-03-02 08:30:00,69.842,0.0
2023-03-02 09:00:00,65.60466666666666,0.0
2023-03-02 09:30:00,61.27100000000001,0.0
2023-03-02 10:00:00,57.449000000000005,0.0
2023-03-02 10:30:00,54.99533333333333,0.0
2023-03-02 11:00:00,51.274333333333324,0.0
2023-03-02 11:30:00,52.73233333333334,0.0
2023-03-02 12:00:00,52.31566666666668,0.0
2023-03-02 12:30:00,55.00133333333333,0.0
2023-03-02 13:00:00,55.206999999999994,0.0
2023-03-02 13:30:00,53.56033333333334,0.0
2023-03-02 14:00:00,53.97366666666667,0.0
2023-03-02 14:30:00,57.044333333333334,0.0
2023-03-02 15:00:00,59.67166666666666,0.0
2023-03-02 15:30:00,60.47266666666667,0.0
2023-03-02 16:00:00,62.84900000000001,0.0
2023-03-02 16:30:00,65.80033333333334,0.0
2023-03-02 17:00:00,70.976,0.0
2023-03-02 17:30:00,75.10166666666667,0.0
2023-03-02 18:00:00,77.49266666666666,0.0
2023-03-02 18:30:00,78.946,0.0
2023-03-02 19:00:00,79.84866666666666,0.0
2023-03-02 19:30:00,81.46,0.0
2023-03-02 20:00:00,82.34766666666665,0.0
2023-03-02 20:30:00,83.58233333333332,0.0
2023-03-02 21:00:00,84.28399999999999,0.0
2023-03-02 21:30:00,86.88866666666667,0.0
2023-03-02 22:00:00,87.57466666666666,0.0
2023-03-02 22:30:00,88.08733333333332,0.0
2023-03-02 23:00:00,88.93899999999998,0.0
2023-03-02 23:30:00,88.93766666666666,0.0
2023-03-03 00:00:00,89.27533333333334,0.0
2023-03-03 00:30:00,89.10633333333332,0.0
2023-03-03 01:00:00,90.29,0.0
2023-03-03 01:30:00,90.45800000000001,0.0
2023-03-03 02:00:00,90.62433333333333,0.0
2023-03-03 02:30:00,91.128,0.0
2023-03-03 03:00:00,90.45800000000001,0.0
2023-03-03 03:30:00,90.122,0.0
2023-03-03 04:00:00,90.79333333333334,0.0
2023-03-03 04:30:00,91.96166666666666,0.0
2023-03-03 05:00:00,92.79,0.0
2023-03-03 05:30:00,92.95566666666666,0.0
2023-03-03 06:00:00,93.28533333333333,0.0
2023-03-03 06:30:00,92.28833333333334,0.0
2023-03-03 07:00:00,85.27199999999999,4.040666666666667
2023-03-03 07:30:00,81.18966666666667,1.2976999999999776
2023-03-03 08:00:00,74.69033333333333,4.563166666666675
2023-03-03 08:30:00,71.95091666666667,8.660908333333325
2023-03-03 09:00:00,68.13579999999999,10.172200000000004
2023-03-03 09:30:00,66.272,18.146200000000007
2023-03-03 10:00:00,65.55366666666667,22.862199999999994
2023-03-03 10:30:00,63.72488888888889,22.772291666666668
2023-03-03 11:00:00,65.063,19.82199999999998
2023-03-03 11:30:00,62.937666666666665,23.096916666666672
2023-03-03 12:00:00,61.21683333333334,23.871166666666667
2023-03-03 12:30:00,60.822388888888895,23.482333333333337
2023-03-03 13:00:00,63.762499999999996,23.794291666666666
2023-03-03 13:30:00,65.83038888888889,15.979500000000002
2023-03-03 14:00:00,68.18166666666667,8.520708333333339
2023-03-03 14:30:00,73.7726111111111,12.777000000000001
2023-03-03 15:00:00,76.16016666666665,12.848291666666668
2023-03-03 15:30:00,78.19177777777777,11.616791666666686
2023-03-03 16:00:00,80.91016666666667,9.17666666666669
2023-03-03 16:30:00,82.90016666666666,7.9925416666666536
2023-03-03 17:00:00,83.80233333333334,8.431958333333355
2023-03-03 17:30:00,83.88105555555556,9.150416666666672
2023-03-03 18:00:00,83.87877777777778,10.955333333333343
2023-03-03 18:30:00,85.083,10.10879166666669
2023-03-03 19:00:00,85.75572222222223,8.735833333333346
2023-03-03 19:30:00,86.13550000000002,7.805708333333328
2023-03-03 20:00:00,85.91094444444445,6.644250000000014
2023-03-03 20:30:00,86.26366666666667,7.081833333333321
2023-03-03 21:00:00,86.63644444444445,7.0567083333333045
2023-03-03 21:30:00,86.41750000000002,6.635208333333324
2023-03-03 22:00:00,86.32722222222223,7.729958333333343
2023-03-03 22:30:00,86.71611111111112,7.436291666666662
2023-03-03 23:00:00,86.35438888888889,6.9947500000000105
2023-03-03 23:30:00,86.10333333333335,5.162208333333339
2023-03-04 00:00:00,86.05422222222222,4.892083333333332
2023-03-04 00:30:00,85.60338888888889,4.014708333333317
2023-03-04 01:00:00,84.87244444444444,4.593500000000006
2023-03-04 01:30:00,85.15083333333334,3.979666666666674
2023-03-04 02:00:00,85.51266666666665,8.66395833333334
2023-03-04 02:30:00,85.08888888888887,6.561416666666631
2023-03-04 03:00:00,86.00244444444444,6.054166666666674
2023-03-04 03:30:00,86.63755555555554,5.476916666666682
2023-03-04 04:00:00,87.83977777777777,4.417374999999993
2023-03-04 04:30:00,89.11272222222222,4.936125000000004
2023-03-04 05:00:00,89.98788888888889,4.564583333333346
2023-03-04 05:30:00,90.51094444444443,4.369291666666655
2023-03-04 06:00:00,90.93016666666666,4.281708333333341
2023-03-04 06:30:00,90.49961111111111,4.851458333333369
2023-03-04 07:00:00,89.38888888888887,3.295958333333388
2023-03-04 07:30:00,86.37249999999999,4.0917499999999905
2023-03-04 08:00:00,80.78099999999999,9.075458333333344
2023-03-04 08:30:00,74.2268888888889,17.02104166666666
2023-03-04 09:00:00,68.57855555555555,20.049624999999992
2023-03-04 09:30:00,66.44911111111112,19.971833333333343
2023-03-04 10:00:00,61.79805555555555,23.10733333333335
2023-03-04 10:30:00,59.064666666666675,22.11762500000001
2023-03-04 11:00:00,59.221444444444444,21.611083333333333
2023-03-04 11:30:00,61.72372222222222,19.363124999999982
2023-03-04 12:00:00,62.86238888888889,20.569916666666664
2023-03-04 12:30:00,62.841111111111104,21.80724999999999
2023-03-04 13:00:00,62.992555555555555,19.70304166666667
2023-03-04 13:30:00,63.135777777777776,21.858833333333315
2023-03-04 14:00:00,62.03044444444445,20.657583333333335
2023-03-04 14:30:00,60.33455555555556,21.22216666666668
2023-03-04 15:00:00,63.036,22.708291666666668
2023-03-04 15:30:00,65.4735,22.513666666666673
2023-03-04 16:00:00,67.84311111111111,19.624250000000004
2023-03-04 16:30:00,68.43327777777777,25.736958333333327
2023-03-04 17:00:00,70.50816666666667,21.372999999999998
2023-03-04 17:30:00,73.72105555555555,17.45137499999997
2023-03-04 18:00:00,77.92438888888888,13.671458333333348
2023-03-04 18:30:00,79.78522222222223,8.381166666666672
2023-03-04 19:00:00,80.77472222222222,7.157291666666666
2023-03-04 19:30:00,81.5351111111111,8.496083333333331
2023-03-04 20:00:00,82.26522222222223,8.561083333333329
2023-03-04 20:30:00,82.99394444444444,7.09145833333335
2023-03-04 21:00:00,83.68516666666666,6.0515000000000185
2023-03-04 21:30:00,83.65616666666666,6.973249999999993
2023-03-04 22:00:00,84.03611111111111,7.827833333333345
2023-03-04 22:30:00,84.75500000000001,7.5943333333333385
2023-03-04 23:00:00,85.14944444444446,8.851875000000021
2023-03-04 23:30:00,85.58277777777778,7.27058333333332
2023-03-05 00:00:00,86.37033333333333,7.232749999999996
2023-03-05 00:30:00,87.46155555555555,6.42641666666664
2023-03-05 01:00:00,88.13438888888889,6.433208333333326
2023-03-05 01:30:00,88.39983333333332,5.935291666666657
2023-03-05 02:00:00,88.28911111111113,5.432125000000013
2023-03-05 02:30:00,89.02611111111112,5.034374999999983
2023-03-05 03:00:00,89.42805555555556,4.999499999999998
2023-03-05 03:30:00,89.35583333333334,4.198249999999987
2023-03-05 04:00:00,89.09061111111112,5.260750000000002
2023-03-05 04:30:00,88.96472222222222,5.156624999999977
2023-03-05 05:00:00,89.2148888888889,4.6147916666666475
2023-03-05 05:30:00,89.34233333333333,5.388083333333341
2023-03-05 06:00:00,89.41194444444443,5.588999999999984
2023-03-05 06:30:00,89.04444444444444,4.738624999999999
2023-03-05 07:00:00,84.40344444444445,5.838833333333326
2023-03-05 07:30:00,77.55016666666667,10.687791666666655
2023-03-05 08:00:00,72.15133333333333,14.323041666666668
2023-03-05 08:30:00,69.878,17.31308333333333
2023-03-05 09:00:00,67.23049999999999,20.379749999999994
2023-03-05 09:30:00,63.90944444444445,23.95779166666668
2023-03-05 10:00:00,63.19466666666667,24.066750000000006
2023-03-05 10:30:00,64.28383333333335,22.886958333333325
2023-03-05 11:00:00,63.047000000000004,25.00445833333334
2023-03-05 11:30:00,61.155833333333334,24.092958333333335
2023-03-05 12:00:00,58.956222222222216,26.44975000000001
2023-03-05 12:30:00,60.08477777777778,30.800500000000007
2023-03-05 13:00:00,61.234388888888894,31.198499999999974
2023-03-05 13:30:00,62.67838888888889,27.54208333333331
2023-03-05 14:00:00,62.80883333333335,27.448041666666654
2023-03-05 14:30:00,63.598222222222226,26.824166666666663
2023-03-05 15:00:00,64.50072222222222,25.654374999999995
2023-03-05 15:30:00,66.30144444444444,21.208791666666684
2023-03-05 16:00:00,69.50122222222222,14.231625000000008
2023-03-05 16:30:00,70.48344444444444,11.57341666666666
2023-03-05 17:00:00,72.95372222222221,11.859791666666652
2023-03-05 17:30:00,75.66344444444444,8.949375000000003
2023-03-05 18:00:00,77.12266666666666,9.016166666666678
2023-03-05 18:30:00,77.3433888888889,8.759125000000026
2023-03-05 19:00:00,76.48194444444444,11.289666666666662
2023-03-05 19:30:00,75.98694444444443,12.278041666666667
2023-03-05 20:00:00,76.65466666666667,9.832541666666671
2023-03-05 20:30:00,76.11411111111111,11.572083333333325
2023-03-05 21:00:00,76.12577777777777,11.342916666666667
2023-03-05 21:30:00,76.30083333333333,11.018416666666667
2023-03-05 22:00:00,77.21544444444444,11.375083333333322
2023-03-05 22:30:00,78.7535,10.033208333333334
2023-03-05 23:00:00,79.97822222222221,7.18579166666666
2023-03-05 23:30:00,80.46866666666665,4.911541666666665
2023-03-06 00:00:00,80.36566666666666,4.431708333333319
2023-03-06 00:30:00,80.15966666666667,4.548333333333332
2023-03-06 01:00:00,80.819,6.224499999999992
2023-03-06 01:30:00,81.51877777777777,6.820624999999993
2023-03-06 02:00:00,82.5876111111111,5.251500000000007
2023-03-06 02:30:00,83.10283333333332,5.07545833333333
2023-03-06 03:00:00,82.93561111111111,5.279583333333349
2023-03-06 03:30:00,82.95433333333334,4.83045833333334
2023-03-06 04:00:00,83.73683333333334,4.734999999999999
2023-03-06 04:30:00,84.48655555555557,5.9256666666666575
2023-03-06 05:00:00,85.73255555555556,6.691874999999996
2023-03-06 05:30:00,86.43466666666666,5.436999999999983
2023-03-06 06:00:00,87.07611111111112,4.746874999999974
2023-03-06 06:30:00,85.92550000000001,5.110333333333315
2023-03-06 07:00:00,81.36911111111111,6.752958333333353
2023-03-06 07:30:00,77.07222222222222,13.006916666666669
2023-03-06 08:00:00,71.84438888888887,14.633291666666658
2023-03-06 08:30:00,68.34777777777776,16.14808333333334
2023-03-06 09:00:00,64.73144444444445,19.57220833333332
2023-03-06 09:30:00,63.35422222222223,20.156333333333336
2023-03-06 10:00:00,62.65061111111112,24.290833333333325
2023-03-06 10:30:00,58.99861111111111,27.66554166666667
2023-03-06 11:00:00,56.81572222222221,28.07799999999998
2023-03-06 11:30:00,55.14355555555556,28.933124999999997
2023-03-06 12:00:00,54.73527777777778,29.004083333333327
2023-03-06 12:30:00,54.55427777777778,30.800499999999992
2023-03-06 13:00:00,54.774333333333324,32.054750000000006
2023-03-06 13:30:00,57.899277777777776,29.852791666666675
2023-03-06 14:00:00,60.038833333333336,29.39120833333331
2023-03-06 14:30:00,63.09427777777778,26.551374999999993
2023-03-06 15:00:00,65.46749999999999,25.451500000000017
2023-03-06 15:30:00,67.29883333333333,23.167374999999986
2023-03-06 16:00:00,68.00905555555556,22.684124999999995
2023-03-06 16:30:00,70.41461111111111,19.593708333333325
2023-03-06 17:00:00,72.20800000000001,18.097958333333317
2023-03-06 17:30:00,74.81022222222221,16.147833333333338
2023-03-06 18:00:00,77.17372222222222,14.526875000000004
2023-03-06 18:30:00,78.3963888888889,12.91183333333332
2023-03-06 19:00:00,78.74427777777778,11.51224999999998
2023-03-06 19:30:00,78.80166666666666,11.286624999999987
2023-03-06 20:00:00,80.28038888888888,10.190750000000008
2023-03-06 20:30:00,81.40122222222223,7.426291666666671
2023-03-06 21:00:00,82.25222222222222,7.157583333333321
2023-03-06 21:30:00,83.23783333333334,8.875208333333333
2023-03-06 22:00:00,84.024,8.859375
2023-03-06 22:30:00,84.32911111111112,9.339916666666667
2023-03-06 23:00:00,84.5425,9.284833333333353
2023-03-06 23:30:00,85.00472222222223,8.097708333333344
2023-03-07 00:00:00,85.46083333333335,8.290291666666675
2023-03-07 00:30:00,86.16205555555557,6.274833333333319
2023-03-07 01:00:00,86.2931111111111,5.530541666666636
2023-03-07 01:30:00,86.54727777777778,5.134083333333322
2023-03-07 02:00:00,87.33966666666667,5.666124999999965
2023-03-07 02:30:00,87.09877777777778,6.778958333333307
2023-03-07 03:00:00,87.50027777777778,10.954958333333309
2023-03-07 03:30:00,93.53183333333334,13.791958333333326
2023-03-07 04:00:00,97.01255555555555,6.245499999999993
2023-03-07 04:30:00,97.7713888888889,4.695875000000015
2023-03-07 05:00:00,97.97961111111111,3.96145833333334
2023-03-07 05:30:00,98.20583333333332,3.5535833333333215
2023-03-07 06:00:00,98.50294444444444,3.7320833333333496
2023-03-07 06:30:00,98.71983333333333,3.7862916666666706
2023-03-07 07:00:00,98.69122222222222,2.9266250000000014
2023-03-07 07:30:00,98.69105555555556,2.710291666666663
2023-03-07 08:00:00,98.77727777777777,2.5339166666666557
2023-03-07 08:30:00,98.56977777777779,2.9397083333333427
2023-03-07 09:00:00,98.32294444444445,2.198750000000004
2023-03-07 09:30:00,97.62922222222221,2.5553750000000264
2023-03-07 10:00:00,96.86116666666665,3.076458333333335
2023-03-07 10:30:00,95.19833333333334,7.51387499999997
2023-03-07 11:00:00,90.52572222222221,13.798958333333331
2023-03-07 11:30:00,82.10372222222223,23.701916666666662
2023-03-07 12:00:00,76.00888888888889,25.191000000000003
2023-03-07 12:30:00,71.35461111111111,31.256041666666675
2023-03-07 13:00:00,70.79805555555555,33.38141666666667
2023-03-07 13:30:00,74.2153888888889,31.286166666666666
2023-03-07 14:00:00,76.04438888888889,28.103416666666654
2023-03-07 14:30:00,76.03544444444444,17.796958333333336
2023-03-07 15:00:00,74.68366666666667,15.784875
2023-03-07 15:30:00,74.76122222222223,14.298291666666671
2023-03-07 16:00:00,74.93677777777778,17.206958333333333
2023-03-07 16:30:00,75.77033333333333,14.397958333333307
2023-03-07 17:00:00,76.10083333333333,13.462375000000009
2023-03-07 17:30:00,77.6125,11.331708333333339
2023-03-07 18:00:00,79.82083333333333,10.344666666666654
2023-03-07 18:30:00,81.47727777777779,9.584791666666689
2023-03-07 19:00:00,82.54455555555556,7.825874999999996
2023-03-07 19:30:00,83.22105555555555,6.346041666666679
2023-03-07 20:00:00,83.40838888888888,6.093916666666672
2023-03-07 20:30:00,84.53072222222222,6.054458333333315
2023-03-07 21:00:00,85.35055555555554,8.435041666666649
2023-03-07 21:30:00,87.00261111111111,10.069666666666649
2023-03-07 22:00:00,87.72222222222223,9.164166666666674
2023-03-07 22:30:00,88.59733333333334,8.335083333333316
2023-03-07 23:00:00,89.65961111111112,8.945624999999993
2023-03-07 23:30:00,90.319,8.541624999999996
2023-03-08 00:00:00,90.4905,8.431958333333341
2023-03-08 00:30:00,90.60011111111112,9.408999999999992
2023-03-08 01:00:00,90.8345,9.145958333333326
2023-03-08 01:30:00,91.62861111111113,10.122166666666672
2023-03-08 02:00:00,91.99427777777778,10.268458333333314
2023-03-08 02:30:00,92.16466666666668,10.824249999999978
2023-03-08 03:00:00,91.83577777777778,11.75795833333332
2023-03-08 03:30:00,92.56355555555557,10.924750000000003
2023-03-08 04:00:00,92.56205555555556,10.90187499999999
2023-03-08 04:30:00,92.70761111111112,10.772291666666675
2023-03-08 05:00:00,93.30544444444445,10.07391666666669
2023-03-08 05:30:00,93.38166666666666,10.062125000000023
2023-03-08 06:00:00,93.68355555555554,8.903458333333347
2023-03-08 06:30:00,93.62733333333334,7.788583333333321
2023-03-08 07:00:00,91.27538888888888,5.070583333333332
2023-03-08 07:30:00,84.84372222222221,9.934625000000011
2023-03-08 08:00:00,77.91383333333333,16.99858333333333
2023-03-08 08:30:00,73.09594444444444,18.444541666666666
2023-03-08 09:00:00,69.93338888888889,19.535958333333326
2023-03-08 09:30:00,64.742,25.536833333333327
2023-03-08 10:00:00,60.31216666666668,31.21799999999999
2023-03-08 10:30:00,58.470444444444446,30.706416666666655
2023-03-08 11:00:00,59.87283333333334,30.29916666666668
2023-03-08 11:30:00,60.70122222222222,27.058208333333326
2023-03-08 12:00:00,60.765166666666666,24.58370833333332
2023-03-08 12:30:00,61.41116666666667,23.924083333333314
2023-03-08 13:00:00,62.203555555555546,25.243291666666664
2023-03-08 13:30:00,62.717222222222226,28.018625
2023-03-08 14:00:00,62.66216666666666,25.613416666666637
2023-03-08 14:30:00,62.01438888888888,27.310124999999985
2023-03-08 15:00:00,63.31744444444445,24.851874999999993
2023-03-08 15:30:00,67.19583333333333,19.162416666666672
2023-03-08 16:00:00,70.0336111111111,14.67087500000001
2023-03-08 16:30:00,72.13155555555555,13.82245833333333
2023-03-08 17:00:00,75.396,9.220166666666657
2023-03-08 17:30:00,76.93872222222222,4.654958333333326
2023-03-08 18:00:00,76.86788888888888,4.156291666666661
2023-03-08 18:30:00,78.35427777777778,5.843625000000003
2023-03-08 19:00:00,79.49866666666667,6.014749999999978
2023-03-08 19:30:00,80.81944444444444,4.754500000000007
2023-03-08 20:00:00,81.28055555555554,5.07883333333335
2023-03-08 20:30:00,82.03205555555554,5.252291666666665
2023-03-08 21:00:00,82.84833333333333,4.299583333333331
2023-03-08 21:30:00,83.48533333333334,5.430666666666667
2023-03-08 22:00:00,84.02433333333333,6.968833333333322
2023-03-08 22:30:00,84.8638888888889,7.462625000000003
2023-03-08 23:00:00,85.50394444444446,7.87166666666667
2023-03-08 23:30:00,85.77488888888888,8.68791666666668
2023-03-09 00:00:00,85.8728888888889,7.804833333333335
2023-03-09 00:30:00,86.4228888888889,9.023416666666677
2023-03-09 01:00:00,87.04888888888888,9.082416666666674
2023-03-09 01:30:00,87.26516666666667,9.460125000000005
2023-03-09 02:00:00,88.04411111111112,9.816458333333316
2023-03-09 02:30:00,89.29644444444443,10.271375000000006
2023-03-09 03:00:00,90.45188888888889,10.770916666666679
2023-03-09 03:30:00,91.28427777777779,10.986333333333334
2023-03-09 04:00:00,91.66255555555556,10.38266666666668
2023-03-09 04:30:00,91.68688888888887,10.749166666666667
2023-03-09 05:00:00,91.33011111111112,11.293499999999995
2023-03-09 05:30:00,91.52455555555555,11.674583333333317
2023-03-09 06:00:00,91.9116111111111,11.735500000000002
2023-03-09 06:30:00,91.91166666666668,10.249208333333357
2023-03-09 07:00:00,89.15961111111112,6.94179166666666
2023-03-09 07:30:00,80.44,13.762791666666686
2023-03-09 08:00:00,76.59055555555555,10.80149999999999
2023-03-09 08:30:00,72.6388888888889,18.937333333333335
2023-03-09 09:00:00,68.36444444444444,23.118208333333335
2023-03-09 09:30:00,66.09811111111111,19.897
2023-03-09 10:00:00,66.23022222222222,19.878833333333333
2023-03-09 10:30:00,65.16327777777776,19.656
2023-03-09 11:00:00,63.78538888888889,19.655624999999986
2023-03-09 11:30:00,63.406000000000006,20.320333333333323
2023-03-09 12:00:00,63.81938888888889,17.55804166666666
2023-03-09 12:30:00,62.777277777777776,21.430374999999984
2023-03-09 13:00:00,63.38677777777778,21.045791666666673
2023-03-09 13:30:00,64.07822222222222,18.968791666666668
2023-03-09 14:00:00,64.19683333333334,19.45083333333333
2023-03-09 14:30:00,64.35894444444445,21.56308333333333
2023-03-09 15:00:00,66.01638888888888,19.820374999999977
2023-03-09 15:30:00,70.48222222222223,12.372208333333319
2023-03-09 16:00:00,74.0736111111111,10.171041666666667
2023-03-09 16:30:00,75.22483333333334,8.104333333333315
2023-03-09 17:00:00,76.3915,6.327791666666656
2023-03-09 17:30:00,77.80411111111111,6.501208333333338
2023-03-09 18:00:00,79.76594444444444,5.587333333333319
2023-03-09 18:30:00,80.71627777777778,5.0837083333333055
2023-03-09 19:00:00,81.03038888888888,4.167833333333306
2023-03-09 19:30:00,80.57877777777777,3.318458333333325
2023-03-09 20:00:00,80.49705555555556,3.704250000000016
2023-03-09 20:30:00,80.55977777777778,3.664708333333351
2023-03-09 21:00:00,82.29694444444443,10.377250000000004
2023-03-09 21:30:00,83.84705555555554,15.171291666666676
2023-03-09 22:00:00,84.22733333333333,15.002833333333342
2023-03-09 22:30:00,84.03966666666666,14.787833333333353
2023-03-09 23:00:00,82.18111111111111,17.212583333333328
2023-03-09 23:30:00,81.11716666666668,14.44045833333334
2023-03-10 00:00:00,80.70472222222223,10.76333333333335
2023-03-10 00:30:00,80.25561111111111,7.217833333333317
2023-03-10 01:00:00,80.43677777777778,6.250833333333333
2023-03-10 01:30:00,80.68083333333333,5.522791666666649
2023-03-10 02:00:00,80.52744444444444,6.092666666666659
2023-03-10 02:30:00,80.64805555555556,5.583749999999995
2023-03-10 03:00:00,81.29944444444443,6.22279166666668
2023-03-10 03:30:00,81.62466666666667,6.68795833333337
2023-03-10 04:00:00,81.49844444444444,4.604791666666657
2023-03-10 04:30:00,80.90316666666666,3.663083333333333
2023-03-10 05:00:00,80.56861111111111,3.0256666666666803
2023-03-10 05:30:00,80.61961111111111,3.6044166666666655
2023-03-10 06:00:00,79.80361111111112,2.9512499999999875
2023-03-10 06:30:00,78.84155555555556,3.1298333333333233
2023-03-10 07:00:00,77.99894444444445,2.049833333333339
2023-03-10 07:30:00,77.55611111111112,3.638958333333335
2023-03-10 08:00:00,75.76811111111111,8.736458333333331
2023-03-10 08:30:00,74.69372222222222,9.080083333333334
2023-03-10 09:00:00,75.97894444444445,8.00129166666666
2023-03-10 09:30:00,75.8655,7.370291666666674
2023-03-10 10:00:00,73.20966666666666,9.495833333333337
2023-03-10 10:30:00,69.66583333333334,13.724541666666667
2023-03-10 11:00:00,68.63744444444444,18.225750000000012
2023-03-10 11:30:00,68.51488888888889,15.142624999999995
2023-03-10 12:00:00,65.0765,15.817958333333316
2023-03-10 12:30:00,63.286,19.25991666666667
2023-03-10 13:00:00,60.86433333333333,21.900458333333333
2023-03-10 13:30:00,61.43427777777779,17.57050000000001
2023-03-10 14:00:00,63.61111111111111,19.11437499999999
2023-03-10 14:30:00,64.43616666666667,14.042458333333336
2023-03-10 15:00:00,63.94394444444445,14.37100000000001
2023-03-10 15:30:00,64.50555555555556,10.335208333333327
2023-03-10 16:00:00,67.39055555555555,5.816250000000011
2023-03-10 16:30:00,70.11805555555556,4.089749999999981
2023-03-10 17:00:00,73.11405555555557,6.141708333333355
2023-03-10 17:30:00,75.82238888888888,5.5745000000000005
2023-03-10 18:00:00,78.43166666666667,4.529416666666663
2023-03-10 18:30:00,79.99322222222222,4.632333333333349
2023-03-10 19:00:00,81.47916666666667,4.921833333333339
2023-03-10 19:30:00,83.00788888888889,4.187125000000023
2023-03-10 20:00:00,83.68322222222223,3.3531666666666666
2023-03-10 20:30:00,84.68477777777777,3.549750000000003
2023-03-10 21:00:00,85.30511111111112,3.7309999999999803
2023-03-10 21:30:00,86.49777777777778,4.908958333333317
2023-03-10 22:00:00,87.05505555555555,4.133624999999981
2023-03-10 22:30:00,87.78766666666665,5.3812500000000085
2023-03-10 23:00:00,89.04327777777776,6.6273333333333255
2023-03-10 23:30:00,89.83183333333334,7.638833333333338
2023-03-11 00:00:00,89.78833333333334,7.351541666666662
2023-03-11 00:30:00,89.95366666666666,7.474541666666681
2023-03-11 01:00:00,90.30466666666666,8.850999999999985
2023-03-11 01:30:00,90.91977777777777,8.537750000000031
2023-03-11 02:00:00,91.49672222222222,8.236625000000004
2023-03-11 02:30:00,92.17755555555554,8.229375000000019
2023-03-11 03:00:00,92.36122222222222,8.7045416666667
2023-03-11 03:30:00,92.91438888888888,8.405666666666662
2023-03-11 04:00:00,92.95311111111111,8.232500000000002
2023-03-11 04:30:00,92.96761111111111,7.472875000000002
2023-03-11 05:00:00,92.85855555555555,7.6097916666666805
2023-03-11 05:30:00,93.55172222222222,8.021791666666672
2023-03-11 06:00:00,93.70366666666666,8.115208333333328
2023-03-11 06:30:00,93.41972222222222,7.523500000000027
2023-03-11 07:00:00,90.7311111111111,4.369041666666661
2023-03-11 07:30:00,84.83977777777777,10.756291666666684
2023-03-11 08:00:00,79.66538888888888,15.058624999999992
2023-03-11 08:30:00,73.63900000000001,16.43145833333331
2023-03-11 09:00:00,67.60738888888888,21.110958333333336
2023-03-11 09:30:00,65.40744444444444,22.800166666666662
2023-03-11 10:00:00,64.40444444444444,23.536958333333324
2023-03-11 10:30:00,61.280111111111104,27.544166666666648
2023-03-11 11:00:00,58.566111111111105,27.01812499999999
2023-03-11 11:30:00,58.657888888888884,22.484124999999977
2023-03-11 12:00:00,59.55805555555555,24.297374999999988
2023-03-11 12:30:00,61.663444444444444,23.445625000000007
2023-03-11 13:00:00,62.3185,22.826708333333315
2023-03-11 13:30:00,63.20438888888889,22.502541666666666
2023-03-11 14:00:00,63.081666666666656,22.05120833333332
2023-03-11 14:30:00,62.71877777777778,20.46516666666667
2023-03-11 15:00:00,64.17477777777778,20.131750000000004
2023-03-11 15:30:00,65.61916666666666,19.788208333333337
2023-03-11 16:00:00,67.62188888888888,15.582124999999984
2023-03-11 16:30:00,73.45038888888888,8.9585
2023-03-11 17:00:00,75.81283333333333,9.072666666666649
2023-03-11 17:30:00,77.94783333333332,6.473208333333332
2023-03-11 18:00:00,79.18755555555555,6.026583333333335
2023-03-11 18:30:00,79.42505555555555,3.3160416666666492
2023-03-11 19:00:00,79.12177777777778,4.944083333333339
2023-03-11 19:30:00,78.97683333333333,4.337208333333322
2023-03-11 20:00:00,79.71344444444445,3.5154999999999887
2023-03-11 20:30:00,80.19122222222221,7.7245833333333
2023-03-11 21:00:00,79.68033333333334,8.286374999999992
2023-03-11 21:30:00,79.96894444444445,6.881249999999994
2023-03-11 22:00:00,77.66522222222223,6.165374999999997
2023-03-11 22:30:00,76.95438888888889,5.061333333333337
2023-03-11 23:00:00,77.37972222222221,5.147958333333335
2023-03-11 23:30:00,77.31744444444443,4.616249999999994
2023-03-12 00:00:00,76.40144444444444,5.422958333333327
2023-03-12 00:30:00,76.04644444444443,6.207541666666657
2023-03-12 01:00:00,76.2506111111111,4.366666666666674
2023-03-12 01:30:00,76.76277777777777,3.8910416666666663
2023-03-12 02:00:00,76.78777777777778,2.927625000000006
2023-03-12 02:30:00,76.60877777777777,2.9492500000000064
2023-03-12 03:00:00,76.88988888888889,3.8675416666666678
2023-03-12 03:30:00,77.02977777777778,2.1446249999999907
2023-03-12 04:00:00,76.69927777777777,2.264416666666662
2023-03-12 04:30:00,76.32466666666667,1.9409166666666522
2023-03-12 05:00:00,77.12016666666666,1.9732083333333321
2023-03-12 05:30:00,78.12422222222222,4.221833333333322
2023-03-12 06:00:00,79.05994444444445,5.066249999999997
2023-03-12 06:30:00,78.88411111111111,5.535541666666688
2023-03-12 07:00:00,77.6003888888889,5.657250000000005
2023-03-12 07:30:00,74.69994444444444,5.355916666666658
2023-03-12 08:00:00,70.36566666666666,10.782958333333326
2023-03-12 08:30:00,69.68133333333334,14.613083333333329
2023-03-12 09:00:00,70.47638888888889,14.342333333333343
2023-03-12 09:30:00,68.63672222222222,13.423666666666676
2023-03-12 10:00:00,64.99405555555556,18.268249999999995
2023-03-12 10:30:00,62.97411111111111,18.171791666666664
2023-03-12 11:00:00,61.7005,17.015749999999997
2023-03-12 11:30:00,62.23022222222223,17.775916666666653
2023-03-12 12:00:00,65.3346111111111,15.264125000000007
2023-03-12 12:30:00,69.90166666666666,10.068708333333333
2023-03-12 13:00:00,72.32944444444445,8.444208333333336
2023-03-12 13:30:00,72.92288888888889,8.532791666666668
2023-03-12 14:00:00,74.47877777777778,10.15100000000001
2023-03-12 14:30:00,75.64633333333333,9.95204166666666
2023-03-12 15:00:00,76.45922222222222,10.262416666666667
2023-03-12 15:30:00,75.75483333333334,9.530083333333323
2023-03-12 16:00:00,75.47316666666666,9.889874999999975
2023-03-12 16:30:00,75.21372222222222,9.976500000000001
2023-03-12 17:00:00,74.35844444444444,13.179958333333332
2023-03-12 17:30:00,74.43194444444445,12.393458333333314
2023-03-12 18:00:00,75.88944444444444,11.44841666666666
2023-03-12 18:30:00,76.21588888888888,10.85766666666666
2023-03-12 19:00:00,75.80866666666667,11.42616666666666
2023-03-12 19:30:00,76.25161111111112,11.882458333333332
2023-03-12 20:00:00,76.30577777777779,10.312416666666692
2023-03-12 20:30:00,75.8673888888889,8.754000000000019
2023-03-12 21:00:00,75.89800000000001,7.144750000000002
2023-03-12 21:30:00,76.71111111111111,6.250375000000005
2023-03-12 22:00:00,77.66227777777777,5.8312916666666865
2023-03-12 22:30:00,79.58255555555554,6.294999999999973
2023-03-12 23:00:00,80.41472222222222,6.119916666666654
2023-03-12 23:30:00,81.4695,4.492166666666677
2023-03-13 00:00:00,82.52238888888888,6.128583333333353
2023-03-13 00:30:00,84.2661111111111,7.461416666666665
2023-03-13 01:00:00,85.13833333333334,7.432583333333341
2023-03-13 01:30:00,86.42872222222222,10.669833333333344
2023-03-13 02:00:00,87.09683333333334,10.568749999999994
2023-03-13 02:30:00,87.06172222222223,9.029583333333335
2023-03-13 03:00:00,86.40227777777777,6.377624999999981
2023-03-13 03:30:00,86.0076111111111,7.349749999999986
2023-03-13 04:00:00,86.27727777777778,8.946041666666659
2023-03-13 04:30:00,86.29788888888889,9.55745833333333
2023-03-13 05:00:00,86.67294444444444,10.44245833333332
2023-03-13 05:30:00,86.56916666666666,10.15854166666665
2023-03-13 06:00:00,86.24405555555556,9.383791666666639
2023-03-13 06:30:00,84.3205,5.627875000000003
2023-03-13 07:00:00,81.3261111111111,3.97683333333336
2023-03-13 07:30:00,80.20261111111111,3.483958333333362
2023-03-13 08:00:00,75.26033333333334,9.370500000000007
2023-03-13 08:30:00,68.96511111111111,16.00179166666667
2023-03-13 09:00:00,68.88,12.453250000000004
2023-03-13 09:30:00,67.68149999999999,11.569000000000003
2023-03-13 10:00:00,64.69919999999999,14.078033333333323
2023-03-13 10:30:00,61.94593333333332,18.45026666666665
2023-03-13 11:00:00,61.29973333333332,21.71406666666666
2023-03-13 11:30:00,60.91133333333333,23.31393333333331
2023-03-13 12:00:00,59.97313333333333,22.437633333333316
2023-03-13 12:30:00,57.214200000000005,30.364233333333324
2023-03-13 13:00:00,57.568200000000004,31.382666666666665
2023-03-13 13:30:00,59.353199999999994,28.90933333333333
2023-03-13 14:00:00,59.93413333333333,27.512100000000004
2023-03-13 14:30:00,61.22059999999999,25.42000000000001
2023-03-13 15:00:00,62.47566666666667,23.122999999999998
2023-03-13 15:30:00,64.62186666666666,19.872099999999982
2023-03-13 16:00:00,67.1284,16.897799999999975
2023-03-13 16:30:00,67.36393333333334,18.732266666666668
2023-03-13 17:00:00,69.47013333333334,15.260266666666666
2023-03-13 17:30:00,72.93826666666666,10.025966666666662
2023-03-13 18:00:00,76.4822,6.406800000000018
2023-03-13 18:30:00,78.38040000000001,4.827500000000001
2023-03-13 19:00:00,79.13806666666667,3.6122000000000014
2023-03-13 19:30:00,79.70893333333333,3.706466666666671
2023-03-13 20:00:00,79.81513333333332,2.620833333333337
2023-03-13 20:30:00,80.6276,4.340466666666671
2023-03-13 21:00:00,81.49993333333335,4.2898
2023-03-13 21:30:00,82.37713333333333,3.79676666666667
2023-03-13 22:00:00,82.94493333333334,3.3122666666666873
2023-03-13 22:30:00,83.22866666666667,2.8984666666666925
2023-03-13 23:00:00,83.41433333333332,3.6732999999999976
2023-03-13 23:30:00,84.27766666666666,4.128433333333348
2023-03-14 00:00:00,84.5528,4.185666666666663
2023-03-14 00:30:00,85.46440000000001,4.3833333333333115
2023-03-14 01:00:00,85.81660000000002,3.7752333333333183
2023-03-14 01:30:00,86.32693333333334,3.375066666666669
2023-03-14 02:00:00,86.49946666666668,4.308066666666647
2023-03-14 02:30:00,87.1528,4.821766666666647
2023-03-14 03:00:00,87.21733333333334,4.489433333333338
2023-03-14 03:30:00,87.44833333333332,4.004966666666675
2023-03-14 04:00:00,87.62566666666666,4.446966666666654
2023-03-14 04:30:00,88.10593333333334,4.285799999999995
2023-03-14 05:00:00,88.55373333333333,4.433300000000003
2023-03-14 05:30:00,88.6534,4.50033333333333
2023-03-14 06:00:00,88.5558,4.72920000000002
2023-03-14 06:30:00,88.002,3.314166666666651
2023-03-14 07:00:00,83.65180000000001,5.896166666666659
2023-03-14 07:30:00,77.93293333333334,10.877099999999999
2023-03-14 08:00:00,73.75586666666666,13.051933333333352
2023-03-14 08:30:00,72.5036,10.452999999999989
2023-03-14 09:00:00,70.4728,9.981733333333324
2023-03-14 09:30:00,68.12633333333333,10.111599999999996
2023-03-14 10:00:00,64.97653333333332,15.81323333333333
2023-03-14 10:30:00,62.761666666666656,19.824233333333318
2023-03-14 11:00:00,62.548733333333324,19.760399999999976
2023-03-14 11:30:00,61.31426666666666,20.420533333333317
2023-03-14 12:00:00,60.702266666666674,25.560566666666638
2023-03-14 12:30:00,61.77033333333334,22.96859999999998
2023-03-14 13:00:00,61.564133333333324,22.608033333333324
2023-03-14 13:30:00,61.3694,18.019233333333325
2023-03-14 14:00:00,60.595000000000006,20.542466666666655
2023-03-14 14:30:00,62.389599999999994,16.521633333333327
2023-03-14 15:00:00,63.470000000000006,17.88526666666668
2023-03-14 15:30:00,66.41026666666667,15.11473333333334
2023-03-14 16:00:00,71.81566666666666,8.844966666666679
2023-03-14 16:30:00,73.83253333333333,7.005833333333314
2023-03-14 17:00:00,75.1706,5.8726666666666745
2023-03-14 17:30:00,76.55806666666668,6.2494000000000085
2023-03-14 18:00:00,77.65706666666668,4.521000000000001
2023-03-14 18:30:00,77.71593333333334,4.988966666666656
2023-03-14 19:00:00,77.63593333333333,5.170533333333324
2023-03-14 19:30:00,77.32066666666667,4.257299999999972
2023-03-14 20:00:00,77.68486666666666,4.16076666666666
2023-03-14 20:30:00,78.22113333333334,4.9299333333333095
2023-03-14 21:00:00,79.0632,3.5671666666666653
2023-03-14 21:30:00,80.06379999999999,3.021566666666672
2023-03-14 22:00:00,80.74826666666665,2.461666666666659
2023-03-14 22:30:00,80.6414,2.6017000000000223
2023-03-14 23:00:00,80.6382,2.3730333333333533
2023-03-14 23:30:00,81.31766666666667,2.1831000000000245
2023-03-15 00:00:00,81.50286666666668,2.860500000000002
2023-03-15 00:30:00,81.89073333333333,3.4106333333333367
2023-03-15 01:00:00,82.95900000000002,3.4502999999999986
2023-03-15 01:30:00,83.92693333333332,4.797866666666678
2023-03-15 02:00:00,84.69806666666668,5.405566666666658
2023-03-15 02:30:00,85.26186666666666,5.397200000000012
2023-03-15 03:00:00,85.91253333333334,4.735600000000019
2023-03-15 03:30:00,86.263,4.883866666666648
2023-03-15 04:00:00,86.66793333333334,4.680466666666646
2023-03-15 04:30:00,86.91053333333335,4.985433333333319
2023-03-15 05:00:00,87.21306666666666,4.795266666666677
2023-03-15 05:30:00,87.625,4.9328333333333205
2023-03-15 06:00:00,88.05600000000001,4.783066666666656
2023-03-15 06:30:00,87.50646666666667,4.7287000000000035
2023-03-15 07:00:00,83.4664,6.747433333333333
2023-03-15 07:30:00,78.12766666666667,10.227500000000006
2023-03-15 08:00:00,73.38306666666666,15.574633333333338
2023-03-15 08:30:00,69.9846,18.47733333333334
2023-03-15 09:00:00,68.00966666666666,17.20033333333332
2023-03-15 09:30:00,68.34306666666666,13.351066666666668
2023-03-15 10:00:00,65.17746666666667,19.526599999999995
2023-03-15 10:30:00,63.93693333333334,22.501133333333335
2023-03-15 11:00:00,62.42406666666666,22.244800000000005
2023-03-15 11:30:00,63.63453333333333,20.745866666666664
2023-03-15 12:00:00,62.16793333333334,24.756199999999986
2023-03-15 12:30:00,61.830533333333335,24.359966666666665
2023-03-15 13:00:00,61.7702,24.79599999999997
2023-03-15 13:30:00,61.63386666666666,27.421666666666646
2023-03-15 14:00:00,61.566933333333324,26.54616666666665
2023-03-15 14:30:00,64.03986666666667,24.86513333333332
2023-03-15 15:00:00,65.38346666666666,19.215833333333315
2023-03-15 15:30:00,65.47513333333333,15.183299999999988
2023-03-15 16:00:00,66.95046666666667,10.614866666666636
2023-03-15 16:30:00,67.29553333333334,10.97146666666665
2023-03-15 17:00:00,69.59973333333333,11.032666666666671
2023-03-15 17:30:00,73.85773333333334,9.96296666666666
2023-03-15 18:00:00,75.50186666666666,7.665833333333325
2023-03-15 18:30:00,76.56479999999999,6.557599999999994
2023-03-15 19:00:00,76.97206666666666,5.757533333333313
2023-03-15 19:30:00,77.26953333333333,5.603699999999989
2023-03-15 20:00:00,77.85926666666667,3.9354000000000156
2023-03-15 20:30:00,78.58513333333333,3.7295666666666563
2023-03-15 21:00:00,78.90979999999999,3.706633333333315
2023-03-15 21:30:00,79.03126666666667,3.270533333333347
2023-03-15 22:00:00,79.4606,3.059966666666668
2023-03-15 22:30:00,79.9318,3.933333333333337
2023-03-15 23:00:00,80.0,3.7874333333333254
2023-03-15 23:30:00,81.07166666666667,4.444566666666688
2023-03-16 00:00:00,81.5336,4.158666666666662
2023-03-16 00:30:00,82.1462,4.308366666666672
2023-03-16 01:00:00,82.62833333333333,5.374666666666684
2023-03-16 01:30:00,83.33206666666666,5.015233333333342
2023-03-16 02:00:00,83.72373333333334,5.514700000000005
2023-03-16 02:30:00,83.89253333333333,5.546933333333314
2023-03-16 03:00:00,84.63019999999999,5.240499999999997
2023-03-16 03:30:00,85.25366666666666,5.750700000000009
2023-03-16 04:00:00,85.73153333333333,6.677700000000016
2023-03-16 04:30:00,86.24673333333332,6.198633333333333
2023-03-16 05:00:00,86.58793333333332,5.864199999999997
2023-03-16 05:30:00,86.89693333333335,5.3552999999999855
2023-03-16 06:00:00,87.20693333333334,5.563866666666655
2023-03-16 06:30:00,86.51500000000001,4.631866666666667
2023-03-16 07:00:00,84.18393333333333,4.727833333333336
2023-03-16 07:30:00,78.46406666666667,9.007366666666655
2023-03-16 08:00:00,73.957,12.988299999999995
2023-03-16 08:30:00,69.36306666666667,16.2376
2023-03-16 09:00:00,67.66666666666666,16.267400000000002
2023-03-16 09:30:00,66.78040000000001,14.710966666666671
2023-03-16 10:00:00,64.38306666666668,16.685199999999995
2023-03-16 10:30:00,62.201066666666655,20.621199999999973
2023-03-16 11:00:00,60.29093333333333,23.976066666666654
2023-03-16 11:30:00,60.069399999999995,22.35096666666665
2023-03-16 12:00:00,60.45593333333333,26.04343333333332
2023-03-16 12:30:00,60.924800000000005,23.496666666666677
2023-03-16 13:00:00,60.144333333333336,25.718566666666653
2023-03-16 13:30:00,59.82286666666666,27.85843333333333
2023-03-16 14:00:00,60.66093333333333,28.80679999999999
2023-03-16 14:30:00,61.93166666666666,27.6253333333333
2023-03-16 15:00:00,63.28326666666667,26.37446666666667
2023-03-16 15:30:00,66.61586666666668,24.364666666666665
2023-03-16 16:00:00,67.038,20.752566666666674
2023-03-16 16:30:00,68.73706666666666,19.321699999999993
2023-03-16 17:00:00,71.27406666666667,15.765766666666657
2023-03-16 17:30:00,74.26173333333332,11.317400000000006
2023-03-16 18:00:00,75.67979999999999,8.341466666666662
2023-03-16 18:30:00,77.49193333333332,5.508766666666659
2023-03-16 19:00:00,78.89113333333333,5.821466666666652
2023-03-16 19:30:00,79.7714,3.211833333333331
2023-03-16 20:00:00,79.7704,2.9672666666666743
2023-03-16 20:30:00,80.10306666666665,3.433566666666664
2023-03-16 21:00:00,78.30933333333333,8.615200000000002
2023-03-16 21:30:00,81.04326666666665,11.60323333333335
2023-03-16 22:00:00,89.05613333333335,11.543466666666689
2023-03-16 22:30:00,89.92286666666665,7.429833333333335
2023-03-16 23:00:00,91.0752,6.290466666666703
2023-03-16 23:30:00,91.40873333333334,5.601100000000002
2023-03-17 00:00:00,91.58193333333334,4.488733333333343
2023-03-17 00:30:00,90.3102,0.9791333333333228
2023-03-17 01:00:00,90.35266666666666,2.7039666666666733
2023-03-17 01:30:00,90.15,3.454833333333312
2023-03-17 02:00:00,89.9192,4.399766666666665
2023-03-17 02:30:00,88.84700000000001,4.991233333333341
2023-03-17 03:00:00,87.64320000000001,6.515633333333355
2023-03-17 03:30:00,87.58746666666667,6.32289999999999
2023-03-17 04:00:00,88.13926666666666,4.9809333333333115
2023-03-17 04:30:00,87.74860000000001,3.5933999999999884
2023-03-17 05:00:00,87.68980000000002,2.8800000000000097
2023-03-17 05:30:00,87.48946666666667,2.8149000000000086
2023-03-17 06:00:00,88.27426666666666,4.53279999999998
2023-03-17 06:30:00,88.18153333333333,4.6191333333333375
2023-03-17 07:00:00,84.72846666666666,6.770900000000012
2023-03-17 07:30:00,79.86093333333334,12.616399999999985
2023-03-17 08:00:00,78.42175,9.62904166666668
2023-03-17 08:30:00,75.30191666666667,9.201841666666667
2023-03-17 09:00:00,75.28972222222221,7.2722499999999854
2023-03-17 09:30:00,71.01750000000001,9.105749999999986
2023-03-17 10:00:00,63.65099999999999,0.0
2023-03-17 10:30:00,61.8545,0.0
2023-03-17 11:00:00,,
2023-03-17 11:30:00,,
2023-03-17 12:00:00,,
2023-03-17 12:30:00,,
2023-03-17 13:00:00,,
2023-03-17 13:30:00,,
2023-03-17 14:00:00,,
2023-03-17 14:30:00,,
2023-03-17 15:00:00,,
2023-03-17 15:30:00,,
2023-03-17 16:00:00,,
2023-03-17 16:30:00,,
2023-03-17 17:00:00,,
2023-03-17 17:30:00,,
2023-03-17 18:00:00,,
2023-03-17 18:30:00,,
2023-03-17 19:00:00,,
2023-03-17 19:30:00,,
2023-03-17 20:00:00,,
2023-03-17 20:30:00,,
2023-03-17 21:00:00,,
2023-03-17 21:30:00,,
2023-03-17 22:00:00,,
2023-03-17 22:30:00,,
2023-03-17 23:00:00,,
2023-03-17 23:30:00,,
2023-03-18 00:00:00,,
2023-03-18 00:30:00,,
2023-03-18 01:00:00,,
2023-03-18 01:30:00,,
2023-03-18 02:00:00,,
2023-03-18 02:30:00,,
2023-03-18 03:00:00,,
2023-03-18 03:30:00,,
2023-03-18 04:00:00,,
2023-03-18 04:30:00,,
2023-03-18 05:00:00,,
2023-03-18 05:30:00,,
2023-03-18 06:00:00,,
2023-03-18 06:30:00,,
2023-03-18 07:00:00,,
2023-03-18 07:30:00,,
2023-03-18 08:00:00,,
2023-03-18 08:30:00,,
2023-03-18 09:00:00,,
2023-03-18 09:30:00,,
2023-03-18 10:00:00,,
2023-03-18 10:30:00,,
2023-03-18 11:00:00,,
2023-03-18 11:30:00,,
2023-03-18 12:00:00,,
2023-03-18 12:30:00,,
2023-03-18 13:00:00,,
2023-03-18 13:30:00,,
2023-03-18 14:00:00,,
2023-03-18 14:30:00,,
2023-03-18 15:00:00,,
2023-03-18 15:30:00,,
2023-03-18 16:00:00,,
2023-03-18 16:30:00,,
2023-03-18 17:00:00,,
2023-03-18 17:30:00,,
2023-03-18 18:00:00,,
2023-03-18 18:30:00,,
2023-03-18 19:00:00,,
2023-03-18 19:30:00,,
2023-03-18 20:00:00,,
2023-03-18 20:30:00,,
2023-03-18 21:00:00,,
2023-03-18 21:30:00,,
2023-03-18 22:00:00,,
2023-03-18 22:30:00,,
2023-03-18 23:00:00,,
2023-03-18 23:30:00,,
2023-03-19 00:00:00,,
2023-03-19 00:30:00,,
2023-03-19 01:00:00,,
2023-03-19 01:30:00,,
2023-03-19 02:00:00,,
2023-03-19 02:30:00,,
2023-03-19 03:00:00,,
2023-03-19 03:30:00,,
2023-03-19 04:00:00,,
2023-03-19 04:30:00,,
2023-03-19 05:00:00,,
2023-03-19 05:30:00,,
2023-03-19 06:00:00,,
2023-03-19 06:30:00,,
2023-03-19 07:00:00,,
2023-03-19 07:30:00,,
2023-03-19 08:00:00,,
2023-03-19 08:30:00,,
2023-03-19 09:00:00,,
2023-03-19 09:30:00,,
2023-03-19 10:00:00,,
2023-03-19 10:30:00,,
2023-03-19 11:00:00,,
2023-03-19 11:30:00,,
2023-03-19 12:00:00,,
2023-03-19 12:30:00,,
2023-03-19 13:00:00,,
2023-03-19 13:30:00,,
2023-03-19 14:00:00,,
2023-03-19 14:30:00,,
2023-03-19 15:00:00,,
2023-03-19 15:30:00,,
2023-03-19 16:00:00,,
2023-03-19 16:30:00,,
2023-03-19 17:00:00,,
2023-03-19 17:30:00,,
2023-03-19 18:00:00,,
2023-03-19 18:30:00,,
2023-03-19 19:00:00,,
2023-03-19 19:30:00,,
2023-03-19 20:00:00,,
2023-03-19 20:30:00,,
2023-03-19 21:00:00,,
2023-03-19 21:30:00,,
2023-03-19 22:00:00,,
2023-03-19 22:30:00,,
2023-03-19 23:00:00,,
2023-03-19 23:30:00,,
2023-03-20 00:00:00,,
2023-03-20 00:30:00,,
2023-03-20 01:00:00,,
2023-03-20 01:30:00,,
2023-03-20 02:00:00,,
2023-03-20 02:30:00,,
2023-03-20 03:00:00,,
2023-03-20 03:30:00,,
2023-03-20 04:00:00,,
2023-03-20 04:30:00,,
2023-03-20 05:00:00,,
2023-03-20 05:30:00,,
2023-03-20 06:00:00,,
2023-03-20 06:30:00,,
2023-03-20 07:00:00,,
2023-03-20 07:30:00,,
2023-03-20 08:00:00,,
2023-03-20 08:30:00,,
2023-03-20 09:00:00,,
2023-03-20 09:30:00,,
2023-03-20 10:00:00,,
2023-03-20 10:30:00,,
2023-03-20 11:00:00,,
2023-03-20 11:30:00,,
2023-03-20 12:00:00,,
2023-03-20 12:30:00,,
2023-03-20 13:00:00,,
2023-03-20 13:30:00,,
2023-03-20 14:00:00,,
2023-03-20 14:30:00,,
2023-03-20 15:00:00,,
2023-03-20 15:30:00,,
2023-03-20 16:00:00,,
2023-03-20 16:30:00,,
2023-03-20 17:00:00,,
2023-03-20 17:30:00,,
2023-03-20 18:00:00,,
2023-03-20 18:30:00,,
2023-03-20 19:00:00,,
2023-03-20 19:30:00,,
2023-03-20 20:00:00,,
2023-03-20 20:30:00,,
2023-03-20 21:00:00,,
2023-03-20 21:30:00,,
2023-03-20 22:00:00,,
2023-03-20 22:30:00,,
2023-03-20 23:00:00,,
2023-03-20 23:30:00,,
2023-03-21 00:00:00,,
2023-03-21 00:30:00,,
2023-03-21 01:00:00,,
2023-03-21 01:30:00,,
2023-03-21 02:00:00,,
2023-03-21 02:30:00,,
2023-03-21 03:00:00,,
2023-03-21 03:30:00,,
2023-03-21 04:00:00,,
2023-03-21 04:30:00,,
2023-03-21 05:00:00,,
2023-03-21 05:30:00,,
2023-03-21 06:00:00,,
2023-03-21 06:30:00,,
2023-03-21 07:00:00,,
2023-03-21 07:30:00,,
2023-03-21 08:00:00,,
2023-03-21 08:30:00,,
2023-03-21 09:00:00,,
2023-03-21 09:30:00,,
2023-03-21 10:00:00,,
2023-03-21 10:30:00,,
2023-03-21 11:00:00,,
2023-03-21 11:30:00,,
2023-03-21 12:00:00,,
2023-03-21 12:30:00,,
2023-03-21 13:00:00,,
2023-03-21 13:30:00,,
2023-03-21 14:00:00,,
2023-03-21 14:30:00,,
2023-03-21 15:00:00,,
2023-03-21 15:30:00,,
2023-03-21 16:00:00,,
2023-03-21 16:30:00,,
2023-03-21 17:00:00,,
2023-03-21 17:30:00,,
2023-03-21 18:00:00,,
2023-03-21 18:30:00,,
2023-03-21 19:00:00,,
2023-03-21 19:30:00,,
2023-03-21 20:00:00,,
2023-03-21 20:30:00,,
2023-03-21 21:00:00,,
2023-03-21 21:30:00,,
2023-03-21 22:00:00,,
2023-03-21 22:30:00,,
2023-03-21 23:00:00,,
2023-03-21 23:30:00,,
2023-03-22 00:00:00,,
2023-03-22 00:30:00,,
2023-03-22 01:00:00,,
2023-03-22 01:30:00,,
2023-03-22 02:00:00,,
2023-03-22 02:30:00,,
2023-03-22 03:00:00,,
2023-03-22 03:30:00,,
2023-03-22 04:00:00,,
2023-03-22 04:30:00,,
2023-03-22 05:00:00,,
2023-03-22 05:30:00,,
2023-03-22 06:00:00,,
2023-03-22 06:30:00,,
2023-03-22 07:00:00,,
2023-03-22 07:30:00,,
2023-03-22 08:00:00,,
2023-03-22 08:30:00,,
2023-03-22 09:00:00,,
2023-03-22 09:30:00,,
2023-03-22 10:00:00,,
2023-03-22 10:30:00,,
2023-03-22 11:00:00,,
2023-03-22 11:30:00,,
2023-03-22 12:00:00,,
2023-03-22 12:30:00,,
2023-03-22 13:00:00,,
2023-03-22 13:30:00,,
2023-03-22 14:00:00,,
2023-03-22 14:30:00,,
2023-03-22 15:00:00,,
2023-03-22 15:30:00,,
2023-03-22 16:00:00,,
2023-03-22 16:30:00,,
2023-03-22 17:00:00,,
2023-03-22 17:30:00,,
2023-03-22 18:00:00,,
2023-03-22 18:30:00,,
2023-03-22 19:00:00,,
2023-03-22 19:30:00,,
2023-03-22 20:00:00,,
2023-03-22 20:30:00,,
2023-03-22 21:00:00,,
2023-03-22 21:30:00,,
2023-03-22 22:00:00,,
2023-03-22 22:30:00,,
2023-03-22 23:00:00,,
2023-03-22 23:30:00,,
2023-03-23 00:00:00,,
2023-03-23 00:30:00,,
2023-03-23 01:00:00,,
2023-03-23 01:30:00,,
2023-03-23 02:00:00,,
2023-03-23 02:30:00,,
2023-03-23 03:00:00,,
2023-03-23 03:30:00,,
2023-03-23 04:00:00,,
2023-03-23 04:30:00,,
2023-03-23 05:00:00,,
2023-03-23 05:30:00,,
2023-03-23 06:00:00,,
2023-03-23 06:30:00,,
2023-03-23 07:00:00,,
2023-03-23 07:30:00,,
2023-03-23 08:00:00,,
2023-03-23 08:30:00,,
2023-03-23 09:00:00,,
2023-03-23 09:30:00,,
2023-03-23 10:00:00,,
2023-03-23 10:30:00,,
2023-03-23 11:00:00,,
2023-03-23 11:30:00,,
2023-03-23 12:00:00,,
2023-03-23 12:30:00,,
2023-03-23 13:00:00,,
2023-03-23 13:30:00,,
2023-03-23 14:00:00,,
2023-03-23 14:30:00,,
2023-03-23 15:00:00,,
2023-03-23 15:30:00,,
2023-03-23 16:00:00,,
2023-03-23 16:30:00,,
2023-03-23 17:00:00,,
2023-03-23 17:30:00,,
2023-03-23 18:00:00,,
2023-03-23 18:30:00,,
2023-03-23 19:00:00,,
2023-03-23 19:30:00,,
2023-03-23 20:00:00,,
2023-03-23 20:30:00,,
2023-03-23 21:00:00,,
2023-03-23 21:30:00,,
2023-03-23 22:00:00,,
2023-03-23 22:30:00,,
2023-03-23 23:00:00,,
2023-03-23 23:30:00,,
2023-03-24 00:00:00,,
2023-03-24 00:30:00,,
2023-03-24 01:00:00,,
2023-03-24 01:30:00,,
2023-03-24 02:00:00,,
2023-03-24 02:30:00,,
2023-03-24 03:00:00,,
2023-03-24 03:30:00,,
2023-03-24 04:00:00,,
2023-03-24 04:30:00,,
2023-03-24 05:00:00,,
2023-03-24 05:30:00,,
2023-03-24 06:00:00,,
2023-03-24 06:30:00,,
2023-03-24 07:00:00,,
2023-03-24 07:30:00,,
2023-03-24 08:00:00,,
2023-03-24 08:30:00,,
2023-03-24 09:00:00,,
2023-03-24 09:30:00,,
2023-03-24 10:00:00,,
2023-03-24 10:30:00,,
2023-03-24 11:00:00,,
2023-03-24 11:30:00,,
2023-03-24 12:00:00,,
2023-03-24 12:30:00,,
2023-03-24 13:00:00,,
2023-03-24 13:30:00,,
2023-03-24 14:00:00,,
2023-03-24 14:30:00,,
2023-03-24 15:00:00,,
2023-03-24 15:30:00,,
2023-03-24 16:00:00,,
2023-03-24 16:30:00,,
2023-03-24 17:00:00,,
2023-03-24 17:30:00,,
2023-03-24 18:00:00,,
2023-03-24 18:30:00,,
2023-03-24 19:00:00,,
2023-03-24 19:30:00,,
2023-03-24 20:00:00,,
2023-03-24 20:30:00,,
2023-03-24 21:00:00,,
2023-03-24 21:30:00,,
2023-03-24 22:00:00,,
2023-03-24 22:30:00,,
2023-03-24 23:00:00,,
2023-03-24 23:30:00,,
2023-03-25 00:00:00,,
2023-03-25 00:30:00,,
2023-03-25 01:00:00,,
2023-03-25 01:30:00,,
2023-03-25 02:00:00,,
2023-03-25 02:30:00,,
2023-03-25 03:00:00,,
2023-03-25 03:30:00,,
2023-03-25 04:00:00,,
2023-03-25 04:30:00,,
2023-03-25 05:00:00,,
2023-03-25 05:30:00,,
2023-03-25 06:00:00,,
2023-03-25 06:30:00,,
2023-03-25 07:00:00,,
2023-03-25 07:30:00,,
2023-03-25 08:00:00,,
2023-03-25 08:30:00,,
2023-03-25 09:00:00,,
2023-03-25 09:30:00,,
2023-03-25 10:00:00,,
2023-03-25 10:30:00,,
2023-03-25 11:00:00,,
2023-03-25 11:30:00,,
2023-03-25 12:00:00,,
2023-03-25 12:30:00,,
2023-03-25 13:00:00,,
2023-03-25 13:30:00,,
2023-03-25 14:00:00,,
2023-03-25 14:30:00,,
2023-03-25 15:00:00,,
2023-03-25 15:30:00,,
2023-03-25 16:00:00,,
2023-03-25 16:30:00,,
2023-03-25 17:00:00,,
2023-03-25 17:30:00,,
2023-03-25 18:00:00,,
2023-03-25 18:30:00,,
2023-03-25 19:00:00,,
2023-03-25 19:30:00,,
2023-03-25 20:00:00,,
2023-03-25 20:30:00,,
2023-03-25 21:00:00,,
2023-03-25 21:30:00,,
2023-03-25 22:00:00,,
2023-03-25 22:30:00,,
2023-03-25 23:00:00,,
2023-03-25 23:30:00,,
2023-03-26 00:00:00,,
2023-03-26 00:30:00,,
2023-03-26 01:00:00,,
2023-03-26 01:30:00,,
2023-03-26 02:00:00,,
2023-03-26 02:30:00,,
2023-03-26 03:00:00,,
2023-03-26 03:30:00,,
2023-03-26 04:00:00,,
2023-03-26 04:30:00,,
2023-03-26 05:00:00,,
2023-03-26 05:30:00,,
2023-03-26 06:00:00,,
2023-03-26 06:30:00,,
2023-03-26 07:00:00,,
2023-03-26 07:30:00,,
2023-03-26 08:00:00,,
2023-03-26 08:30:00,,
2023-03-26 09:00:00,,
2023-03-26 09:30:00,,
2023-03-26 10:00:00,,
2023-03-26 10:30:00,,
2023-03-26 11:00:00,,
2023-03-26 11:30:00,,
2023-03-26 12:00:00,,
2023-03-26 12:30:00,,
2023-03-26 13:00:00,,
2023-03-26 13:30:00,,
2023-03-26 14:00:00,,
2023-03-26 14:30:00,,
2023-03-26 15:00:00,,
2023-03-26 15:30:00,,
2023-03-26 16:00:00,,
2023-03-26 16:30:00,,
2023-03-26 17:00:00,,
2023-03-26 17:30:00,,
2023-03-26 18:00:00,,
2023-03-26 18:30:00,,
2023-03-26 19:00:00,,
2023-03-26 19:30:00,,
2023-03-26 20:00:00,,
2023-03-26 20:30:00,,
2023-03-26 21:00:00,,
2023-03-26 21:30:00,,
2023-03-26 22:00:00,,
2023-03-26 22:30:00,,
2023-03-26 23:00:00,,
2023-03-26 23:30:00,,
2023-03-27 00:00:00,,
2023-03-27 00:30:00,,
2023-03-27 01:00:00,,
2023-03-27 01:30:00,,
2023-03-27 02:00:00,,
2023-03-27 02:30:00,,
2023-03-27 03:00:00,,
2023-03-27 03:30:00,,
2023-03-27 04:00:00,,
2023-03-27 04:30:00,,
2023-03-27 05:00:00,,
2023-03-27 05:30:00,,
2023-03-27 06:00:00,,
2023-03-27 06:30:00,,
2023-03-27 07:00:00,,
2023-03-27 07:30:00,,
2023-03-27 08:00:00,,
2023-03-27 08:30:00,,
2023-03-27 09:00:00,,
2023-03-27 09:30:00,,
2023-03-27 10:00:00,,
2023-03-27 10:30:00,,
2023-03-27 11:00:00,,
2023-03-27 11:30:00,,
2023-03-27 12:00:00,,
2023-03-27 12:30:00,,
2023-03-27 13:00:00,,
2023-03-27 13:30:00,,
2023-03-27 14:00:00,,
2023-03-27 14:30:00,,
2023-03-27 15:00:00,,
2023-03-27 15:30:00,,
2023-03-27 16:00:00,,
2023-03-27 16:30:00,,
2023-03-27 17:00:00,,
2023-03-27 17:30:00,,
2023-03-27 18:00:00,,
2023-03-27 18:30:00,,
2023-03-27 19:00:00,,
2023-03-27 19:30:00,,
2023-03-27 20:00:00,,
2023-03-27 20:30:00,,
2023-03-27 21:00:00,,
2023-03-27 21:30:00,,
2023-03-27 22:00:00,,
2023-03-27 22:30:00,,
2023-03-27 23:00:00,,
2023-03-27 23:30:00,,
2023-03-28 00:00:00,,
2023-03-28 00:30:00,,
2023-03-28 01:00:00,,
2023-03-28 01:30:00,,
2023-03-28 02:00:00,,
2023-03-28 02:30:00,,
2023-03-28 03:00:00,,
2023-03-28 03:30:00,,
2023-03-28 04:00:00,,
2023-03-28 04:30:00,,
2023-03-28 05:00:00,,
2023-03-28 05:30:00,,
2023-03-28 06:00:00,,
2023-03-28 06:30:00,,
2023-03-28 07:00:00,,
2023-03-28 07:30:00,,
2023-03-28 08:00:00,,
2023-03-28 08:30:00,,
2023-03-28 09:00:00,,
2023-03-28 09:30:00,,
2023-03-28 10:00:00,,
2023-03-28 10:30:00,,
2023-03-28 11:00:00,,
2023-03-28 11:30:00,,
2023-03-28 12:00:00,,
2023-03-28 12:30:00,,
2023-03-28 13:00:00,,
2023-03-28 13:30:00,,
2023-03-28 14:00:00,,
2023-03-28 14:30:00,,
2023-03-28 15:00:00,,
2023-03-28 15:30:00,,
2023-03-28 16:00:00,,
2023-03-28 16:30:00,,
2023-03-28 17:00:00,,
2023-03-28 17:30:00,,
2023-03-28 18:00:00,,
2023-03-28 18:30:00,,
2023-03-28 19:00:00,,
2023-03-28 19:30:00,,
2023-03-28 20:00:00,,
2023-03-28 20:30:00,,
2023-03-28 21:00:00,,
2023-03-28 21:30:00,,
2023-03-28 22:00:00,,
2023-03-28 22:30:00,,
2023-03-28 23:00:00,,
2023-03-28 23:30:00,,
2023-03-29 00:00:00,,
2023-03-29 00:30:00,,
2023-03-29 01:00:00,,
2023-03-29 01:30:00,,
2023-03-29 02:00:00,,
2023-03-29 02:30:00,,
2023-03-29 03:00:00,,
2023-03-29 03:30:00,,
2023-03-29 04:00:00,,
2023-03-29 04:30:00,,
2023-03-29 05:00:00,,
2023-03-29 05:30:00,,
2023-03-29 06:00:00,,
2023-03-29 06:30:00,,
2023-03-29 07:00:00,,
2023-03-29 07:30:00,,
2023-03-29 08:00:00,,
2023-03-29 08:30:00,,
2023-03-29 09:00:00,,
2023-03-29 09:30:00,,
2023-03-29 10:00:00,,
2023-03-29 10:30:00,,
2023-03-29 11:00:00,,
2023-03-29 11:30:00,,
2023-03-29 12:00:00,,
2023-03-29 12:30:00,,
2023-03-29 13:00:00,,
2023-03-29 13:30:00,,
2023-03-29 14:00:00,,
2023-03-29 14:30:00,,
2023-03-29 15:00:00,,
2023-03-29 15:30:00,,
2023-03-29 16:00:00,,
2023-03-29 16:30:00,,
2023-03-29 17:00:00,,
2023-03-29 17:30:00,,
2023-03-29 18:00:00,,
2023-03-29 18:30:00,,
2023-03-29 19:00:00,,
2023-03-29 19:30:00,,
2023-03-29 20:00:00,,
2023-03-29 20:30:00,,
2023-03-29 21:00:00,,
2023-03-29 21:30:00,,
2023-03-29 22:00:00,,
2023-03-29 22:30:00,,
2023-03-29 23:00:00,,
2023-03-29 23:30:00,,
2023-03-30 00:00:00,,
2023-03-30 00:30:00,,
2023-03-30 01:00:00,,
2023-03-30 01:30:00,,
2023-03-30 02:00:00,,
2023-03-30 02:30:00,,
2023-03-30 03:00:00,,
2023-03-30 03:30:00,,
2023-03-30 04:00:00,,
2023-03-30 04:30:00,,
2023-03-30 05:00:00,,
2023-03-30 05:30:00,,
2023-03-30 06:00:00,,
2023-03-30 06:30:00,,
2023-03-30 07:00:00,,
2023-03-30 07:30:00,,
2023-03-30 08:00:00,,
2023-03-30 08:30:00,,
2023-03-30 09:00:00,,
2023-03-30 09:30:00,,
2023-03-30 10:00:00,,
2023-03-30 10:30:00,,
2023-03-30 11:00:00,,
2023-03-30 11:30:00,,
2023-03-30 12:00:00,,
2023-03-30 12:30:00,,
2023-03-30 13:00:00,,
2023-03-30 13:30:00,,
2023-03-30 14:00:00,,
2023-03-30 14:30:00,,
2023-03-30 15:00:00,,
2023-03-30 15:30:00,,
2023-03-30 16:00:00,,
2023-03-30 16:30:00,,
2023-03-30 17:00:00,,
2023-03-30 17:30:00,,
2023-03-30 18:00:00,,
2023-03-30 18:30:00,,
2023-03-30 19:00:00,,
2023-03-30 19:30:00,,
2023-03-30 20:00:00,,
2023-03-30 20:30:00,,
2023-03-30 21:00:00,,
2023-03-30 21:30:00,,
2023-03-30 22:00:00,,
2023-03-30 22:30:00,,
2023-03-30 23:00:00,,
2023-03-30 23:30:00,,
2023-03-31 00:00:00,,
2023-03-31 00:30:00,,
2023-03-31 01:00:00,,
2023-03-31 01:30:00,,
2023-03-31 02:00:00,,
2023-03-31 02:30:00,,
2023-03-31 03:00:00,,
2023-03-31 03:30:00,,
2023-03-31 04:00:00,,
2023-03-31 04:30:00,,
2023-03-31 05:00:00,,
2023-03-31 05:30:00,,
2023-03-31 06:00:00,,
2023-03-31 06:30:00,,
2023-03-31 07:00:00,,
2023-03-31 07:30:00,,
2023-03-31 08:00:00,,
2023-03-31 08:30:00,,
2023-03-31 09:00:00,,
2023-03-31 09:30:00,,
2023-03-31 10:00:00,,
2023-03-31 10:30:00,,
2023-03-31 11:00:00,,
2023-03-31 11:30:00,,
2023-03-31 12:00:00,,
2023-03-31 12:30:00,,
2023-03-31 13:00:00,,
2023-03-31 13:30:00,,
2023-03-31 14:00:00,,
2023-03-31 14:30:00,,
2023-03-31 15:00:00,,
2023-03-31 15:30:00,,
2023-03-31 16:00:00,,
2023-03-31 16:30:00,,
2023-03-31 17:00:00,,
2023-03-31 17:30:00,,
2023-03-31 18:00:00,,
2023-03-31 18:30:00,,
2023-03-31 19:00:00,,
2023-03-31 19:30:00,,
2023-03-31 20:00:00,,
2023-03-31 20:30:00,,
2023-03-31 21:00:00,,
2023-03-31 21:30:00,,
2023-03-31 22:00:00,,
2023-03-31 22:30:00,,
2023-03-31 23:00:00,,
2023-03-31 23:30:00,,
2023-04-01 00:00:00,,
2023-04-01 00:30:00,,
2023-04-01 01:00:00,,
2023-04-01 01:30:00,,
2023-04-01 02:00:00,,
2023-04-01 02:30:00,,
2023-04-01 03:00:00,,
2023-04-01 03:30:00,,
2023-04-01 04:00:00,,
2023-04-01 04:30:00,,
2023-04-01 05:00:00,,
2023-04-01 05:30:00,,
2023-04-01 06:00:00,,
2023-04-01 06:30:00,,
2023-04-01 07:00:00,,
2023-04-01 07:30:00,,
2023-04-01 08:00:00,,
2023-04-01 08:30:00,,
2023-04-01 09:00:00,,
2023-04-01 09:30:00,,
2023-04-01 10:00:00,,
2023-04-01 10:30:00,,
2023-04-01 11:00:00,,
2023-04-01 11:30:00,,
2023-04-01 12:00:00,,
2023-04-01 12:30:00,,
2023-04-01 13:00:00,,
2023-04-01 13:30:00,,
2023-04-01 14:00:00,,
2023-04-01 14:30:00,,
2023-04-01 15:00:00,,
2023-04-01 15:30:00,,
2023-04-01 16:00:00,,
2023-04-01 16:30:00,,
2023-04-01 17:00:00,,
2023-04-01 17:30:00,,
2023-04-01 18:00:00,,
2023-04-01 18:30:00,,
2023-04-01 19:00:00,,
2023-04-01 19:30:00,,
2023-04-01 20:00:00,,
2023-04-01 20:30:00,,
2023-04-01 21:00:00,,
2023-04-01 21:30:00,,
2023-04-01 22:00:00,,
2023-04-01 22:30:00,,
2023-04-01 23:00:00,,
2023-04-01 23:30:00,,
2023-04-02 00:00:00,,
2023-04-02 00:30:00,,
2023-04-02 01:00:00,,
2023-04-02 01:30:00,,
2023-04-02 02:00:00,,
2023-04-02 02:30:00,,
2023-04-02 03:00:00,,
2023-04-02 03:30:00,,
2023-04-02 04:00:00,,
2023-04-02 04:30:00,,
2023-04-02 05:00:00,,
2023-04-02 05:30:00,,
2023-04-02 06:00:00,,
2023-04-02 06:30:00,,
2023-04-02 07:00:00,,
2023-04-02 07:30:00,,
2023-04-02 08:00:00,,
2023-04-02 08:30:00,,
2023-04-02 09:00:00,,
2023-04-02 09:30:00,,
2023-04-02 10:00:00,,
2023-04-02 10:30:00,,
2023-04-02 11:00:00,,
2023-04-02 11:30:00,,
2023-04-02 12:00:00,,
2023-04-02 12:30:00,,
2023-04-02 13:00:00,,
2023-04-02 13:30:00,,
2023-04-02 14:00:00,,
2023-04-02 14:30:00,,
2023-04-02 15:00:00,,
2023-04-02 15:30:00,,
2023-04-02 16:00:00,,
2023-04-02 16:30:00,,
2023-04-02 17:00:00,,
2023-04-02 17:30:00,,
2023-04-02 18:00:00,,
2023-04-02 18:30:00,,
2023-04-02 19:00:00,,
2023-04-02 19:30:00,,
2023-04-02 20:00:00,,
2023-04-02 20:30:00,,
2023-04-02 21:00:00,,
2023-04-02 21:30:00,,
2023-04-02 22:00:00,,
2023-04-02 22:30:00,,
2023-04-02 23:00:00,,
2023-04-02 23:30:00,,
2023-04-03 00:00:00,,
2023-04-03 00:30:00,,
2023-04-03 01:00:00,,
2023-04-03 01:30:00,,
2023-04-03 02:00:00,,
2023-04-03 02:30:00,,
2023-04-03 03:00:00,,
2023-04-03 03:30:00,,
2023-04-03 04:00:00,,
2023-04-03 04:30:00,,
2023-04-03 05:00:00,,
2023-04-03 05:30:00,,
2023-04-03 06:00:00,,
2023-04-03 06:30:00,,
2023-04-03 07:00:00,,
2023-04-03 07:30:00,,
2023-04-03 08:00:00,69.655,0.0
2023-04-03 08:30:00,70.03633333333333,0.0
2023-04-03 09:00:00,70.08766666666665,1.7049333333333294
2023-04-03 09:30:00,65.10522222222222,7.161099999999998
2023-04-03 10:00:00,64.46411111111111,2.7141500000000036
2023-04-03 10:30:00,62.47229166666666,5.603087500000008
2023-04-03 11:00:00,59.942083333333336,4.144108333333335
2023-04-03 11:30:00,56.06941666666666,2.266024999999992
2023-04-03 12:00:00,56.67366666666666,3.134683333333342
2023-04-03 12:30:00,57.43833333333333,2.6890500000000017
2023-04-03 13:00:00,61.91075,2.6687916666666567
2023-04-03 13:30:00,60.32783333333333,3.7280999999999977
2023-04-03 14:00:00,56.19841666666667,5.431441666666672
2023-04-03 14:30:00,55.07816666666667,5.049449999999986
2023-04-03 15:00:00,55.74316666666667,4.156199999999998
2023-04-03 15:30:00,58.60633333333333,4.164466666666662
2023-04-03 16:00:00,60.441833333333335,3.2082500000000067
2023-04-03 16:30:00,61.102250000000005,3.4061583333333303
2023-04-03 17:00:00,62.40108333333333,4.0957083333333415
2023-04-03 17:30:00,66.786,3.4783999999999935
2023-04-03 18:00:00,70.80683333333333,4.721133333333327
2023-04-03 18:30:00,72.71266666666668,6.013933333333327
2023-04-03 19:00:00,73.94766666666666,7.433366666666672
2023-04-03 19:30:00,76.24974999999999,7.678391666666656
2023-04-03 20:00:00,78.34333333333333,7.396116666666671
2023-04-03 20:30:00,79.72316666666667,7.796899999999994
2023-04-03 21:00:00,80.18866666666668,9.212683333333374
2023-04-03 21:30:00,79.86433333333333,8.84644999999999
2023-04-03 22:00:00,79.86449999999999,8.715900000000019
2023-04-03 22:30:00,80.09408333333333,7.996374999999986
2023-04-03 23:00:00,80.74108333333335,7.833875000000035
2023-04-03 23:30:00,80.92283333333334,8.019633333333346
2023-04-04 00:00:00,81.19291666666666,8.019641666666686
2023-04-04 00:30:00,81.7705,8.05461666666669
2023-04-04 01:00:00,81.54641666666667,8.22627500000003
2023-04-04 01:30:00,82.03533333333334,8.162150000000025
2023-04-04 02:00:00,82.22725000000001,7.079724999999996
2023-04-04 02:30:00,83.04166666666667,7.152850000000015
2023-04-04 03:00:00,83.88308333333333,7.762941666666691
2023-04-04 03:30:00,84.59141666666666,7.7958916666666624
2023-04-04 04:00:00,84.67091666666667,9.298008333333357
2023-04-04 04:30:00,84.66683333333334,9.634400000000014
2023-04-04 05:00:00,84.01050000000001,11.267733333333325
2023-04-04 05:30:00,84.15108333333333,9.225075000000018
2023-04-04 06:00:00,84.91466666666666,8.759783333333345
2023-04-04 06:30:00,83.84674999999999,9.054041666666677
2023-04-04 07:00:00,82.61683333333335,7.749383333333327
2023-04-04 07:30:00,93.53041666666667,11.954058333333336
2023-04-04 08:00:00,98.13258333333333,4.459308333333368
2023-04-04 08:30:00,98.99216666666668,1.951216666666653
2023-04-04 09:00:00,99.00966666666666,1.47086666666668
2023-04-04 09:30:00,98.73175,1.4801083333333054
2023-04-04 10:00:00,94.51716666666667,5.5257333333333065
2023-04-04 10:30:00,86.88166666666667,13.746166666666667
2023-04-04 11:00:00,79.33583333333334,15.698266666666669
2023-04-04 11:30:00,73.26675,9.58175833333334
2023-04-04 12:00:00,69.89483333333332,7.606033333333329
2023-04-04 12:30:00,67.53808333333333,10.774108333333338
2023-04-04 13:00:00,64.9905,13.330599999999997
2023-04-04 13:30:00,63.3195,9.533249999999988
2023-04-04 14:00:00,62.982916666666675,3.1125749999999996
2023-04-04 14:30:00,61.249916666666664,4.502758333333347
2023-04-04 15:00:00,61.349,6.601149999999997
2023-04-04 15:30:00,63.40483333333333,8.729833333333332
2023-04-04 16:00:00,68.53191666666666,7.9931583333333265
2023-04-04 16:30:00,70.39866666666666,8.922283333333311
2023-04-04 17:00:00,73.34758333333333,5.54205833333333
2023-04-04 17:30:00,76.56116666666667,8.124716666666671
2023-04-04 18:00:00,79.07249999999999,7.87623333333336
2023-04-04 18:30:00,81.8645,9.160866666666678
2023-04-04 19:00:00,83.93783333333333,9.004316666666668
2023-04-04 19:30:00,84.07216666666667,9.182399999999987
2023-04-04 20:00:00,84.6695,9.189083333333315
2023-04-04 20:30:00,84.80375000000001,9.666141666666661
2023-04-04 21:00:00,84.26625,9.352624999999989
2023-04-04 21:30:00,85.19716666666666,7.688299999999998
2023-04-04 22:00:00,86.13333333333334,9.415550000000025
2023-04-04 22:30:00,86.88391666666666,9.900674999999978
2023-04-04 23:00:00,88.01666666666667,10.159783333333351
2023-04-04 23:30:00,89.13383333333333,10.034416666666672
2023-04-05 00:00:00,89.68416666666667,9.105650000000011
2023-04-05 00:30:00,90.90866666666666,7.45750000000001
2023-04-05 01:00:00,91.41091666666667,7.8459416666666755
2023-04-05 01:30:00,91.66658333333334,7.650241666666631
2023-04-05 02:00:00,92.44408333333332,7.159758333333315
2023-04-05 02:30:00,93.30041666666665,5.981841666666682
2023-04-05 03:00:00,93.97708333333334,6.258774999999986
2023-04-05 03:30:00,94.55733333333335,6.385383333333337
2023-04-05 04:00:00,94.766,6.132066666666688
2023-04-05 04:30:00,95.25908333333334,6.704225000000008
2023-04-05 05:00:00,95.08875,7.442358333333331
2023-04-05 05:30:00,95.31541666666668,6.333775000000003
2023-04-05 06:00:00,95.38483333333333,7.083983333333322
2023-04-05 06:30:00,94.29316666666666,7.652450000000002
2023-04-05 07:00:00,88.06575,9.812258333333347
2023-04-05 07:30:00,80.51408333333333,10.775508333333335
2023-04-05 08:00:00,74.15608333333333,9.572608333333335
2023-04-05 08:30:00,69.95791666666666,7.01080833333333
2023-04-05 09:00:00,67.12558333333334,4.350175000000007
2023-04-05 09:30:00,63.81416666666667,3.5851999999999933
2023-04-05 10:00:00,62.34066666666667,2.7991666666666575
2023-04-05 10:30:00,61.406666666666666,4.132583333333322
2023-04-05 11:00:00,59.7445,2.6371000000000038
2023-04-05 11:30:00,57.35058333333333,4.243208333333335
2023-04-05 12:00:00,56.270833333333336,3.9035333333333355
2023-04-05 12:30:00,54.88941666666667,2.8106249999999946
2023-04-05 13:00:00,55.65075,4.127791666666667
2023-04-05 13:30:00,55.7595,3.206150000000001
2023-04-05 14:00:00,55.73141666666667,7.286708333333323
2023-04-05 14:30:00,57.007,7.2797166666666655
2023-04-05 15:00:00,57.84791666666666,9.151541666666667
2023-04-05 15:30:00,59.907166666666676,9.864683333333332
2023-04-05 16:00:00,62.94841666666666,6.986374999999988
2023-04-05 16:30:00,66.45258333333334,5.659924999999987
2023-04-05 17:00:00,71.59774999999999,3.087491666666665
2023-04-05 17:30:00,75.73316666666666,7.020849999999996
2023-04-05 18:00:00,78.66466666666668,7.75869999999999
2023-04-05 18:30:00,79.91233333333334,8.781166666666664
2023-04-05 19:00:00,80.50316666666669,9.283766666666722
2023-04-05 19:30:00,80.96291666666667,9.466991666666672
2023-04-05 20:00:00,81.60333333333334,10.029300000000006
2023-04-05 20:30:00,82.42208333333333,10.195225000000008
2023-04-05 21:00:00,83.00383333333333,9.489466666666658
2023-04-05 21:30:00,83.99283333333334,9.829333333333338
2023-04-05 22:00:00,85.1045,10.348800000000011
2023-04-05 22:30:00,85.40816666666667,10.251566666666676
2023-04-05 23:00:00,86.46791666666667,11.26474166666668
2023-04-05 23:30:00,87.22108333333333,11.433341666666664
2023-04-06 00:00:00,88.22149999999999,10.807416666666654
2023-04-06 00:30:00,88.60008333333334,9.23234166666667
2023-04-06 01:00:00,88.65066666666667,8.203366666666668
2023-04-06 01:30:00,89.34400000000001,8.062100000000015
2023-04-06 02:00:00,89.64833333333333,7.393800000000013
2023-04-06 02:30:00,90.10525000000001,7.295241666666669
2023-04-06 03:00:00,90.79191666666668,7.481758333333332
2023-04-06 03:30:00,91.43875000000001,7.459291666666658
2023-04-06 04:00:00,91.69533333333335,7.315100000000001
2023-04-06 04:30:00,92.57616666666667,7.132300000000001
2023-04-06 05:00:00,92.92433333333334,6.172483333333346
2023-04-06 05:30:00,92.92483333333332,6.522099999999995
2023-04-06 06:00:00,92.76633333333332,6.729300000000038
2023-04-06 06:30:00,91.21741666666667,7.4740083333333445
2023-04-06 07:00:00,86.22666666666666,8.895033333333345
2023-04-06 07:30:00,80.56275,9.674675000000022
2023-04-06 08:00:00,75.37208333333334,7.859991666666673
2023-04-06 08:30:00,69.94166666666666,5.7823833333333425
2023-04-06 09:00:00,64.333,4.3455166666666685
2023-04-06 09:30:00,61.30983333333333,6.077449999999999
2023-04-06 10:00:00,57.119083333333336,6.650958333333342
2023-04-06 10:30:00,53.23083333333334,6.254366666666662
2023-04-06 11:00:00,49.14833333333334,4.540533333333329
2023-04-06 11:30:00,46.787749999999996,4.822775
2023-04-06 12:00:00,45.18358333333333,3.9097250000000017
2023-04-06 12:30:00,49.02966666666667,4.687366666666669
2023-04-06 13:00:00,53.075583333333334,5.626958333333334
2023-04-06 13:30:00,53.08833333333333,4.447749999999999
2023-04-06 14:00:00,53.79666666666667,5.902833333333334
2023-04-06 14:30:00,55.00083333333333,5.526183333333343
2023-04-06 15:00:00,57.94133333333333,5.6597666666666555
2023-04-06 15:30:00,59.553000000000004,7.2900166666666735
2023-04-06 16:00:00,62.304,5.8078999999999965
2023-04-06 16:30:00,67.81958333333333,3.9789583333333383
2023-04-06 17:00:00,75.4035,4.972049999999996
2023-04-06 17:30:00,79.13325,8.414758333333339
2023-04-06 18:00:00,79.6395,8.446183333333352
2023-04-06 18:30:00,79.04208333333332,8.06960833333332
2023-04-06 19:00:00,80.18708333333335,9.32559166666671
2023-04-06 19:30:00,80.41616666666668,8.260533333333356
2023-04-06 20:00:00,81.78033333333333,8.454833333333355
2023-04-06 20:30:00,82.50191666666667,8.446258333333347
2023-04-06 21:00:00,81.87116666666668,9.164616666666674
2023-04-06 21:30:00,82.14241666666668,11.73615833333335
2023-04-06 22:00:00,83.40191666666666,9.155208333333334
2023-04-06 22:30:00,82.71008333333333,8.684225000000012
2023-04-06 23:00:00,83.19791666666666,5.095925000000037
2023-04-06 23:30:00,90.15299999999999,10.520433333333344
2023-04-07 00:00:00,91.74625,12.391074999999987
2023-04-07 00:30:00,91.67908333333334,11.67120833333334
2023-04-07 01:00:00,90.89658333333333,12.158008333333328
2023-04-07 01:30:00,91.40366666666667,11.710166666666652
2023-04-07 02:00:00,91.80958333333334,11.23654166666664
2023-04-07 02:30:00,91.93133333333334,12.672116666666653
2023-04-07 03:00:00,91.16825,13.862458333333322
2023-04-07 03:30:00,90.94783333333334,11.723899999999986
2023-04-07 04:00:00,91.06641666666667,10.721558333333334
2023-04-07 04:30:00,91.15325,10.804591666666667
2023-04-07 05:00:00,91.29175000000001,9.813541666666637
2023-04-07 05:30:00,91.81566666666667,9.980716666666638
2023-04-07 06:00:00,91.96208333333333,8.580424999999977
2023-04-07 06:30:00,90.07483333333333,8.238249999999994
2023-04-07 07:00:00,86.09949999999999,6.7352333333333405
2023-04-07 07:30:00,79.34866666666667,6.9252666666666585
2023-04-07 08:00:00,71.07393333333334,13.382900000000006
2023-04-07 08:30:00,64.85614285714287,16.193533333333335
2023-04-07 09:00:00,61.665571428571425,14.50824999999999
2023-04-07 09:30:00,60.88191666666667,17.73059999999999
2023-04-07 10:00:00,60.52508333333333,20.751175000000003
2023-04-07 10:30:00,58.948388888888886,21.87023333333333
2023-04-07 11:00:00,57.36944444444445,25.003199999999985
2023-04-07 11:30:00,58.635111111111115,22.0514
2023-04-07 12:00:00,59.305814814814816,17.894533333333335
2023-04-07 12:30:00,59.864518518518516,18.287266666666646
2023-04-07 13:00:00,60.35477777777778,21.45793333333333
2023-04-07 13:30:00,63.126259259259264,22.619866666666667
2023-04-07 14:00:00,66.52351851851853,14.821599999999997
2023-04-07 14:30:00,70.92914814814814,11.977133333333342
2023-04-07 15:00:00,74.29362962962962,9.479533333333322
2023-04-07 15:30:00,76.11981481481482,8.691866666666655
2023-04-07 16:00:00,77.33496296296295,8.6862
2023-04-07 16:30:00,77.70255555555553,8.979
2023-04-07 17:00:00,77.43511111111111,9.179066666666671
2023-04-07 17:30:00,78.18488888888888,8.861466666666658
2023-04-07 18:00:00,78.69744444444444,7.769400000000033
2023-04-07 18:30:00,78.66133333333332,8.088533333333316
2023-04-07 19:00:00,78.32303703703705,7.325333333333333
2023-04-07 19:30:00,78.65888888888888,7.752266666666685
2023-04-07 20:00:00,79.16340740740742,8.509466666666697
2023-04-07 20:30:00,79.32277777777777,9.120466666666715
2023-04-07 21:00:00,79.5047037037037,8.317466666666675
2023-04-07 21:30:00,79.32503703703703,8.443466666666694
2023-04-07 22:00:00,79.41414814814816,9.444000000000017
2023-04-07 22:30:00,79.33025925925926,8.344733333333338
2023-04-07 23:00:00,79.60807407407407,8.260866666666672
2023-04-07 23:30:00,79.53040740740738,9.697400000000059
2023-04-08 00:00:00,79.95203703703704,9.67540000000001
2023-04-08 00:30:00,81.03222222222222,9.581066666666672
2023-04-08 01:00:00,82.14614814814814,8.587799999999987
2023-04-08 01:30:00,82.75455555555556,7.822400000000002
2023-04-08 02:00:00,83.99466666666666,8.680266666666654
2023-04-08 02:30:00,84.48929629629629,9.152666666666676
2023-04-08 03:00:00,84.93188888888889,9.114733333333348
2023-04-08 03:30:00,85.23866666666666,10.153466666666674
2023-04-08 04:00:00,84.75225925925925,8.807666666666677
2023-04-08 04:30:00,84.14233333333334,7.176400000000001
2023-04-08 05:00:00,84.23596296296297,6.322600000000023
2023-04-08 05:30:00,84.75059259259258,7.996266666666685
2023-04-08 06:00:00,84.94818518518518,8.177000000000007
2023-04-08 06:30:00,83.75207407407407,7.538666666666671
2023-04-08 07:00:00,80.53003703703705,8.190333333333328
2023-04-08 07:30:00,75.12948148148149,10.141266666666652
2023-04-08 08:00:00,70.82562962962963,11.787866666666659
2023-04-08 08:30:00,67.75648148148147,12.377133333333333
2023-04-08 09:00:00,65.31540740740742,15.649599999999992
2023-04-08 09:30:00,62.66362962962963,16.939533333333323
2023-04-08 10:00:00,62.13688888888888,16.902266666666648
2023-04-08 10:30:00,60.30085185185185,19.72139999999999
2023-04-08 11:00:00,57.85748148148147,19.877466666666663
2023-04-08 11:30:00,57.984703703703694,20.395999999999994
2023-04-08 12:00:00,60.2132962962963,19.5858
2023-04-08 12:30:00,59.66681481481482,19.346400000000003
2023-04-08 13:00:00,58.54303703703704,19.759866666666674
2023-04-08 13:30:00,58.27692592592593,21.555866666666653
2023-04-08 14:00:00,58.74596296296296,21.46773333333332
2023-04-08 14:30:00,60.42133333333332,19.310333333333325
2023-04-08 15:00:00,64.36225925925926,14.167599999999986
2023-04-08 15:30:00,68.89703703703704,10.617733333333327
2023-04-08 16:00:00,72.78374074074074,10.128
2023-04-08 16:30:00,75.61877777777778,9.941799999999972
2023-04-08 17:00:00,77.3665925925926,12.475266666666656
2023-04-08 17:30:00,77.53344444444444,18.06626666666665
2023-04-08 18:00:00,75.93266666666666,15.382533333333356
2023-04-08 18:30:00,79.09903703703704,14.33246666666669
2023-04-08 19:00:00,88.73577777777778,19.6576666666667
2023-04-08 19:30:00,93.80459259259258,16.803866666666664
2023-04-08 20:00:00,95.186,15.154533333333333
2023-04-08 20:30:00,95.19422222222222,14.105933333333326
2023-04-08 21:00:00,95.32285185185187,14.018533333333338
2023-04-08 21:30:00,94.31677777777777,13.436733333333322
2023-04-08 22:00:00,92.53166666666668,12.505733333333339
2023-04-08 22:30:00,89.48403703703704,14.552933333333343
2023-04-08 23:00:00,89.57266666666669,15.553866666666678
2023-04-08 23:30:00,89.05322222222222,15.840599999999995
2023-04-09 00:00:00,88.51337037037037,13.092866666666666
2023-04-09 00:30:00,88.62562962962963,13.89906666666667
2023-04-09 01:00:00,89.0262962962963,14.33680000000001
2023-04-09 01:30:00,89.87040740740741,13.37100000000001
2023-04-09 02:00:00,89.75762962962962,12.43073333333335
2023-04-09 02:30:00,89.94614814814815,11.731600000000014
2023-04-09 03:00:00,89.96177777777777,11.80846666666666
2023-04-09 03:30:00,90.09433333333332,12.133400000000009
2023-04-09 04:00:00,90.23996296296296,12.284199999999998
2023-04-09 04:30:00,89.28048148148147,12.643000000000015
2023-04-09 05:00:00,88.98396296296295,12.464333333333343
2023-04-09 05:30:00,88.88025925925928,12.11933333333333
2023-04-09 06:00:00,90.01940740740741,11.461466666666666
2023-04-09 06:30:00,91.72429629629629,13.751133333333328
2023-04-09 07:00:00,92.99733333333333,14.155466666666655
2023-04-09 07:30:00,92.88374074074073,13.60939999999998
2023-04-09 08:00:00,91.2965925925926,13.676200000000009
2023-04-09 08:30:00,89.11066666666666,14.636533333333347
2023-04-09 09:00:00,85.66074074074074,15.180066666666676
2023-04-09 09:30:00,80.23866666666667,14.164800000000014
2023-04-09 10:00:00,77.43411111111112,9.828400000000002
2023-04-09 10:30:00,76.93359259259257,9.444333333333333
2023-04-09 11:00:00,77.74,6.826600000000013
2023-04-09 11:30:00,75.89062962962961,7.618999999999986
2023-04-09 12:00:00,75.75362962962963,9.713333333333338
2023-04-09 12:30:00,72.21725925925927,9.907733333333326
2023-04-09 13:00:00,67.26533333333333,17.68779999999999
2023-04-09 13:30:00,64.28662962962963,24.434999999999995
2023-04-09 14:00:00,65.455,22.67246666666665
2023-04-09 14:30:00,62.777444444444455,10.369466666666668
2023-04-09 15:00:00,59.76396296296295,5.5882000000000005
2023-04-09 15:30:00,59.20455555555556,9.808533333333337
2023-04-09 16:00:00,60.068814814814814,12.54033333333333
2023-04-09 16:30:00,63.3501851851852,14.482799999999983
2023-04-09 17:00:00,67.91177777777777,12.148466666666664
2023-04-09 17:30:00,72.76892592592591,8.936600000000013
2023-04-09 18:00:00,75.89907407407408,8.120333333333335
2023-04-09 18:30:00,77.28137037037035,8.383866666666648
2023-04-09 19:00:00,78.63181481481482,8.394199999999998
2023-04-09 19:30:00,79.66714814814816,9.66640000000001
2023-04-09 20:00:00,80.31162962962962,10.521333333333331
2023-04-09 20:30:00,80.95088888888888,9.692466666666661
2023-04-09 21:00:00,81.43225925925925,10.958533333333321
2023-04-09 21:30:00,81.67203703703703,11.279533333333333
2023-04-09 22:00:00,81.61196296296296,11.250733333333343
2023-04-09 22:30:00,80.85011111111112,10.859333333333339
2023-04-09 23:00:00,80.93155555555556,10.473333333333343
2023-04-09 23:30:00,81.22937037037036,9.844666666666683
2023-04-10 00:00:00,80.79907407407407,8.999333333333354
2023-04-10 00:30:00,80.38985185185186,10.390200000000007
2023-04-10 01:00:00,80.89677777777777,10.439666666666668
2023-04-10 01:30:00,81.1004074074074,8.205333333333343
2023-04-10 02:00:00,81.80355555555558,9.117066666666673
2023-04-10 02:30:00,82.55885185185184,10.24826666666668
2023-04-10 03:00:00,83.27100000000002,10.355466666666672
2023-04-10 03:30:00,83.8055925925926,10.40819999999998
2023-04-10 04:00:00,84.89814814814817,12.044000000000011
2023-04-10 04:30:00,85.43933333333334,14.333266666666674
2023-04-10 05:00:00,86.22988888888888,16.283200000000008
2023-04-10 05:30:00,87.29807407407407,14.39333333333333
2023-04-10 06:00:00,88.24170370370372,13.177200000000013
2023-04-10 06:30:00,87.6288888888889,11.996266666666699
2023-04-10 07:00:00,85.13344444444445,11.271266666666676
2023-04-10 07:30:00,80.39751851851852,12.059399999999997
2023-04-10 08:00:00,74.08196296296296,13.24566666666665
2023-04-10 08:30:00,70.56681481481482,12.112799999999993
2023-04-10 09:00:00,68.48174074074073,9.552799999999998
2023-04-10 09:30:00,65.5472962962963,10.98699999999998
2023-04-10 10:00:00,61.99374074074074,13.773133333333334
2023-04-10 10:30:00,60.617962962962956,14.144133333333343
2023-04-10 11:00:00,59.75337037037038,15.964533333333335
2023-04-10 11:30:00,58.23625925925926,20.754066666666652
2023-04-10 12:00:00,57.70740740740741,21.558333333333323
2023-04-10 12:30:00,58.26637037037037,21.536466666666662
2023-04-10 13:00:00,58.06625925925927,20.31259999999999
2023-04-10 13:30:00,58.459962962962955,17.096400000000003
2023-04-10 14:00:00,59.24937037037037,20.131133333333324
2023-04-10 14:30:00,62.825074074074074,13.641999999999996
2023-04-10 15:00:00,67.04203703703703,10.905799999999992
2023-04-10 15:30:00,70.93988888888889,10.76139999999998
2023-04-10 16:00:00,72.89311111111111,9.52106666666667
2023-04-10 16:30:00,73.89877777777778,10.285266666666672
2023-04-10 17:00:00,74.438,9.792466666666655
2023-04-10 17:30:00,75.95703703703704,10.284066666666675
2023-04-10 18:00:00,77.45766666666665,12.433599999999998
2023-04-10 18:30:00,78.71574074074073,13.759866666666653
2023-04-10 19:00:00,79.13796296296296,13.414866666666668
2023-04-10 19:30:00,79.5487037037037,12.73293333333335
2023-04-10 20:00:00,80.20651851851852,12.650866666666673
2023-04-10 20:30:00,80.47,11.999533333333346
2023-04-10 21:00:00,80.81,10.432733333333346
2023-04-10 21:30:00,80.73262962962963,11.000399999999999
2023-04-10 22:00:00,81.03477777777779,11.663466666666679
2023-04-10 22:30:00,80.83903703703704,10.279533333333333
2023-04-10 23:00:00,81.54618518518517,9.154200000000003
2023-04-10 23:30:00,82.03385185185185,9.314533333333344
2023-04-11 00:00:00,82.8917037037037,9.927333333333337
2023-04-11 00:30:00,83.71977777777778,9.58186666666667
2023-04-11 01:00:00,84.44837037037037,9.712733333333333
2023-04-11 01:30:00,85.36877777777777,10.389400000000009
2023-04-11 02:00:00,86.88855555555557,11.263199999999998
2023-04-11 02:30:00,87.33166666666666,11.390733333333344
2023-04-11 03:00:00,88.21992592592593,12.37433333333334
2023-04-11 03:30:00,88.78792592592593,12.543933333333342
2023-04-11 04:00:00,89.44996296296296,12.039000000000016
2023-04-11 04:30:00,89.51488888888889,12.064800000000005
2023-04-11 05:00:00,89.50911111111112,12.40933333333335
2023-04-11 05:30:00,89.65951851851852,13.162266666666696
2023-04-11 06:00:00,89.55774074074075,13.090133333333327
2023-04-11 06:30:00,87.5035925925926,13.290666666666667
2023-04-11 07:00:00,82.38259259259259,14.699733333333327
2023-04-11 07:30:00,78.36881481481481,15.513333333333335
2023-04-11 08:00:00,75.48766666666667,14.520266666666657
2023-04-11 08:30:00,72.08418518518519,16.650200000000012
2023-04-11 09:00:00,67.78048148148149,19.090599999999995
2023-04-11 09:30:00,64.87314814814815,19.99940000000001
2023-04-11 10:00:00,62.31492592592593,19.561533333333337
2023-04-11 10:30:00,61.64770370370369,20.891933333333334
2023-04-11 11:00:00,60.361185185185185,19.751599999999982
2023-04-11 11:30:00,61.166111111111114,13.8564
2023-04-11 12:00:00,64.43896296296298,18.332399999999993
2023-04-11 12:30:00,67.86607407407408,27.594199999999994
2023-04-11 13:00:00,66.76818518518517,20.760799999999996
2023-04-11 13:30:00,70.40544444444446,33.132666666666665
2023-04-11 14:00:00,64.7754074074074,23.404533333333326
2023-04-11 14:30:00,59.709185185185184,16.5726
2023-04-11 15:00:00,57.47837037037037,15.398600000000002
2023-04-11 15:30:00,59.7084074074074,15.540266666666668
2023-04-11 16:00:00,61.97970370370371,16.41620000000001
2023-04-11 16:30:00,65.60622222222223,13.789866666666654
2023-04-11 17:00:00,70.4981111111111,9.23586666666668
2023-04-11 17:30:00,74.37540740740741,8.64200000000001
2023-04-11 18:00:00,76.73492592592592,9.517533333333319
2023-04-11 18:30:00,77.86544444444445,10.292199999999994
2023-04-11 19:00:00,77.98007407407408,9.757200000000012
2023-04-11 19:30:00,78.41381481481481,10.08740000000003
2023-04-11 20:00:00,78.61425925925927,10.82240000000003
2023-04-11 20:30:00,78.83533333333334,9.296800000000005
2023-04-11 21:00:00,80.00622222222222,10.07220000000001
2023-04-11 21:30:00,80.42677777777777,10.773933333333332
2023-04-11 22:00:00,80.71444444444444,10.259533333333337
2023-04-11 22:30:00,81.0414074074074,11.05640000000001
2023-04-11 23:00:00,81.39807407407407,10.056133333333335
2023-04-11 23:30:00,82.5488148148148,11.397599999999997
2023-04-12 00:00:00,83.29722222222222,10.957133333333331
2023-04-12 00:30:00,83.56029629629629,11.931533333333348
2023-04-12 01:00:00,83.39966666666666,13.074933333333306
2023-04-12 01:30:00,83.80737037037038,12.870400000000004
2023-04-12 02:00:00,84.49162962962961,13.141133333333329
2023-04-12 02:30:00,87.71751851851852,18.10426666666666
2023-04-12 03:00:00,90.59825925925925,15.38766666666666
2023-04-12 03:30:00,90.96651851851851,15.238399999999999
2023-04-12 04:00:00,91.95777777777778,13.822066666666657
2023-04-12 04:30:00,93.04681481481481,11.287199999999999
2023-04-12 05:00:00,93.09203703703704,11.494933333333307
2023-04-12 05:30:00,92.58155555555555,12.221400000000017
2023-04-12 06:00:00,91.26381481481481,13.436266666666668
2023-04-12 06:30:00,88.76885185185185,14.426399999999987
2023-04-12 07:00:00,86.4232962962963,16.658
2023-04-12 07:30:00,82.69022222222223,16.003133333333338
2023-04-12 08:00:00,77.70462962962964,11.344133333333318
2023-04-12 08:30:00,70.81714814814815,11.70786666666666
2023-04-12 09:00:00,64.72818518518518,12.984200000000008
2023-04-12 09:30:00,60.53911111111111,15.248733333333334
2023-04-12 10:00:00,57.73437037037037,14.761333333333333
2023-04-12 10:30:00,56.304962962962954,16.162933333333314
2023-04-12 11:00:00,57.0935925925926,16.031066666666668
2023-04-12 11:30:00,57.98918518518518,16.222599999999993
2023-04-12 12:00:00,56.9445925925926,21.386799999999994
2023-04-12 12:30:00,57.108,24.394999999999996
2023-04-12 13:00:00,57.626296296296296,24.15233333333331
2023-04-12 13:30:00,58.94862962962962,24.820466666666654
2023-04-12 14:00:00,60.01703703703705,23.30413333333332
2023-04-12 14:30:00,59.99107407407408,23.63213333333333
2023-04-12 15:00:00,60.587888888888884,23.53546666666667
2023-04-12 15:30:00,61.61262962962964,19.02553333333333
2023-04-12 16:00:00,62.651629629629625,19.24673333333333
2023-04-12 16:30:00,66.46503703703702,14.483333333333327
2023-04-12 17:00:00,72.54351851851851,8.29386666666666
2023-04-12 17:30:00,75.5101851851852,6.829866666666646
2023-04-12 18:00:00,77.5414074074074,9.507666666666651
2023-04-12 18:30:00,78.43733333333334,8.462933333333353
2023-04-12 19:00:00,78.53622222222222,8.245999999999981
2023-04-12 19:30:00,78.60077777777776,8.679666666666662
2023-04-12 20:00:00,79.0912962962963,9.005666666666713
2023-04-12 20:30:00,79.89792592592593,8.769066666666674
2023-04-12 21:00:00,80.46225925925927,9.12793333333336
2023-04-12 21:30:00,80.84962962962963,7.758200000000002
2023-04-12 22:00:00,81.17437037037035,7.550533333333377
2023-04-12 22:30:00,81.67092592592593,7.6428000000000225
2023-04-12 23:00:00,82.19377777777777,9.464800000000011
2023-04-12 23:30:00,82.99514814814815,8.987533333333346
2023-04-13 00:00:00,83.54333333333334,8.8082
2023-04-13 00:30:00,84.443,9.232533333333336
2023-04-13 01:00:00,84.74207407407407,10.213200000000015
2023-04-13 01:30:00,84.61251851851854,11.206266666666679
2023-04-13 02:00:00,84.78096296296296,10.692000000000007
2023-04-13 02:30:00,84.8597037037037,10.206266666666679
2023-04-13 03:00:00,85.10607407407407,9.667866666666669
2023-04-13 03:30:00,85.81433333333334,10.519400000000005
2023-04-13 04:00:00,86.68633333333334,11.135533333333342
2023-04-13 04:30:00,87.12681481481482,11.18080000000002
2023-04-13 05:00:00,87.75992592592593,10.91606666666668
2023-04-13 05:30:00,88.3728888888889,11.052599999999998
2023-04-13 06:00:00,88.29370370370368,10.649466666666669
2023-04-13 06:30:00,86.42674074074074,10.18526666666665
2023-04-13 07:00:00,83.07411111111111,10.04066666666668
2023-04-13 07:30:00,78.95896296296297,10.14239999999998
2023-04-13 08:00:00,74.39903703703705,11.21026666666667
2023-04-13 08:30:00,70.0422962962963,10.84553333333335
2023-04-13 09:00:00,66.46196296296296,10.68379999999999
2023-04-13 09:30:00,63.5484074074074,11.673800000000007
2023-04-13 10:00:00,62.25785185185185,13.521599999999992
2023-04-13 10:30:00,61.010518518518516,12.052733333333336
2023-04-13 11:00:00,59.95814814814815,13.971266666666672
2023-04-13 11:30:00,57.47918518518519,16.27086666666667
2023-04-13 12:00:00,55.26192592592592,20.242800000000003
2023-04-13 12:30:00,56.486111111111114,20.837666666666664
2023-04-13 13:00:00,56.31355555555555,22.80213333333333
2023-04-13 13:30:00,56.2374074074074,27.267999999999972
2023-04-13 14:00:00,57.742296296296296,27.356199999999994
2023-04-13 14:30:00,61.27803703703704,25.480200000000004
2023-04-13 15:00:00,65.52574074074076,19.984666666666662
2023-04-13 15:30:00,67.07381481481481,19.028866666666666
2023-04-13 16:00:00,69.57155555555556,14.288799999999995
2023-04-13 16:30:00,74.36437037037037,9.437933333333334
2023-04-13 17:00:00,76.43618518518517,8.9328
2023-04-13 17:30:00,77.86262962962964,8.301600000000008
2023-04-13 18:00:00,79.86007407407406,7.952466666666666
2023-04-13 18:30:00,80.52774074074074,8.350466666666676
2023-04-13 19:00:00,80.51477777777777,8.179199999999994
2023-04-13 19:30:00,80.20914814814816,7.850733333333338
2023-04-13 20:00:00,79.8858888888889,8.815266666666687
2023-04-13 20:30:00,79.73862962962963,7.107133333333337
2023-04-13 21:00:00,80.10603703703704,8.593800000000002
2023-04-13 21:30:00,80.5455925925926,6.905466666666655
2023-04-13 22:00:00,81.20844444444445,7.653866666666673
2023-04-13 22:30:00,82.0344074074074,8.674600000000027
2023-04-13 23:00:00,82.6161111111111,9.197933333333353
2023-04-13 23:30:00,82.94951851851853,9.255800000000008
2023-04-14 00:00:00,83.26840740740741,8.972466666666662
2023-04-14 00:30:00,83.85448148148147,8.214733333333342
2023-04-14 01:00:00,84.35359259259259,9.12960000000001
2023-04-14 01:30:00,84.96348148148147,9.866133333333337
2023-04-14 02:00:00,85.29655555555556,10.149666666666661
2023-04-14 02:30:00,85.47366666666667,10.434333333333342
2023-04-14 03:00:00,85.33340740740739,9.679600000000008
2023-04-14 03:30:00,85.9961851851852,9.978599999999986
2023-04-14 04:00:00,86.31066666666668,10.076400000000007
2023-04-14 04:30:00,85.36385185185185,8.714933333333349
2023-04-14 05:00:00,84.3834074074074,3.578200000000024
2023-04-14 05:30:00,83.28881481481481,10.900266666666667
2023-04-14 06:00:00,83.55711111111111,11.412999999999982
2023-04-14 06:30:00,82.41933333333334,10.237466666666677
2023-04-14 07:00:00,80.51266666666668,10.146466666666683
2023-04-14 07:30:00,78.28622222222222,9.818333333333328
2023-04-14 08:00:00,73.52400000000002,5.731133333333332
2023-04-14 08:30:00,69.19025925925926,4.775533333333328
2023-04-14 09:00:00,64.84218518518519,5.832866666666675
2023-04-14 09:30:00,59.80425925925926,6.2545333333333275
2023-04-14 10:00:00,56.9502962962963,7.2631999999999906
2023-04-14 10:30:00,56.34848148148148,10.523466666666671
2023-04-14 11:00:00,56.28655555555556,13.375533333333337
2023-04-14 11:30:00,55.75992592592593,15.12619999999999
2023-04-14 12:00:00,56.62833333333333,19.32626666666667
2023-04-14 12:30:00,58.38574074074073,18.08786666666667
2023-04-14 13:00:00,60.01148148148147,19.0948
2023-04-14 13:30:00,60.89266666666666,19.406399999999984
2023-04-14 14:00:00,61.928185185185185,16.003999999999998
2023-04-14 14:30:00,62.42455555555556,17.537333333333343
2023-04-14 15:00:00,63.19611111111111,17.858533333333334
2023-04-14 15:30:00,63.7592962962963,17.501066666666667
2023-04-14 16:00:00,64.73137037037037,19.165399999999998
2023-04-14 16:30:00,66.375,17.300600000000003
2023-04-14 17:00:00,70.7235925925926,13.780200000000008
2023-04-14 17:30:00,75.60025925925926,7.5188666666666535
2023-04-14 18:00:00,78.71192592592593,8.206399999999988
2023-04-14 18:30:00,79.9072962962963,9.278666666666666
2023-04-14 19:00:00,80.82570370370371,8.853800000000021
2023-04-14 19:30:00,81.64488888888887,9.215333333333348
2023-04-14 20:00:00,81.40474074074075,9.845333333333343
2023-04-14 20:30:00,81.12299999999999,9.304533333333339
2023-04-14 21:00:00,81.51792592592592,9.04606666666669
2023-04-14 21:30:00,81.4445185185185,9.681000000000012
2023-04-14 22:00:00,81.72551851851853,9.554933333333338
2023-04-14 22:30:00,82.08688888888888,8.98593333333335
2023-04-14 23:00:00,82.92566666666667,9.478733333333338
2023-04-14 23:30:00,83.81774074074075,10.602466666666672
2023-04-15 00:00:00,84.32892592592594,9.438599999999994
2023-04-15 00:30:00,84.99737037037036,10.184600000000003
2023-04-15 01:00:00,85.022,10.404600000000002
2023-04-15 01:30:00,85.1417037037037,11.415466666666674
2023-04-15 02:00:00,85.90185185185184,11.45859999999999
2023-04-15 02:30:00,86.87277777777778,11.208066666666681
2023-04-15 03:00:00,87.44977777777778,11.76666666666668
2023-04-15 03:30:00,87.98507407407408,11.951466666666676
2023-04-15 04:00:00,88.84477777777778,11.91446666666667
2023-04-15 04:30:00,89.35581481481482,11.38666666666667
2023-04-15 05:00:00,89.68214814814816,11.35233333333332
2023-04-15 05:30:00,89.96503703703704,10.409733333333335
2023-04-15 06:00:00,90.0368888888889,10.764999999999986
2023-04-15 06:30:00,89.0458148148148,9.648533333333333
2023-04-15 07:00:00,87.1571111111111,9.767866666666677
2023-04-15 07:30:00,84.36718518518518,8.449799999999996
2023-04-15 08:00:00,81.08455555555557,8.69540000000002
2023-04-15 08:30:00,76.74122222222222,8.078199999999995
2023-04-15 09:00:00,71.02107407407408,9.015999999999991
2023-04-15 09:30:00,66.86233333333334,4.935199999999995
2023-04-15 10:00:00,63.19755555555556,6.42799999999999
2023-04-15 10:30:00,62.51544444444445,11.085399999999993
2023-04-15 11:00:00,62.81751851851852,15.190199999999997
2023-04-15 11:30:00,61.3957037037037,18.812133333333314
2023-04-15 12:00:00,59.194074074074074,27.317666666666668
2023-04-15 12:30:00,60.227074074074075,26.993199999999987
2023-04-15 13:00:00,63.50277777777777,27.108200000000018
2023-04-15 13:30:00,66.2441111111111,22.398600000000002
2023-04-15 14:00:00,68.06799999999998,17.25866666666664
2023-04-15 14:30:00,67.9131111111111,16.316266666666664
2023-04-15 15:00:00,70.3251111111111,15.968599999999995
2023-04-15 15:30:00,71.89244444444444,12.954600000000028
2023-04-15 16:00:00,75.32818518518519,8.918066666666661
2023-04-15 16:30:00,78.24407407407408,8.29866666666669
2023-04-15 17:00:00,80.16637037037037,8.804333333333318
2023-04-15 17:30:00,80.6871111111111,8.682466666666684
2023-04-15 18:00:00,80.13974074074073,10.73566666666666
2023-04-15 18:30:00,76.83162962962962,10.690533333333349
2023-04-15 19:00:00,80.02433333333335,22.69553333333333
2023-04-15 19:30:00,80.72311111111111,24.395066666666665
2023-04-15 20:00:00,81.04966666666665,23.40846666666667
2023-04-15 20:30:00,81.10925925925923,23.249866666666662
2023-04-15 21:00:00,79.75603703703703,23.015133333333353
2023-04-15 21:30:00,79.83711111111113,21.51860000000002
2023-04-15 22:00:00,80.29985185185186,21.616066666666683
2023-04-15 22:30:00,80.43129629629628,20.425266666666673
2023-04-15 23:00:00,79.91285185185185,18.982066666666654
2023-04-15 23:30:00,79.72074074074072,17.773466666666664
2023-04-16 00:00:00,79.88255555555556,18.301933333333338
2023-04-16 00:30:00,80.81992592592593,18.26126666666667
2023-04-16 01:00:00,81.5827037037037,16.745599999999996
2023-04-16 01:30:00,81.76803703703703,17.261200000000002
2023-04-16 02:00:00,81.85337037037037,16.857066666666668
2023-04-16 02:30:00,82.18533333333333,17.43406666666668
2023-04-16 03:00:00,83.10974074074073,16.867733333333334
2023-04-16 03:30:00,83.80692592592592,16.128666666666675
2023-04-16 04:00:00,83.76118518518518,13.641199999999998
2023-04-16 04:30:00,83.0902962962963,10.90740000000001
2023-04-16 05:00:00,82.33551851851851,10.397866666666644
2023-04-16 05:30:00,82.98385185185185,12.500799999999998
2023-04-16 06:00:00,83.26025925925926,13.488866666666695
2023-04-16 06:30:00,81.48200000000001,14.543066666666675
2023-04-16 07:00:00,76.45125925925925,15.974800000000002
2023-04-16 07:30:00,71.70692592592592,15.113933333333321
2023-04-16 08:00:00,69.3974074074074,17.377266666666664
2023-04-16 08:30:00,67.77344444444445,17.970866666666666
2023-04-16 09:00:00,65.32177777777777,20.136200000000002
2023-04-16 09:30:00,62.72818518518519,20.166266666666672
2023-04-16 10:00:00,61.357814814814816,19.38133333333333
2023-04-16 10:30:00,59.77211111111111,21.023799999999987
2023-04-16 11:00:00,59.30555555555556,22.63266666666666
2023-04-16 11:30:00,58.405,16.869866666666674
2023-04-16 12:00:00,57.706407407407404,20.723133333333315
2023-04-16 12:30:00,57.75644444444444,25.150266666666667
2023-04-16 13:00:00,58.556518518518516,25.4994
2023-04-16 13:30:00,57.77696296296296,26.481799999999986
2023-04-16 14:00:00,58.384629629629636,27.573200000000007
2023-04-16 14:30:00,60.196407407407406,24.08786666666667
2023-04-16 15:00:00,63.45337037037037,19.931999999999995
2023-04-16 15:30:00,64.2732962962963,12.07706666666666
2023-04-16 16:00:00,65.51151851851853,13.39826666666665
2023-04-16 16:30:00,68.71007407407407,13.26659999999999
2023-04-16 17:00:00,72.37192592592594,9.91240000000002
2023-04-16 17:30:00,75.25892592592592,7.329199999999986
2023-04-16 18:00:00,76.48833333333334,7.972866666666661
2023-04-16 18:30:00,77.36137037037037,8.927533333333315
2023-04-16 19:00:00,76.91525925925924,8.514800000000008
2023-04-16 19:30:00,76.99622222222222,8.361266666666666
2023-04-16 20:00:00,77.01948148148148,8.890266666666662
2023-04-16 20:30:00,77.03859259259258,8.577600000000004
2023-04-16 21:00:00,77.32114814814814,8.245866666666657
2023-04-16 21:30:00,77.15833333333332,8.571533333333335
2023-04-16 22:00:00,77.48362962962963,7.290000000000006
2023-04-16 22:30:00,77.70611111111111,7.725866666666661
2023-04-16 23:00:00,78.1,8.343800000000002
2023-04-16 23:30:00,78.6504074074074,8.183266666666654
2023-04-17 00:00:00,79.6471851851852,9.616266666666661
2023-04-17 00:30:00,81.59177777777778,17.07013333333333
2023-04-17 01:00:00,82.34451851851853,18.89146666666666
2023-04-17 01:30:00,83.84051851851854,19.79353333333333
2023-04-17 02:00:00,85.79648148148149,17.633266666666657
2023-04-17 02:30:00,86.51711111111112,17.21693333333333
2023-04-17 03:00:00,87.0365925925926,16.060266666666678
2023-04-17 03:30:00,86.95477777777779,16.05759999999998
2023-04-17 04:00:00,87.39988888888887,15.707799999999992
2023-04-17 04:30:00,87.75425925925927,15.45180000000002
2023-04-17 05:00:00,87.85725925925925,15.156600000000012
2023-04-17 05:30:00,88.13848148148146,15.106800000000021
2023-04-17 06:00:00,87.44985185185185,14.926333333333332
2023-04-17 06:30:00,83.68325925925927,11.168999999999997
2023-04-17 07:00:00,88.84348148148148,17.901066666666665
2023-04-17 07:30:00,93.60133333333333,14.945866666666674
2023-04-17 08:00:00,94.96292592592593,13.567333333333337
2023-04-17 08:30:00,94.8932962962963,12.694399999999987
2023-04-17 09:00:00,92.43425925925925,13.617466666666658
2023-04-17 09:30:00,86.4265185185185,25.984400000000008
2023-04-17 10:00:00,78.77103703703703,32.3254
2023-04-17 10:30:00,71.00288888888889,25.35286666666665
2023-04-17 11:00:00,65.00907407407406,15.570799999999998
2023-04-17 11:30:00,62.030111111111104,18.55553333333333
2023-04-17 12:00:00,62.92051851851852,19.84913333333332
2023-04-17 12:30:00,61.21518518518518,21.10673333333333
2023-04-17 13:00:00,59.095740740740744,23.96993333333333
2023-04-17 13:30:00,57.27144444444444,23.36873333333331
2023-04-17 14:00:00,55.645074074074074,24.57166666666665
2023-04-17 14:30:00,56.18881481481481,26.104799999999997
2023-04-17 15:00:00,59.49240740740741,23.630000000000003
2023-04-17 15:30:00,61.415629629629635,22.076933333333336
2023-04-17 16:00:00,64.46162962962961,20.528399999999984
2023-04-17 16:30:00,68.57362962962962,16.086400000000012
2023-04-17 17:00:00,73.09266666666666,11.736066666666673
2023-04-17 17:30:00,76.58729629629629,9.461400000000012
2023-04-17 18:00:00,79.74937037037037,9.588266666666684
2023-04-17 18:30:00,81.47888888888889,9.76633333333335
2023-04-17 19:00:00,82.0987037037037,10.175733333333326
2023-04-17 19:30:00,81.35907407407407,12.611866666666671
2023-04-17 20:00:00,80.9835925925926,12.470733333333328
2023-04-17 20:30:00,81.251,12.455333333333328
2023-04-17 21:00:00,81.56755555555554,12.119799999999998
2023-04-17 21:30:00,82.33914814814814,11.446400000000011
2023-04-17 22:00:00,83.26388888888889,10.505600000000015
2023-04-17 22:30:00,83.79899999999999,10.993066666666692
2023-04-17 23:00:00,83.65033333333332,11.326333333333352
2023-04-17 23:30:00,84.41151851851852,11.943666666666672
2023-04-18 00:00:00,85.30281481481481,11.866133333333337
2023-04-18 00:30:00,85.78214814814815,11.550266666666658
2023-04-18 01:00:00,86.51774074074072,11.9632
2023-04-18 01:30:00,87.47425925925926,12.915333333333336
2023-04-18 02:00:00,88.3772222222222,13.511533333333333
2023-04-18 02:30:00,88.66662962962964,12.861400000000003
2023-04-18 03:00:00,89.25225925925926,12.351133333333323
2023-04-18 03:30:00,90.21059259259259,12.715066666666658
2023-04-18 04:00:00,91.07007407407407,11.079466666666647
2023-04-18 04:30:00,91.66511111111112,11.557666666666648
2023-04-18 05:00:00,92.22785185185184,11.944066666666686
2023-04-18 05:30:00,92.7894074074074,12.414133333333353
2023-04-18 06:00:00,92.76614814814815,11.656133333333344
2023-04-18 06:30:00,90.71677777777778,12.949333333333342
2023-04-18 07:00:00,84.96796296296296,14.585333333333338
2023-04-18 07:30:00,78.45451851851851,14.074000000000012
2023-04-18 08:00:00,72.14274074074075,12.853533333333345
2023-04-18 08:30:00,68.41148148148149,10.263600000000004
2023-04-18 09:00:00,67.29814814814814,8.91366666666665
2023-04-18 09:30:00,64.19692592592591,11.457599999999985
2023-04-18 10:00:00,61.67600000000001,12.359599999999993
2023-04-18 10:30:00,58.756814814814824,13.932066666666664
2023-04-18 11:00:00,56.86703703703703,12.548200000000001
2023-04-18 11:30:00,55.30100000000001,11.24479999999999
2023-04-18 12:00:00,54.646444444444434,12.982933333333328
2023-04-18 12:30:00,55.70170370370371,17.54953333333333
2023-04-18 13:00:00,55.14018518518518,12.842533333333328
2023-04-18 13:30:00,54.64281481481481,12.62433333333334
2023-04-18 14:00:00,54.193333333333335,15.80339999999999
2023-04-18 14:30:00,53.912111111111116,15.211933333333327
2023-04-18 15:00:00,54.988962962962965,14.76326666666666
2023-04-18 15:30:00,55.19540740740741,15.035800000000002
2023-04-18 16:00:00,55.8407037037037,16.97026666666666
2023-04-18 16:30:00,59.8477037037037,16.19973333333334
2023-04-18 17:00:00,64.55374074074074,11.635866666666665
2023-04-18 17:30:00,69.59585185185185,9.50693333333335
2023-04-18 18:00:00,72.21437037037037,9.259266666666647
2023-04-18 18:30:00,73.93877777777777,8.441266666666664
2023-04-18 19:00:00,74.51603703703704,8.2466
2023-04-18 19:30:00,75.2652962962963,10.186000000000007
2023-04-18 20:00:00,76.18703703703703,9.99300000000001
2023-04-18 20:30:00,76.98518518518517,10.099066666666644
2023-04-18 21:00:00,77.74548148148148,9.772666666666666
2023-04-18 21:30:00,78.78685185185185,8.973266666666674
2023-04-18 22:00:00,79.29681481481481,9.416533333333348
2023-04-18 22:30:00,80.48255555555556,8.91473333333336
2023-04-18 23:00:00,81.42422222222221,10.274199999999993
2023-04-18 23:30:00,81.86918518518517,10.345399999999984
2023-04-19 00:00:00,82.03296296296297,9.829400000000021
2023-04-19 00:30:00,81.33237037037037,8.426066666666685
2023-04-19 01:00:00,81.94203703703703,9.686333333333366
2023-04-19 01:30:00,83.1168888888889,12.288333333333341
2023-04-19 02:00:00,84.50155555555557,12.557666666666663
2023-04-19 02:30:00,85.55207407407406,12.967800000000011
2023-04-19 03:00:00,86.57714814814814,11.261400000000009
2023-04-19 03:30:00,87.161,11.403333333333336
2023-04-19 04:00:00,87.52859259259259,10.548600000000008
2023-04-19 04:30:00,87.65970370370368,10.783600000000007
2023-04-19 05:00:00,88.17774074074073,10.515666666666675
2023-04-19 05:30:00,88.48592592592593,10.656266666666653
2023-04-19 06:00:00,87.77737037037036,10.727000000000018
2023-04-19 06:30:00,85.63588888888891,10.56113333333333
2023-04-19 07:00:00,81.57981481481482,12.274333333333331
2023-04-19 07:30:00,76.60222222222222,11.250933333333322
2023-04-19 08:00:00,71.19211111111112,11.58186666666667
2023-04-19 08:30:00,67.32025925925926,10.325933333333332
2023-04-19 09:00:00,64.62318518518518,14.40253333333331
2023-04-19 09:30:00,61.69533333333334,17.547933333333326
2023-04-19 10:00:00,58.83533333333334,18.89853333333334
2023-04-19 10:30:00,57.80851851851852,19.582799999999985
2023-04-19 11:00:00,55.11559259259259,20.74499999999999
2023-04-19 11:30:00,57.23096296296296,17.147866666666673
2023-04-19 12:00:00,60.71981481481482,14.69606666666666
2023-04-19 12:30:00,74.65662962962963,47.041066666666666
2023-04-19 13:00:00,74.27662962962962,46.34893333333332
2023-04-19 13:30:00,70.90677777777779,33.03793333333335
2023-04-19 14:00:00,75.55996296296297,34.11073333333334
2023-04-19 14:30:00,75.15451851851851,33.03453333333333
2023-04-19 15:00:00,73.19825925925926,27.966799999999992
2023-04-19 15:30:00,77.56985185185185,26.028666666666652
2023-04-19 16:00:00,79.11681481481482,24.20633333333332
2023-04-19 16:30:00,77.33159259259259,19.101799999999983
2023-04-19 17:00:00,76.1062962962963,17.587800000000016
2023-04-19 17:30:00,75.41533333333334,14.507533333333313
2023-04-19 18:00:00,73.57914814814815,15.488266666666675
2023-04-19 18:30:00,72.84622222222221,16.198666666666668
2023-04-19 19:00:00,72.85948148148148,14.023200000000017
2023-04-19 19:30:00,73.37322222222221,16.00793333333334
2023-04-19 20:00:00,73.94118518518518,15.667533333333353
2023-04-19 20:30:00,74.16059259259261,14.84833333333333
2023-04-19 21:00:00,74.24962962962962,11.632199999999983
2023-04-19 21:30:00,74.3361111111111,11.202333333333328
2023-04-19 22:00:00,75.07885185185185,11.312466666666666
2023-04-19 22:30:00,76.13433333333332,10.197533333333325
2023-04-19 23:00:00,77.01514814814816,10.25266666666667
2023-04-19 23:30:00,77.7477037037037,8.965933333333325
2023-04-20 00:00:00,78.90937037037037,10.293933333333342
2023-04-20 00:30:00,79.29744444444445,13.489733333333334
2023-04-20 01:00:00,80.2141111111111,14.721800000000002
2023-04-20 01:30:00,80.83437037037038,13.075733333333318
2023-04-20 02:00:00,81.622,12.776866666666663
2023-04-20 02:30:00,81.45914814814816,11.558999999999997
2023-04-20 03:00:00,82.1127777777778,11.266266666666667
2023-04-20 03:30:00,83.97288888888889,10.517133333333362
2023-04-20 04:00:00,86.81733333333334,16.996466666666663
2023-04-20 04:30:00,87.65137037037036,18.664866666666683
2023-04-20 05:00:00,89.0651111111111,17.854466666666667
2023-04-20 05:30:00,89.29977777777778,17.014266666666686
2023-04-20 06:00:00,89.32196296296294,17.33113333333334
2023-04-20 06:30:00,89.32629629629629,16.343400000000003
2023-04-20 07:00:00,87.44596296296295,16.09260000000002
2023-04-20 07:30:00,84.52666666666667,17.2872
2023-04-20 08:00:00,82.66951851851852,17.680333333333337
2023-04-20 08:30:00,78.01592592592591,18.676199999999994
2023-04-20 09:00:00,71.57496296296296,9.966599999999985
2023-04-20 09:30:00,68.72081481481482,10.823799999999991
2023-04-20 10:00:00,65.72137037037038,12.229133333333323
2023-04-20 10:30:00,65.29962962962964,15.063799999999993
2023-04-20 11:00:00,65.3204814814815,15.318733333333334
2023-04-20 11:30:00,64.91885185185184,12.117799999999981
2023-04-20 12:00:00,64.53722222222223,14.407733333333326
2023-04-20 12:30:00,62.225481481481474,16.24939999999998
2023-04-20 13:00:00,60.69562962962963,22.151866666666656
2023-04-20 13:30:00,59.70377777777779,20.814399999999985
2023-04-20 14:00:00,58.82892592592592,21.003599999999985
2023-04-20 14:30:00,58.49574074074074,23.33599999999999
2023-04-20 15:00:00,60.371370370370364,23.826333333333324
2023-04-20 15:30:00,63.06885185185186,18.283
2023-04-20 16:00:00,66.40796296296296,14.93233333333334
2023-04-20 16:30:00,69.69859259259259,12.095533333333336
2023-04-20 17:00:00,71.59933333333333,9.918333333333337
2023-04-20 17:30:00,74.71355555555556,9.17753333333333
2023-04-20 18:00:00,76.53414814814816,9.489066666666673
2023-04-20 18:30:00,76.86585185185186,9.237533333333332
2023-04-20 19:00:00,77.70248148148147,9.71026666666664
2023-04-20 19:30:00,78.55488888888888,9.206066666666672
2023-04-20 20:00:00,79.05374074074072,8.522400000000005
2023-04-20 20:30:00,79.52066666666667,9.123200000000026
2023-04-20 21:00:00,80.02107407407408,9.631600000000006
2023-04-20 21:30:00,80.82133333333333,9.191066666666671
2023-04-20 22:00:00,80.98596296296296,8.894400000000005
2023-04-20 22:30:00,80.80918518518519,8.930133333333345
2023-04-20 23:00:00,80.76788888888889,8.385999999999996
2023-04-20 23:30:00,81.53448148148148,9.938333333333333
2023-04-21 00:00:00,82.34918518518518,10.018733333333358
2023-04-21 00:30:00,83.32329629629629,11.270066666666679
2023-04-21 01:00:00,84.16807407407408,11.895266666666672
2023-04-21 01:30:00,85.10518518518519,13.259533333333351
2023-04-21 02:00:00,86.38444444444445,13.129266666666666
2023-04-21 02:30:00,87.41466666666665,12.515333333333345
2023-04-21 03:00:00,88.27718518518519,12.166866666666678
2023-04-21 03:30:00,88.92722222222223,11.599400000000017
2023-04-21 04:00:00,88.98803703703705,11.672266666666673
2023-04-21 04:30:00,89.54370370370368,11.491066666666669
2023-04-21 05:00:00,89.9568148148148,11.298399999999987
2023-04-21 05:30:00,90.30933333333334,10.451400000000007
2023-04-21 06:00:00,90.13933333333334,10.992466666666658
2023-04-21 06:30:00,86.99566666666666,12.264866666666677
2023-04-21 07:00:00,81.83555555555556,16.278000000000006
2023-04-21 07:30:00,76.16288888888889,15.0612
2023-04-21 08:00:00,74.28214814814815,13.156866666666659
2023-04-21 08:30:00,71.07111111111111,11.49326666666667
2023-04-21 09:00:00,67.25474074074074,9.11353333333333
2023-04-21 09:30:00,61.72918518518519,8.104066666666682
2023-04-21 10:00:00,56.68933333333334,8.573733333333337
2023-04-21 10:30:00,53.40818518518519,10.102933333333333
2023-04-21 11:00:00,52.89903703703704,13.730666666666657
2023-04-21 11:30:00,54.24059259259259,21.156000000000006
2023-04-21 12:00:00,51.080259259259265,20.39673333333333
2023-04-21 12:30:00,49.61377777777778,19.557333333333332
2023-04-21 13:00:00,49.70685185185186,20.123933333333326
2023-04-21 13:30:00,53.507851851851854,14.132266666666673
2023-04-21 14:00:00,55.59974074074074,14.453000000000003
2023-04-21 14:30:00,57.353777777777786,14.521333333333331
2023-04-21 15:00:00,59.679592592592584,14.77693333333334
2023-04-21 15:30:00,60.32377777777778,13.280866666666675
2023-04-21 16:00:00,62.74307407407408,12.925400000000003
2023-04-21 16:30:00,63.836629629629634,12.601466666666667
2023-04-21 17:00:00,66.34674074074074,12.942799999999998
2023-04-21 17:30:00,71.05788888888888,10.716799999999992
2023-04-21 18:00:00,75.12803703703703,9.638999999999996
2023-04-21 18:30:00,76.8528148148148,8.942333333333309
2023-04-21 19:00:00,76.14485185185184,9.834266666666679
2023-04-21 19:30:00,74.99466666666666,8.705466666666652
2023-04-21 20:00:00,75.82374074074075,8.294600000000003
2023-04-21 20:30:00,76.91122222222222,8.315799999999996
2023-04-21 21:00:00,77.6637037037037,8.325333333333319
2023-04-21 21:30:00,78.13166666666666,8.484199999999987
2023-04-21 22:00:00,78.33759259259259,8.37439999999998
2023-04-21 22:30:00,78.56125925925924,8.326733333333351
2023-04-21 23:00:00,78.60503703703704,8.82586666666667
2023-04-21 23:30:00,77.96862962962962,8.91000000000001
2023-04-22 00:00:00,77.89266666666667,10.088133333333346
2023-04-22 00:30:00,78.32996296296295,10.321000000000012
2023-04-22 01:00:00,78.9571111111111,9.76633333333335
2023-04-22 01:30:00,79.6594074074074,8.763400000000033
2023-04-22 02:00:00,79.92414814814815,9.728066666666692
2023-04-22 02:30:00,81.29877777777777,10.96653333333333
2023-04-22 03:00:00,82.66985185185185,11.57346666666669
2023-04-22 03:30:00,83.71366666666667,10.23466666666667
2023-04-22 04:00:00,86.11240740740739,9.118333333333325
2023-04-22 04:30:00,87.60211111111113,10.222133333333332
2023-04-22 05:00:00,88.19081481481481,10.884733333333344
2023-04-22 05:30:00,88.97355555555555,10.621133333333333
2023-04-22 06:00:00,88.04129629629631,10.363733333333343
2023-04-22 06:30:00,85.36329629629628,9.032133333333334
2023-04-22 07:00:00,81.22862962962962,10.46326666666667
2023-04-22 07:30:00,75.85637037037037,15.005733333333325
2023-04-22 08:00:00,71.96614814814816,15.900733333333342
2023-04-22 08:30:00,68.16855555555556,17.114199999999997
2023-04-22 09:00:00,65.29318518518518,15.789266666666641
2023-04-22 09:30:00,64.55366666666667,15.283133333333318
2023-04-22 10:00:00,64.71344444444443,13.71319999999998
2023-04-22 10:30:00,65.15996296296296,12.166666666666657
2023-04-22 11:00:00,63.85985185185185,16.14073333333333
2023-04-22 11:30:00,62.23329629629629,17.167533333333324
2023-04-22 12:00:00,62.773222222222216,15.906666666666652
2023-04-22 12:30:00,62.35585185185184,14.111933333333305
2023-04-22 13:00:00,62.70659259259259,16.195933333333315
2023-04-22 13:30:00,66.86488888888888,16.09433333333334
2023-04-22 14:00:00,68.23025925925927,11.676733333333324
2023-04-22 14:30:00,70.51759259259259,8.533200000000008
2023-04-22 15:00:00,72.7998888888889,10.363399999999984
2023-04-22 15:30:00,73.45996296296296,11.530933333333337
2023-04-22 16:00:00,74.92455555555554,10.710133333333332
2023-04-22 16:30:00,76.34755555555556,9.228733333333338
2023-04-22 17:00:00,75.7994074074074,9.769533333333342
2023-04-22 17:30:00,77.7235185185185,9.433399999999992
2023-04-22 18:00:00,79.09418518518517,8.04806666666667
2023-04-22 18:30:00,79.2204814814815,7.225800000000007
2023-04-22 19:00:00,79.20425925925926,8.26860000000002
2023-04-22 19:30:00,79.04566666666666,7.780333333333331
2023-04-22 20:00:00,79.10600000000001,7.800733333333326
2023-04-22 20:30:00,79.51074074074074,7.401933333333346
2023-04-22 21:00:00,80.41455555555557,8.60753333333335
2023-04-22 21:30:00,80.60085185185184,9.04533333333336
2023-04-22 22:00:00,80.52203703703704,8.576000000000008
2023-04-22 22:30:00,80.6791111111111,8.739466666666686
2023-04-22 23:00:00,81.16433333333333,9.07813333333334
2023-04-22 23:30:00,81.20199999999998,8.69213333333336
2023-04-23 00:00:00,80.73948148148149,8.489733333333348
2023-04-23 00:30:00,81.40625925925926,8.562000000000012
2023-04-23 01:00:00,81.77062962962961,9.892000000000024
2023-04-23 01:30:00,82.70662962962962,10.664333333333332
2023-04-23 02:00:00,84.37262962962961,13.616200000000006
2023-04-23 02:30:00,85.4897037037037,13.81686666666667
2023-04-23 03:00:00,86.67733333333334,12.300666666666672
2023-04-23 03:30:00,87.85507407407407,11.444000000000017
2023-04-23 04:00:00,88.25877777777777,11.024200000000022
2023-04-23 04:30:00,88.0452962962963,11.58680000000001
2023-04-23 05:00:00,88.281,12.337533333333354
2023-04-23 05:30:00,89.0355185185185,12.43913333333336
2023-04-23 06:00:00,88.64848148148148,11.236533333333341
2023-04-23 06:30:00,85.65470370370372,11.790200000000013
2023-04-23 07:00:00,80.80348148148147,15.035200000000003
2023-04-23 07:30:00,75.76899999999999,15.053066666666666
2023-04-23 08:00:00,72.42037037037036,14.666266666666658
2023-04-23 08:30:00,68.26622222222221,13.466333333333331
2023-04-23 09:00:00,65.80666666666667,13.216866666666654
2023-04-23 09:30:00,63.826666666666675,14.090199999999982
2023-04-23 10:00:00,62.21944444444445,15.515733333333316
2023-04-23 10:30:00,63.09955555555556,12.630199999999995
2023-04-23 11:00:00,61.72240740740741,15.764333333333312
2023-04-23 11:30:00,63.787333333333336,16.26366666666666
2023-04-23 12:00:00,67.05729629629631,21.004600000000003
2023-04-23 12:30:00,73.63651851851851,13.89606666666667
2023-04-23 13:00:00,73.93462962962963,13.447400000000016
2023-04-23 13:30:00,74.05096296296296,11.535866666666678
2023-04-23 14:00:00,72.96640740740742,11.138133333333329
2023-04-23 14:30:00,71.14600000000002,10.611533333333327
2023-04-23 15:00:00,69.6822962962963,13.55279999999999
2023-04-23 15:30:00,71.85,10.493066666666678
2023-04-23 16:00:00,72.06992592592593,10.370199999999997
2023-04-23 16:30:00,72.60944444444445,9.405800000000013
2023-04-23 17:00:00,75.37955555555556,8.962133333333327
2023-04-23 17:30:00,77.15188888888889,8.685333333333318
2023-04-23 18:00:00,78.96011111111112,8.516733333333306
2023-04-23 18:30:00,79.76788888888888,8.22640000000004
2023-04-23 19:00:00,79.94955555555556,8.306600000000032
2023-04-23 19:30:00,80.34614814814813,7.135266666666709
2023-04-23 20:00:00,81.11451851851852,8.109933333333345
2023-04-23 20:30:00,81.19088888888888,7.351200000000034
2023-04-23 21:00:00,80.95692592592593,7.021000000000029
2023-04-23 21:30:00,81.0652222222222,7.908400000000029
2023-04-23 22:00:00,82.10559259259259,8.826199999999986
2023-04-23 22:30:00,82.87714814814814,9.066533333333325
2023-04-23 23:00:00,83.19281481481481,9.353266666666656
2023-04-23 23:30:00,84.0924074074074,9.452733333333342
2023-04-24 00:00:00,84.83992592592593,10.883466666666664
2023-04-24 00:30:00,85.03662962962964,10.654666666666657
2023-04-24 01:00:00,86.50644444444444,16.22253333333333
2023-04-24 01:30:00,89.54548148148147,14.916866666666664
2023-04-24 02:00:00,93.40092592592592,14.055666666666667
2023-04-24 02:30:00,94.8378888888889,12.968133333333313
2023-04-24 03:00:00,95.93844444444443,14.05253333333333
2023-04-24 03:30:00,96.1564074074074,12.966866666666675
2023-04-24 04:00:00,96.2202962962963,12.872600000000006
2023-04-24 04:30:00,96.28107407407408,13.031600000000012
2023-04-24 05:00:00,96.20574074074074,13.670533333333324
2023-04-24 05:30:00,96.40344444444446,13.254533333333356
2023-04-24 06:00:00,96.31948148148147,13.422999999999988
2023-04-24 06:30:00,93.14680000000001,30.548266666666677
2023-04-24 07:00:00,93.56666666666666,20.549791666666664
2023-04-24 07:30:00,91.96826666666666,20.974308333333326
2023-04-24 08:00:00,89.09373333333335,21.670999999999992
2023-04-24 08:30:00,86.0883,23.892458333333337
2023-04-24 09:00:00,80.23476666666666,22.77468333333333
2023-04-24 09:30:00,74.72259999999999,19.211091666666675
2023-04-24 10:00:00,70.63813333333334,16.67114166666665
2023-04-24 10:30:00,67.93003333333333,16.618391666666668
2023-04-24 11:00:00,67.38783333333333,14.67137499999999
2023-04-24 11:30:00,66.2452,17.348350000000003
2023-04-24 12:00:00,65.31456666666668,17.454524999999983
2023-04-24 12:30:00,66.76933333333334,18.49707500000001
2023-04-24 13:00:00,66.96813333333333,18.03224999999999
2023-04-24 13:30:00,64.83373333333333,18.507941666666675
2023-04-24 14:00:00,60.58226666666667,20.07084166666666
2023-04-24 14:30:00,56.56093333333333,19.38635
2023-04-24 15:00:00,57.566533333333346,19.997841666666673
2023-04-24 15:30:00,62.55446666666667,17.300358333333342
2023-04-24 16:00:00,67.9442,17.508500000000012
2023-04-24 16:30:00,70.64439999999999,14.726449999999986
2023-04-24 17:00:00,72.54253333333334,12.482508333333328
2023-04-24 17:30:00,75.93260000000001,12.155699999999996
2023-04-24 18:00:00,79.1651,10.40995000000001
2023-04-24 18:30:00,81.04996666666668,8.949791666666684
2023-04-24 19:00:00,81.59833333333333,8.940441666666672
2023-04-24 19:30:00,82.1114,9.197566666666674
2023-04-24 20:00:00,82.8476,9.056008333333352
2023-04-24 20:30:00,83.34729999999999,9.002900000000011
2023-04-24 21:00:00,83.86406666666666,8.848491666666675
2023-04-24 21:30:00,84.47413333333334,8.937733333333355
2023-04-24 22:00:00,85.27013333333333,10.710416666666688
2023-04-24 22:30:00,85.89743333333332,10.932150000000007
2023-04-24 23:00:00,86.87313333333333,11.255958333333325
2023-04-24 23:30:00,87.6794,11.574775000000002
2023-04-25 00:00:00,88.3,11.860683333333327
2023-04-25 00:30:00,89.18446666666667,11.385116666666647
2023-04-25 01:00:00,89.95546666666668,11.635391666666663
2023-04-25 01:30:00,90.49776666666666,11.109599999999986
2023-04-25 02:00:00,91.0297,10.851283333333356
2023-04-25 02:30:00,90.9774,10.468216666666663
2023-04-25 03:00:00,91.27966666666667,11.117166666666648
2023-04-25 03:30:00,91.59909999999999,11.378825000000006
2023-04-25 04:00:00,91.82186666666668,10.550666666666658
2023-04-25 04:30:00,92.27136666666667,11.52302499999999
2023-04-25 05:00:00,92.2816,10.698283333333322
2023-04-25 05:30:00,92.55993333333333,10.905566666666644
2023-04-25 06:00:00,92.57650000000001,11.278999999999996
2023-04-25 06:30:00,89.78126666666667,12.647866666666673
2023-04-25 07:00:00,83.66703333333335,15.703149999999994
2023-04-25 07:30:00,77.25443333333334,17.944975000000014
2023-04-25 08:00:00,72.6298,17.243783333333347
2023-04-25 08:30:00,68.63686666666666,15.830533333333328
2023-04-25 09:00:00,65.56383333333335,16.96865833333333
2023-04-25 09:30:00,63.34176666666667,21.166875000000005
2023-04-25 10:00:00,61.422700000000006,21.395008333333337
2023-04-25 10:30:00,59.6597,21.705600000000004
2023-04-25 11:00:00,57.79893333333332,20.13259166666665
2023-04-25 11:30:00,56.0049,17.07364166666666
2023-04-25 12:00:00,54.585233333333335,17.751716666666667
2023-04-25 12:30:00,54.349799999999995,18.228550000000013
2023-04-25 13:00:00,55.38773333333334,19.99316666666666
2023-04-25 13:30:00,55.259033333333335,19.728358333333333
2023-04-25 14:00:00,56.66756666666667,21.013199999999998
2023-04-25 14:30:00,58.62476666666667,18.25561666666667
2023-04-25 15:00:00,60.43346666666666,17.367933333333333
2023-04-25 15:30:00,62.6333,18.529408333333315
2023-04-25 16:00:00,67.05246666666666,17.669516666666667
2023-04-25 16:30:00,71.16176666666667,14.645358333333327
2023-04-25 17:00:00,73.3838,11.973566666666656
2023-04-25 17:30:00,76.23846666666665,10.577966666666683
2023-04-25 18:00:00,78.19923333333334,8.540233333333319
2023-04-25 18:30:00,78.95656666666666,8.431849999999997
2023-04-25 19:00:00,78.6292,8.731691666666663
2023-04-25 19:30:00,79.08323333333334,8.141049999999993
2023-04-25 20:00:00,78.8473,7.619808333333339
2023-04-25 20:30:00,79.30680000000001,8.126724999999979
2023-04-25 21:00:00,79.79366666666667,8.08020833333336
2023-04-25 21:30:00,80.1451,7.882433333333324
2023-04-25 22:00:00,80.19926666666666,8.071208333333317
2023-04-25 22:30:00,80.58166666666666,8.000133333333338
2023-04-25 23:00:00,81.51376666666667,8.310299999999984
2023-04-25 23:30:00,82.24396666666667,8.869058333333328
2023-04-26 00:00:00,82.6387,9.175208333333345
2023-04-26 00:30:00,83.38833333333332,9.401274999999998
2023-04-26 01:00:00,84.44890000000001,13.355116666666675
2023-04-26 01:30:00,84.8412,12.427916666666675
2023-04-26 02:00:00,85.91386666666668,12.88906666666665
2023-04-26 02:30:00,86.49726666666666,13.285191666666691
2023-04-26 03:00:00,87.25823333333332,13.570200000000014
2023-04-26 03:30:00,87.85643333333334,14.594991666666687
2023-04-26 04:00:00,88.22533333333334,13.960016666666675
2023-04-26 04:30:00,88.27449999999999,12.392391666666683
2023-04-26 05:00:00,88.45133333333334,10.965900000000005
2023-04-26 05:30:00,88.17589999999998,11.646749999999997
2023-04-26 06:00:00,87.5353,11.214183333333338
2023-04-26 06:30:00,85.79126666666666,10.573591666666672
2023-04-26 07:00:00,83.74960000000002,12.78233333333334
2023-04-26 07:30:00,81.54006666666666,14.100991666666658
2023-04-26 08:00:00,78.09143333333336,16.095708333333334
2023-04-26 08:30:00,74.4061,12.675383333333343
2023-04-26 09:00:00,71.01340000000002,10.736983333333342
2023-04-26 09:30:00,69.80853333333333,11.690533333333335
2023-04-26 10:00:00,69.80356666666667,12.12229166666667
2023-04-26 10:30:00,68.01506666666667,14.303591666666662
2023-04-26 11:00:00,67.07346666666668,13.917091666666678
2023-04-26 11:30:00,67.74536666666667,13.450166666666675
2023-04-26 12:00:00,69.3437,16.958299999999994
2023-04-26 12:30:00,67.97783333333334,14.552816666666665
2023-04-26 13:00:00,64.55403333333334,10.738766666666649
2023-04-26 13:30:00,61.2023,7.478875000000002
2023-04-26 14:00:00,60.29506666666666,11.522691666666667
2023-04-26 14:30:00,58.7413,5.763316666666675
2023-04-26 15:00:00,58.37933333333333,5.608333333333334
2023-04-26 15:30:00,58.79996666666667,8.443158333333336
2023-04-26 16:00:00,59.324200000000005,7.862066666666678
2023-04-26 16:30:00,61.269533333333335,12.314300000000003
2023-04-26 17:00:00,64.5818,15.843583333333328
2023-04-26 17:30:00,68.11703333333334,16.394883333333333
2023-04-26 18:00:00,72.23209999999999,15.759033333333335
2023-04-26 18:30:00,74.42063333333333,13.054341666666687
2023-04-26 19:00:00,76.06256666666665,11.580633333333338
2023-04-26 19:30:00,76.29019999999998,12.207908333333336
2023-04-26 20:00:00,77.2106,10.541899999999998
2023-04-26 20:30:00,78.81786666666666,9.84494166666667
2023-04-26 21:00:00,80.16176666666667,10.96283333333335
2023-04-26 21:30:00,81.07969999999999,11.405800000000013
2023-04-26 22:00:00,81.76326666666667,10.66662500000001
2023-04-26 22:30:00,82.43853333333333,9.44905
2023-04-26 23:00:00,82.54213333333334,8.465900000000019
2023-04-26 23:30:00,82.5369,6.255958333333368
2023-04-27 00:00:00,82.50076666666666,6.33445833333333
2023-04-27 00:30:00,83.0908,6.701791666666679
2023-04-27 01:00:00,83.93636666666666,7.175816666666691
2023-04-27 01:30:00,84.47899999999998,8.377916666666664
2023-04-27 02:00:00,84.91906666666667,8.02020833333333
2023-04-27 02:30:00,85.6563,7.7923416666666725
2023-04-27 03:00:00,84.2332,7.377850000000009
2023-04-27 03:30:00,83.68856666666667,8.319924999999998
2023-04-27 04:00:00,84.55543333333334,8.809183333333337
2023-04-27 04:30:00,85.13656666666665,8.830266666666674
2023-04-27 05:00:00,85.85400000000001,8.644266666666681
2023-04-27 05:30:00,86.08026666666666,9.181166666666698
2023-04-27 06:00:00,85.4319,9.32832500000002
2023-04-27 06:30:00,81.85236666666667,10.940283333333326
2023-04-27 07:00:00,75.16193333333332,12.381983333333338
2023-04-27 07:30:00,68.7775,11.332016666666675
2023-04-27 08:00:00,63.10893333333333,11.224749999999986
2023-04-27 08:30:00,59.80636666666667,11.76049166666666
2023-04-27 09:00:00,56.37883333333333,11.870658333333331
2023-04-27 09:30:00,54.14703333333333,15.789399999999993
2023-04-27 10:00:00,52.66383333333333,19.827449999999992
2023-04-27 10:30:00,51.15233333333333,20.190533333333335
2023-04-27 11:00:00,50.5265,17.534583333333337
2023-04-27 11:30:00,50.13863333333334,16.64054166666667
2023-04-27 12:00:00,51.15203333333334,20.32815
2023-04-27 12:30:00,52.2549,19.434741666666675
2023-04-27 13:00:00,53.94663333333333,19.41904999999999
2023-04-27 13:30:00,54.12586666666666,19.30561666666666
2023-04-27 14:00:00,55.427166666666665,18.96944166666666
2023-04-27 14:30:00,58.47186666666666,16.26098333333333
2023-04-27 15:00:00,60.9944,17.625858333333326
2023-04-27 15:30:00,64.8622,17.231383333333326
2023-04-27 16:00:00,68.2584,14.433608333333325
2023-04-27 16:30:00,71.99066666666667,10.995016666666658
2023-04-27 17:00:00,75.45033333333333,9.220208333333346
2023-04-27 17:30:00,87.45510000000002,22.892875000000004
2023-04-27 18:00:00,93.84973333333332,18.968008333333344
2023-04-27 18:30:00,95.41243333333334,18.53857500000001
2023-04-27 19:00:00,96.11646666666665,15.8536
2023-04-27 19:30:00,96.70719999999999,15.41350833333334
2023-04-27 20:00:00,96.94226666666667,14.689400000000006
2023-04-27 20:30:00,97.20833333333333,14.04931666666667
2023-04-27 21:00:00,97.47903333333333,13.528549999999996
2023-04-27 21:30:00,97.59150000000001,13.204816666666673
2023-04-27 22:00:00,97.64529999999999,12.47633333333333
2023-04-27 22:30:00,97.72563333333333,13.05043333333333
2023-04-27 23:00:00,97.95613333333333,12.998749999999987
2023-04-27 23:30:00,98.14353333333332,12.684949999999986
2023-04-28 00:00:00,98.04350000000001,12.650025
2023-04-28 00:30:00,97.96653333333333,12.845675000000014
2023-04-28 01:00:00,97.65043333333332,12.897191666666671
2023-04-28 01:30:00,97.27183333333332,12.885758333333328
2023-04-28 02:00:00,97.2459,13.165424999999999
2023-04-28 02:30:00,97.66003333333335,12.38396666666668
2023-04-28 03:00:00,97.83006666666665,12.395858333333337
2023-04-28 03:30:00,97.73733333333334,11.849958333333333
2023-04-28 04:00:00,97.97183333333335,11.652108333333345
2023-04-28 04:30:00,97.9464,12.250358333333338
2023-04-28 05:00:00,97.80850000000001,12.025608333333324
2023-04-28 05:30:00,97.75899999999999,12.003391666666673
2023-04-28 06:00:00,97.80916666666667,12.003124999999997
2023-04-28 06:30:00,97.50550000000001,11.67842499999999
2023-04-28 07:00:00,96.9433,13.299808333333331
2023-04-28 07:30:00,95.77956666666668,15.161874999999995
2023-04-28 08:00:00,93.02663333333332,17.388533333333328
2023-04-28 08:30:00,86.670425,19.652500000000018
2023-04-28 09:00:00,80.67556666666667,21.035158333333342
2023-04-28 09:30:00,75.50903333333333,17.45535000000001
2023-04-28 10:00:00,70.2461,20.962316666666645
2023-04-28 10:30:00,64.99573333333333,22.470049999999986
2023-04-28 11:00:00,62.228966666666665,17.42579166666664
2023-04-28 11:30:00,60.83004166666667,15.740875000000003
2023-04-28 12:00:00,60.628266666666676,21.39324999999998
2023-04-28 12:30:00,61.00383333333332,20.362375
2023-04-28 13:00:00,64.07276666666667,19.09272500000001
2023-04-28 13:30:00,64.96419999999999,16.744116666666663
2023-04-28 14:00:00,64.89736666666667,14.50846666666667
2023-04-28 14:30:00,64.95346666666666,16.388891666666666
2023-04-28 15:00:00,67.0602,13.734850000000009
2023-04-28 15:30:00,70.41483333333333,10.606558333333354
2023-04-28 16:00:00,73.30693333333335,7.821516666666653
2023-04-28 16:30:00,74.2039,7.722441666666654
2023-04-28 17:00:00,74.655,7.325874999999982
2023-04-28 17:30:00,76.62416666666665,4.133183333333335
2023-04-28 18:00:00,77.58333333333334,6.038458333333338
2023-04-28 18:30:00,79.02236666666667,5.298199999999994
2023-04-28 19:00:00,79.91096666666667,5.859316666666672
2023-04-28 19:30:00,80.1178,7.248300000000015
2023-04-28 20:00:00,80.67743333333333,7.860100000000003
2023-04-28 20:30:00,81.0691,8.666133333333349
2023-04-28 21:00:00,81.40549999999999,8.688125
2023-04-28 21:30:00,82.1175,8.900124999999989
2023-04-28 22:00:00,83.32513333333334,7.662816666666686
2023-04-28 22:30:00,84.26953333333333,8.323466666666675
2023-04-28 23:00:00,85.48159999999999,8.131649999999993
2023-04-28 23:30:00,86.89496666666665,8.14903333333335
2023-04-29 00:00:00,88.15423333333334,8.464650000000006
2023-04-29 00:30:00,89.4448,9.17027499999999
2023-04-29 01:00:00,90.58383333333333,9.621433333333343
2023-04-29 01:30:00,91.14166666666668,9.50889166666667
2023-04-29 02:00:00,91.50213333333333,8.844091666666657
2023-04-29 02:30:00,91.96866666666666,9.765200000000007
2023-04-29 03:00:00,92.0845,9.783058333333344
2023-04-29 03:30:00,91.89796666666666,9.725133333333332
2023-04-29 04:00:00,91.49663333333334,10.095066666666668
2023-04-29 04:30:00,90.94066666666666,9.718300000000013
2023-04-29 05:00:00,90.3767,8.103241666666676
2023-04-29 05:30:00,90.14110000000001,7.763825000000011
2023-04-29 06:00:00,90.1736,8.876274999999993
2023-04-29 06:30:00,88.48646666666667,9.327991666666648
2023-04-29 07:00:00,85.8281,8.478883333333329
2023-04-29 07:30:00,82.83693333333333,9.18824166666667
2023-04-29 08:00:00,78.4254,12.74022500000001
2023-04-29 08:30:00,72.84926666666668,16.18866666666667
2023-04-29 09:00:00,67.77966666666666,19.249258333333337
2023-04-29 09:30:00,65.12873333333332,12.993841666666668
2023-04-29 10:00:00,62.136133333333326,15.411100000000005
2023-04-29 10:30:00,60.12346666666666,15.26553333333333
2023-04-29 11:00:00,56.94136666666667,18.048008333333343
2023-04-29 11:30:00,56.138666666666666,16.357566666666663
2023-04-29 12:00:00,55.224000000000004,16.707558333333324
2023-04-29 12:30:00,56.74140000000001,19.68763333333333
2023-04-29 13:00:00,60.06916666666666,21.562566666666655
2023-04-29 13:30:00,61.264966666666666,17.699024999999992
2023-04-29 14:00:00,60.36726666666668,15.763241666666644
2023-04-29 14:30:00,59.267100000000006,18.08055833333332
2023-04-29 15:00:00,61.65826666666668,18.406716666666654
2023-04-29 15:30:00,64.83923333333334,21.831075000000006
2023-04-29 16:00:00,68.31516666666667,14.168866666666666
2023-04-29 16:30:00,71.58506666666668,14.905408333333327
2023-04-29 17:00:00,73.88386666666668,10.736833333333337
2023-04-29 17:30:00,75.53366666666666,6.617283333333319
2023-04-29 18:00:00,77.61483333333334,6.007083333333327
2023-04-29 18:30:00,77.93373333333334,7.97815833333334
2023-04-29 19:00:00,77.71110000000002,9.228416666666675
2023-04-29 19:30:00,78.325,7.8349833333333265
2023-04-29 20:00:00,79.20686666666667,6.580866666666665
2023-04-29 20:30:00,79.14686666666665,8.648441666666713
2023-04-29 21:00:00,79.06500000000001,8.628691666666697
2023-04-29 21:30:00,78.5386,7.776083333333318
2023-04-29 22:00:00,85.41436666666667,15.403483333333313
2023-04-29 22:30:00,92.8689,14.217508333333342
2023-04-29 23:00:00,94.58473333333333,12.679683333333344
2023-04-29 23:30:00,95.62023333333335,11.49962499999998
2023-04-30 00:00:00,96.32046666666668,11.817016666666646
2023-04-30 00:30:00,96.4144,11.850858333333335
2023-04-30 01:00:00,96.52273333333332,10.98230000000001
2023-04-30 01:30:00,96.56240000000001,11.17401666666666
2023-04-30 02:00:00,96.45213333333334,11.635983333333343
2023-04-30 02:30:00,96.4988,11.288683333333324
2023-04-30 03:00:00,96.45753333333333,11.935483333333337
2023-04-30 03:30:00,96.53753333333333,12.890866666666668
2023-04-30 04:00:00,96.43103333333332,13.109141666666659
2023-04-30 04:30:00,96.42783333333333,12.78799166666667
2023-04-30 05:00:00,96.12423333333331,13.36448333333334
2023-04-30 05:30:00,96.12463333333334,13.183308333333343
2023-04-30 06:00:00,95.29336666666667,12.865741666666665
2023-04-30 06:30:00,93.36383333333335,14.270483333333317
2023-04-30 07:00:00,90.34883333333332,16.43414166666666
2023-04-30 07:30:00,87.46036666666666,16.022141666666656
2023-04-30 08:00:00,83.3637,15.105958333333334
2023-04-30 08:30:00,77.09626666666666,19.409691666666674
2023-04-30 09:00:00,71.08733333333333,19.231708333333323
2023-04-30 09:30:00,67.30693333333333,20.60935833333334
2023-04-30 10:00:00,62.53000000000001,15.9831
2023-04-30 10:30:00,57.2393,10.11977499999999
2023-04-30 11:00:00,55.0381,11.12166666666667
2023-04-30 11:30:00,54.10326666666667,12.589391666666664
2023-04-30 12:00:00,54.26223333333333,13.769524999999994
2023-04-30 12:30:00,55.007633333333345,14.402583333333347
2023-04-30 13:00:00,57.278966666666655,15.148066666666665
2023-04-30 13:30:00,58.67460000000001,14.968899999999998
2023-04-30 14:00:00,60.04416666666666,13.185133333333326
2023-04-30 14:30:00,61.7975,12.739891666666658
2023-04-30 15:00:00,64.3896,11.22008333333335
2023-04-30 15:30:00,67.2578,8.61395833333333
2023-04-30 16:00:00,69.8973,7.775308333333356
2023-04-30 16:30:00,72.2821,7.1175500000000085
2023-04-30 17:00:00,73.75406666666667,10.367225000000005
2023-04-30 17:30:00,75.41116666666667,9.114416666666656
2023-04-30 18:00:00,78.77340000000001,7.0868833333333185
2023-04-30 18:30:00,80.29459999999999,7.389825000000016
2023-04-30 19:00:00,81.01526666666666,8.16615000000003
2023-04-30 19:30:00,82.11659999999999,9.473949999999988
2023-04-30 20:00:00,82.62020000000001,9.071258333333347
2023-04-30 20:30:00,82.93566666666666,9.599458333333331
2023-04-30 21:00:00,83.47436666666665,9.609616666666653
2023-04-30 21:30:00,84.09916666666666,9.570441666666667
2023-04-30 22:00:00,84.69986666666668,9.818124999999995
2023-04-30 22:30:00,85.1303,9.984283333333323
2023-04-30 23:00:00,86.32250000000002,9.919341666666654
2023-04-30 23:30:00,86.95796666666666,10.139925000000005
2023-05-01 00:00:00,87.43266666666668,9.665558333333323
2023-05-01 00:30:00,88.2601,9.346783333333335
2023-05-01 01:00:00,89.25513333333332,9.479799999999997
2023-05-01 01:30:00,89.99186666666665,10.507908333333347
2023-05-01 02:00:00,90.3621,10.36478333333335
2023-05-01 02:30:00,90.06673333333333,10.513774999999995
2023-05-01 03:00:00,89.69413333333333,10.237841666666668
2023-05-01 03:30:00,89.53020000000001,9.678449999999984
2023-05-01 04:00:00,89.07520000000001,8.928216666666643
2023-05-01 04:30:00,89.22966666666667,8.730466666666644
2023-05-01 05:00:00,89.54753333333335,8.441449999999989
2023-05-01 05:30:00,89.79843333333332,8.611349999999987
2023-05-01 06:00:00,89.72183333333332,8.513841666666693
2023-05-01 06:30:00,85.86336666666666,14.04416666666667
2023-05-01 07:00:00,81.31213333333332,11.271975000000012
2023-05-01 07:30:00,77.46056666666667,16.99736666666668
2023-05-01 08:00:00,71.99883333333334,21.989466666666658
2023-05-01 08:30:00,69.18046666666666,18.81015
2023-05-01 09:00:00,65.811675,15.822566666666653
2023-05-01 09:30:00,63.906825000000005,18.932091666666643
2023-05-01 10:00:00,62.103666666666676,17.809408333333323
2023-05-01 10:30:00,60.32963333333335,19.705041666666666
2023-05-01 11:00:00,59.479033333333334,17.34936666666667
2023-05-01 11:30:00,58.55183333333334,17.38449166666667
2023-05-01 12:00:00,57.935399999999994,20.719574999999992
2023-05-01 12:30:00,58.25630000000001,20.239349999999995
2023-05-01 13:00:00,59.100233333333335,21.758691666666664
2023-05-01 13:30:00,59.31596666666667,20.371283333333317
2023-05-01 14:00:00,59.89776666666667,20.94539166666666
2023-05-01 14:30:00,60.9605,16.424025000000007
2023-05-01 15:00:00,61.42460000000001,17.443333333333328
2023-05-01 15:30:00,61.75966666666667,18.234416666666675
2023-05-01 16:00:00,62.64306666666666,14.533875000000009
2023-05-01 16:30:00,65.15973333333335,10.788608333333322
2023-05-01 17:00:00,69.90273333333334,7.450150000000008
2023-05-01 17:30:00,74.12773333333334,5.998000000000005
2023-05-01 18:00:00,76.12186666666666,7.280691666666684
2023-05-01 18:30:00,76.95939999999999,7.02655
2023-05-01 19:00:00,77.70756666666666,6.966624999999993
2023-05-01 19:30:00,77.87873333333333,7.438774999999993
2023-05-01 20:00:00,78.198,8.377016666666677
2023-05-01 20:30:00,78.05536666666667,12.634641666666681
2023-05-01 21:00:00,76.04096666666666,12.883149999999986
2023-05-01 21:30:00,74.23496666666668,10.134924999999996
2023-05-01 22:00:00,74.6177,9.312374999999989
2023-05-01 22:30:00,75.46913333333333,12.76080833333333
2023-05-01 23:00:00,76.64533333333333,15.033366666666666
2023-05-01 23:30:00,77.18549999999999,15.55609166666666
2023-05-02 00:00:00,76.6638,11.349166666666662
2023-05-02 00:30:00,77.5988,13.769433333333339
2023-05-02 01:00:00,80.44023333333334,21.535033333333345
2023-05-02 01:30:00,82.13919999999999,20.257691666666688
2023-05-02 02:00:00,82.62740000000001,19.670858333333328
2023-05-02 02:30:00,83.2081,20.02798333333334
2023-05-02 03:00:00,83.44766666666666,18.239516666666688
2023-05-02 03:30:00,83.17456666666666,17.65532499999999
2023-05-02 04:00:00,83.18923333333333,17.71309166666667
2023-05-02 04:30:00,83.9386,16.46313333333333
2023-05-02 05:00:00,85.06570000000002,16.949683333333326
2023-05-02 05:30:00,85.84093333333333,17.170950000000005
2023-05-02 06:00:00,85.56449999999998,16.14454166666667
2023-05-02 06:30:00,82.81360000000001,15.57844999999999
2023-05-02 07:00:00,80.18593333333334,13.142800000000008
2023-05-02 07:30:00,76.79763333333332,15.68744999999997
2023-05-02 08:00:00,70.2143,18.25125833333334
2023-05-02 08:30:00,67.4691,12.762658333333334
2023-05-02 09:00:00,63.364066666666666,17.799450000000007
2023-05-02 09:30:00,62.942166666666665,11.396441666666668
2023-05-02 10:00:00,64.13499999999999,8.348258333333327
2023-05-02 10:30:00,64.09066666666666,12.496308333333346
2023-05-02 11:00:00,62.616,13.972841666666675
2023-05-02 11:30:00,62.93676666666668,11.880399999999995
2023-05-02 12:00:00,62.76526666666666,11.215999999999987
2023-05-02 12:30:00,62.842999999999996,13.398933333333318
2023-05-02 13:00:00,60.796899999999994,18.25233333333334
2023-05-02 13:30:00,60.36926666666667,18.18009166666667
2023-05-02 14:00:00,61.455433333333325,20.763583333333337
2023-05-02 14:30:00,62.241099999999996,16.37485833333332
2023-05-02 15:00:00,62.36809999999999,18.38302499999999
2023-05-02 15:30:00,63.277566666666665,11.858266666666651
2023-05-02 16:00:00,64.51759999999999,12.761358333333334
2023-05-02 16:30:00,66.82153333333332,13.457258333333328
2023-05-02 17:00:00,69.56913333333333,12.411466666666655
2023-05-02 17:30:00,73.54366666666667,8.588466666666662
2023-05-02 18:00:00,76.10246666666667,8.076491666666655
2023-05-02 18:30:00,77.1319,7.888466666666645
2023-05-02 19:00:00,78.28486666666666,8.431949999999986
2023-05-02 19:30:00,78.7045,9.698516666666663
2023-05-02 20:00:00,78.88506666666669,9.388750000000002
2023-05-02 20:30:00,79.17229999999999,8.604950000000002
2023-05-02 21:00:00,78.99033333333334,8.881466666666682
2023-05-02 21:30:00,78.7153,9.292850000000016
2023-05-02 22:00:00,78.64156666666668,10.051408333333356
2023-05-02 22:30:00,78.89673333333334,10.400683333333333
2023-05-02 23:00:00,79.98186666666666,9.141516666666675
2023-05-02 23:30:00,80.68766666666667,8.552975000000018
2023-05-03 00:00:00,81.22943333333333,7.725950000000012
2023-05-03 00:30:00,82.02613333333333,8.708216666666672
2023-05-03 01:00:00,82.90623333333333,10.374066666666664
2023-05-03 01:30:00,84.2269,10.977166666666676
2023-05-03 02:00:00,85.24806666666665,10.495625000000004
2023-05-03 02:30:00,86.05200000000002,9.712575000000001
2023-05-03 03:00:00,86.93803333333332,10.110949999999988
2023-05-03 03:30:00,87.45116666666667,9.657741666666652
2023-05-03 04:00:00,88.08886666666669,9.635400000000004
2023-05-03 04:30:00,88.7782,11.099525
2023-05-03 05:00:00,89.07033333333334,9.703466666666671
2023-05-03 05:30:00,89.01806666666666,9.94979166666667
2023-05-03 06:00:00,88.48173333333332,10.098808333333324
2023-05-03 06:30:00,83.52346666666668,18.038791666666683
2023-05-03 07:00:00,77.5896,21.563508333333317
2023-05-03 07:30:00,72.30879999999999,19.558399999999992
2023-05-03 08:00:00,69.58146666666667,17.235766666666663
2023-05-03 08:30:00,66.51259999999999,8.783741666666664
2023-05-03 09:00:00,62.373000000000005,11.412466666666667
2023-05-03 09:30:00,61.42170000000001,13.548900000000003
2023-05-03 10:00:00,59.231633333333335,17.026449999999997
2023-05-03 10:30:00,56.282433333333344,17.281483333333327
2023-05-03 11:00:00,54.95563333333333,13.813058333333338
2023-05-03 11:30:00,55.334900000000005,14.196475000000007
2023-05-03 12:00:00,55.613699999999994,13.646958333333338
2023-05-03 12:30:00,55.09183333333334,16.268816666666673
2023-05-03 13:00:00,56.232866666666666,19.265783333333324
2023-05-03 13:30:00,58.6052,19.365074999999997
2023-05-03 14:00:00,58.593500000000006,17.830283333333334
2023-05-03 14:30:00,59.41640000000001,15.07361666666666
2023-05-03 15:00:00,59.319,14.327824999999997
2023-05-03 15:30:00,59.932166666666674,12.291058333333318
2023-05-03 16:00:00,62.815466666666666,14.01159166666666
2023-05-03 16:30:00,66.7448,12.695733333333337
2023-05-03 17:00:00,70.9076,15.527666666666676
2023-05-03 17:30:00,74.42516666666668,10.559441666666658
2023-05-03 18:00:00,76.6023,6.816358333333326
2023-05-03 18:30:00,77.43736666666666,7.264566666666681
2023-05-03 19:00:00,77.81356666666667,8.159041666666667
2023-05-03 19:30:00,78.48556666666668,8.546950000000038
2023-05-03 20:00:00,78.81233333333333,7.772383333333337
2023-05-03 20:30:00,79.3586,8.589891666666674
2023-05-03 21:00:00,79.71313333333333,9.245000000000005
2023-05-03 21:30:00,79.92930000000001,8.31954166666668
2023-05-03 22:00:00,80.3303,9.412416666666672
2023-05-03 22:30:00,80.90416666666665,9.193633333333338
2023-05-03 23:00:00,81.12533333333333,9.332450000000037
2023-05-03 23:30:00,81.26643333333334,9.332641666666689
2023-05-04 00:00:00,82.1126,9.020158333333328
2023-05-04 00:30:00,82.49046666666666,9.444141666666667
2023-05-04 01:00:00,82.89793333333333,9.543150000000011
2023-05-04 01:30:00,83.26960000000001,8.480666666666679
2023-05-04 02:00:00,83.9131,9.448958333333337
2023-05-04 02:30:00,84.34533333333333,10.433949999999996
2023-05-04 03:00:00,84.87336666666667,12.107716666666676
2023-05-04 03:30:00,85.23433333333335,11.998166666666677
2023-05-04 04:00:00,85.92626666666666,12.335166666666666
2023-05-04 04:30:00,86.51100000000001,11.366000000000014
2023-05-04 05:00:00,87.60356666666667,10.319166666666689
2023-05-04 05:30:00,88.20573333333331,10.567633333333362
2023-05-04 06:00:00,87.8433,10.116366666666636
2023-05-04 06:30:00,84.40706666666667,14.943375000000003
2023-05-04 07:00:00,77.81306666666667,21.873108333333334
2023-05-04 07:30:00,73.62416666666667,18.893416666666646
2023-05-04 08:00:00,70.5881,12.295500000000011
2023-05-04 08:30:00,68.2358,9.267833333333343
2023-05-04 09:00:00,66.34400000000001,12.448733333333344
2023-05-04 09:30:00,62.33299999999999,17.50475
2023-05-04 10:00:00,59.02676666666666,16.589274999999994
2023-05-04 10:30:00,57.42983333333333,19.084958333333333
2023-05-04 11:00:00,56.44173333333333,21.700908333333345
2023-05-04 11:30:00,55.58666666666666,19.295516666666664
2023-05-04 12:00:00,55.030100000000004,20.574983333333314
2023-05-04 12:30:00,54.792433333333335,21.07495
2023-05-04 13:00:00,55.312,19.53910833333334
2023-05-04 13:30:00,54.158033333333336,19.092208333333325
2023-05-04 14:00:00,54.18696666666667,18.302616666666665
2023-05-04 14:30:00,54.22343333333335,16.942974999999997
2023-05-04 15:00:00,54.32993333333334,15.49047499999999
2023-05-04 15:30:00,55.036233333333335,17.47779166666667
2023-05-04 16:00:00,57.47226666666668,16.63862499999999
2023-05-04 16:30:00,61.82796666666667,15.713483333333343
2023-05-04 17:00:00,65.50756666666665,11.064499999999995
2023-05-04 17:30:00,69.54076666666666,9.012550000000005
2023-05-04 18:00:00,73.22026666666666,6.367766666666668
2023-05-04 18:30:00,75.0039,7.529816666666676
2023-05-04 19:00:00,75.49926666666667,7.551400000000001
2023-05-04 19:30:00,76.25753333333333,7.90702499999999
2023-05-04 20:00:00,76.63210000000001,8.299566666666664
2023-05-04 20:30:00,76.25106666666667,9.71119166666665
2023-05-04 21:00:00,76.7242,8.013791666666663
2023-05-04 21:30:00,77.21453333333332,9.068883333333375
2023-05-04 22:00:00,77.64103333333334,9.400400000000019
2023-05-04 22:30:00,78.15383333333334,10.41847500000003
2023-05-04 23:00:00,78.37306666666667,9.747208333333347
2023-05-04 23:30:00,78.53666666666668,9.011891666666699
2023-05-05 00:00:00,78.66586666666667,9.52906666666668
2023-05-05 00:30:00,79.2431,9.128283333333357
2023-05-05 01:00:00,81.69856666666666,7.145775000000015
2023-05-05 01:30:00,83.11196666666665,8.969725000000011
2023-05-05 02:00:00,81.25863333333334,9.27761666666666
2023-05-05 02:30:00,80.19316666666666,8.05305833333334
2023-05-05 03:00:00,80.50126666666668,8.655733333333345
2023-05-05 03:30:00,81.0069,9.28517500000001
2023-05-05 04:00:00,81.30913333333334,10.233099999999993
2023-05-05 04:30:00,81.3453,9.808583333333345
2023-05-05 05:00:00,81.42013333333333,9.830533333333335
2023-05-05 05:30:00,82.6892,11.523458333333323
2023-05-05 06:00:00,82.93253333333334,11.833816666666664
2023-05-05 06:30:00,78.06033333333335,22.17350833333333
2023-05-05 07:00:00,72.64559999999999,25.66165
2023-05-05 07:30:00,68.76660000000001,13.928158333333336
2023-05-05 08:00:00,64.22569999999999,15.701749999999997
2023-05-05 08:30:00,61.823633333333326,16.719775
2023-05-05 09:00:00,58.9525,17.327558333333343
2023-05-05 09:30:00,57.50803333333333,14.275624999999991
2023-05-05 10:00:00,56.306000000000004,15.131716666666662
2023-05-05 10:30:00,57.47503333333334,15.116783333333338
2023-05-05 11:00:00,56.84206666666667,16.64140000000001
2023-05-05 11:30:00,55.927800000000005,18.489816666666663
2023-05-05 12:00:00,57.57506666666667,12.323149999999991
2023-05-05 12:30:00,57.114,13.508808333333327
2023-05-05 13:00:00,57.1185,15.048041666666663
2023-05-05 13:30:00,57.15646666666665,16.322600000000016
2023-05-05 14:00:00,57.88466666666667,17.69110833333334
2023-05-05 14:30:00,58.49209999999999,15.462833333333336
2023-05-05 15:00:00,59.169033333333346,16.235
2023-05-05 15:30:00,60.15723333333335,14.487416666666668
2023-05-05 16:00:00,61.290533333333336,12.839949999999995
2023-05-05 16:30:00,63.9012,13.557066666666664
2023-05-05 17:00:00,67.18006666666666,10.560133333333319
2023-05-05 17:30:00,71.3604,9.138208333333338
2023-05-05 18:00:00,74.34873333333333,8.633433333333343
2023-05-05 18:30:00,74.96099999999998,10.091983333333332
2023-05-05 19:00:00,75.80686666666666,10.017633333333322
2023-05-05 19:30:00,76.58449999999999,9.026124999999993
2023-05-05 20:00:00,77.44366666666666,9.676991666666694
2023-05-05 20:30:00,77.75903333333332,8.786875000000023
2023-05-05 21:00:00,77.63893333333331,10.341333333333353
2023-05-05 21:30:00,76.99776666666665,12.128883333333349
2023-05-05 22:00:00,75.9299,11.73878333333333
2023-05-05 22:30:00,75.86330000000001,10.258333333333354
2023-05-05 23:00:00,76.54616666666666,9.528674999999993
2023-05-05 23:30:00,77.0245,9.496775000000014
2023-05-06 00:00:00,77.69073333333334,8.400000000000006
2023-05-06 00:30:00,78.58876666666666,9.096650000000025
2023-05-06 01:00:00,79.32989999999998,8.48060833333335
2023-05-06 01:30:00,80.1855,7.32383333333334
2023-05-06 02:00:00,80.33503333333333,8.323358333333331
2023-05-06 02:30:00,80.7681,9.469700000000003
2023-05-06 03:00:00,81.39160000000001,9.273925000000006
2023-05-06 03:30:00,81.7929,8.693191666666692
2023-05-06 04:00:00,82.20366666666666,7.661166666666688
2023-05-06 04:30:00,82.8554,7.676383333333348
2023-05-06 05:00:00,83.19056666666667,7.3303000000000225
2023-05-06 05:30:00,82.9914,8.710466666666662
2023-05-06 06:00:00,82.46483333333333,9.225000000000009
2023-05-06 06:30:00,80.5975,9.482908333333341
2023-05-06 07:00:00,76.32696666666666,11.292708333333337
2023-05-06 07:30:00,70.99016666666667,14.174816666666672
2023-05-06 08:00:00,67.49213333333333,15.161975000000005
2023-05-06 08:30:00,65.0667,14.86186666666665
2023-05-06 09:00:00,62.58723333333334,13.511574999999993
2023-05-06 09:30:00,62.87906666666667,11.194058333333338
2023-05-06 10:00:00,62.34013333333333,12.978416666666675
2023-05-06 10:30:00,65.65580000000001,32.823408333333326
2023-05-06 11:00:00,63.97203333333333,29.002325
2023-05-06 11:30:00,58.967499999999994,11.300258333333339
2023-05-06 12:00:00,57.86923333333334,6.163991666666661
2023-05-06 12:30:00,61.270433333333344,37.601000000000006
2023-05-06 13:00:00,64.12386666666666,47.53393333333334
2023-05-06 13:30:00,64.9869,47.760749999999994
2023-05-06 14:00:00,66.11349999999999,40.09880833333334
2023-05-06 14:30:00,66.24316666666667,38.798458333333336
2023-05-06 15:00:00,68.39406666666666,35.87532500000002
2023-05-06 15:30:00,76.47353333333334,27.979158333333316
2023-05-06 16:00:00,89.04296666666667,18.034783333333337
2023-05-06 16:30:00,89.50976666666665,19.307583333333326
2023-05-06 17:00:00,88.94313333333334,17.95840000000001
2023-05-06 17:30:00,91.07276666666667,14.989099999999993
2023-05-06 18:00:00,91.96793333333333,13.566475000000025
2023-05-06 18:30:00,91.72440000000002,15.832775000000012
2023-05-06 19:00:00,91.16196666666666,18.461325000000002
2023-05-06 19:30:00,89.47336666666665,20.533666666666676
2023-05-06 20:00:00,89.39,19.368983333333333
2023-05-06 20:30:00,89.7472,19.16665833333333
2023-05-06 21:00:00,90.24736666666665,17.53069166666667
2023-05-06 21:30:00,90.86066666666667,14.404583333333335
2023-05-06 22:00:00,91.49273333333333,13.496250000000003
2023-05-06 22:30:00,92.06766666666667,12.490183333333334
2023-05-06 23:00:00,92.60296666666666,12.080300000000022
2023-05-06 23:30:00,93.30453333333332,11.28358333333334
2023-05-07 00:00:00,93.4305,10.846791666666675
2023-05-07 00:30:00,93.66673333333333,11.532250000000005
2023-05-07 01:00:00,93.52663333333334,11.607025000000036
2023-05-07 01:30:00,93.44013333333332,11.273325
2023-05-07 02:00:00,93.81429999999999,11.484850000000009
2023-05-07 02:30:00,93.87000000000002,10.839783333333344
2023-05-07 03:00:00,93.9641,10.505191666666676
2023-05-07 03:30:00,93.6763,11.89243333333333
2023-05-07 04:00:00,93.29366666666667,13.267591666666675
2023-05-07 04:30:00,93.2927,13.057691666666685
2023-05-07 05:00:00,93.29406666666668,13.338616666666681
2023-05-07 05:30:00,93.47186666666666,13.333191666666693
2023-05-07 06:00:00,92.9225,13.739541666666696
2023-05-07 06:30:00,89.01209999999999,21.71996666666668
2023-05-07 07:00:00,82.774,28.31290833333334
2023-05-07 07:30:00,76.23836666666666,33.44693333333335
2023-05-07 08:00:00,71.7447,27.257358333333343
2023-05-07 08:30:00,69.67403333333333,18.573216666666667
2023-05-07 09:00:00,68.00243333333333,16.17053333333333
2023-05-07 09:30:00,65.90206666666667,10.989383333333343
2023-05-07 10:00:00,62.93683333333333,10.503408333333347
2023-05-07 10:30:00,60.419500000000006,10.145291666666672
2023-05-07 11:00:00,58.92213333333333,13.385466666666652
2023-05-07 11:30:00,58.475833333333334,15.587375000000002
2023-05-07 12:00:00,57.02933333333334,17.155041666666662
2023-05-07 12:30:00,54.943200000000004,20.785141666666668
2023-05-07 13:00:00,54.58616666666667,19.033799999999992
2023-05-07 13:30:00,54.89576666666667,17.008216666666655
2023-05-07 14:00:00,57.11823333333334,16.338358333333332
2023-05-07 14:30:00,59.06026666666668,17.04605
2023-05-07 15:00:00,61.27993333333334,14.445191666666666
2023-05-07 15:30:00,61.82023333333334,13.52586666666668
2023-05-07 16:00:00,60.15276666666667,14.380208333333321
2023-05-07 16:30:00,61.44473333333334,11.79690833333332
2023-05-07 17:00:00,62.60743333333333,11.924958333333322
2023-05-07 17:30:00,66.96843333333332,7.544408333333337
2023-05-07 18:00:00,71.63236666666667,7.249008333333336
2023-05-07 18:30:00,74.17883333333333,7.619883333333348
2023-05-07 19:00:00,75.76503333333334,9.404050000000012
2023-05-07 19:30:00,77.00186666666667,9.464525000000009
2023-05-07 20:00:00,77.55286666666667,10.564691666666675
2023-05-07 20:30:00,78.04893333333334,10.519483333333383
2023-05-07 21:00:00,78.58493333333335,11.117874999999998
2023-05-07 21:30:00,79.31133333333334,11.606416666666703
2023-05-07 22:00:00,79.71583333333334,11.293675000000022
2023-05-07 22:30:00,79.95533333333334,11.346300000000028
2023-05-07 23:00:00,80.52950000000001,11.258383333333327
2023-05-07 23:30:00,81.14453333333333,11.152033333333335
2023-05-08 00:00:00,81.95456666666666,11.633741666666666
2023-05-08 00:30:00,82.614,12.104591666666678
2023-05-08 01:00:00,83.77593333333334,13.425683333333339
2023-05-08 01:30:00,84.92080000000001,13.264683333333338
2023-05-08 02:00:00,86.12650000000001,13.611408333333344
2023-05-08 02:30:00,86.97876666666666,14.072441666666677
2023-05-08 03:00:00,87.31276666666669,12.722816666666674
2023-05-08 03:30:00,87.72619999999999,10.189741666666677
2023-05-08 04:00:00,88.38976666666667,9.853200000000001
2023-05-08 04:30:00,88.5966,10.65333333333335
2023-05-08 05:00:00,89.10730000000001,11.35458333333331
2023-05-08 05:30:00,89.89656666666666,11.302599999999998
2023-05-08 06:00:00,89.08096666666665,12.123691666666659
2023-05-08 06:30:00,85.51073333333333,12.10968333333335
2023-05-08 07:00:00,78.77409166666666,16.636677083333353
2023-05-08 07:30:00,73.7862,18.81759166666665
2023-05-08 08:00:00,69.28055833333335,15.800791666666676
2023-05-08 08:30:00,66.37508333333334,13.873266666666673
2023-05-08 09:00:00,63.947433333333336,12.660591666666676
2023-05-08 09:30:00,59.52750000000001,9.921091666666662
2023-05-08 10:00:00,56.58136666666667,14.78588333333333
2023-05-08 10:30:00,55.37303333333334,16.767391666666676
2023-05-08 11:00:00,53.80800000000001,16.39710833333333
2023-05-08 11:30:00,53.76513333333334,19.080675
2023-05-08 12:00:00,53.37133333333334,18.614941666666667
2023-05-08 12:30:00,54.0561,19.748583333333336
2023-05-08 13:00:00,55.69916666666667,20.00484166666665
2023-05-08 13:30:00,55.93643333333334,21.38876666666667
2023-05-08 14:00:00,56.06699999999999,20.54394166666667
2023-05-08 14:30:00,56.44690000000001,17.55946666666666
2023-05-08 15:00:00,55.884766666666664,18.699624999999997
2023-05-08 15:30:00,55.941733333333346,18.94913333333333
2023-05-08 16:00:00,58.81883333333333,17.69456666666666
2023-05-08 16:30:00,61.708233333333325,16.073808333333318
2023-05-08 17:00:00,65.13296666666666,11.580866666666672
2023-05-08 17:30:00,69.10903333333333,8.072908333333316
2023-05-08 18:00:00,72.21450000000002,7.349374999999995
2023-05-08 18:30:00,73.5742,8.392350000000008
2023-05-08 19:00:00,74.66416666666666,8.095841666666672
2023-05-08 19:30:00,75.26136666666665,9.571466666666666
2023-05-08 20:00:00,75.80683333333332,9.405458333333328
2023-05-08 20:30:00,76.28853333333333,9.052875
2023-05-08 21:00:00,76.72673333333333,8.99344166666667
2023-05-08 21:30:00,77.09816666666669,9.156125000000017
2023-05-08 22:00:00,78.02470000000001,9.975016666666676
2023-05-08 22:30:00,78.01273333333333,10.52480833333334
2023-05-08 23:00:00,78.39556666666667,10.935950000000034
2023-05-08 23:30:00,79.16326666666666,10.8830916666667
2023-05-09 00:00:00,79.89843333333333,11.702200000000005
2023-05-09 00:30:00,81.34253333333334,13.01570833333335
2023-05-09 01:00:00,82.04206666666667,10.073600000000013
2023-05-09 01:30:00,82.75323333333333,8.631316666666692
2023-05-09 02:00:00,83.42436666666669,10.738191666666651
2023-05-09 02:30:00,84.06219999999999,10.43542500000001
2023-05-09 03:00:00,84.68283333333332,9.065633333333338
2023-05-09 03:30:00,85.44053333333332,8.631966666666685
2023-05-09 04:00:00,85.94369999999999,8.668791666666678
2023-05-09 04:30:00,85.92493333333331,8.774875000000009
2023-05-09 05:00:00,86.08509999999998,8.361499999999992
2023-05-09 05:30:00,86.24236666666667,8.075708333333338
2023-05-09 06:00:00,85.4718,8.150500000000022
2023-05-09 06:30:00,81.504,14.738524999999981
2023-05-09 07:00:00,76.52776666666668,21.63576666666667
2023-05-09 07:30:00,72.5391,21.079300000000003
2023-05-09 08:00:00,68.5548,20.195175
2023-05-09 08:30:00,65.80303333333333,19.06495833333333
2023-05-09 09:00:00,62.95233333333332,17.475374999999985
2023-05-09 09:30:00,60.94703333333333,14.164774999999992
2023-05-09 10:00:00,59.40219999999999,10.445641666666674
2023-05-09 10:30:00,58.55143333333334,9.16203333333334
2023-05-09 11:00:00,55.870633333333345,15.474433333333337
2023-05-09 11:30:00,52.79373333333333,16.526641666666656
2023-05-09 12:00:00,50.73680000000001,17.113658333333333
2023-05-09 12:30:00,49.360166666666665,16.44684166666667
2023-05-09 13:00:00,48.87163333333333,14.080983333333329
2023-05-09 13:30:00,49.32053333333333,23.158275000000003
2023-05-09 14:00:00,51.944166666666675,22.14928333333333
2023-05-09 14:30:00,53.22073333333333,20.959441666666663
2023-05-09 15:00:00,53.65463333333334,18.06548333333334
2023-05-09 15:30:00,54.31673333333333,18.521924999999996
2023-05-09 16:00:00,56.4225,18.723058333333327
2023-05-09 16:30:00,59.68233333333335,18.87625833333334
2023-05-09 17:00:00,64.8338,14.735350000000004
2023-05-09 17:30:00,70.75956666666666,9.822608333333335
2023-05-09 18:00:00,74.32456666666667,6.416716666666659
2023-05-09 18:30:00,75.62153333333333,6.157516666666666
2023-05-09 19:00:00,75.5067,7.597666666666669
2023-05-09 19:30:00,75.7608,9.330616666666657
2023-05-09 20:00:00,75.98776666666666,8.738083333333321
2023-05-09 20:30:00,76.59446666666666,8.715558333333334
2023-05-09 21:00:00,77.34336666666667,8.510283333333334
2023-05-09 21:30:00,78.461,7.599916666666672
2023-05-09 22:00:00,78.66240000000002,8.50940833333334
2023-05-09 22:30:00,79.71886666666668,9.235558333333373
2023-05-09 23:00:00,80.48076666666667,8.80017500000001
2023-05-09 23:30:00,80.91566666666668,7.761058333333352
2023-05-10 00:00:00,81.905,6.718241666666671
2023-05-10 00:30:00,83.03513333333333,7.835633333333348
2023-05-10 01:00:00,83.7619,8.22393333333332
2023-05-10 01:30:00,84.48093333333334,8.306741666666653
2023-05-10 02:00:00,84.96430000000001,8.639191666666676
2023-05-10 02:30:00,85.59433333333334,8.357749999999996
2023-05-10 03:00:00,85.97593333333334,8.932208333333335
2023-05-10 03:30:00,86.36396666666666,8.642758333333333
2023-05-10 04:00:00,86.85536666666667,8.700358333333341
2023-05-10 04:30:00,87.34106666666666,8.342191666666665
2023-05-10 05:00:00,87.5652,8.515058333333329
2023-05-10 05:30:00,87.83056666666667,8.266008333333332
2023-05-10 06:00:00,87.17113333333332,7.91554166666667
2023-05-10 06:30:00,84.45623333333333,11.793383333333338
2023-05-10 07:00:00,79.73473333333334,16.255200000000002
2023-05-10 07:30:00,74.678,21.94242500000002
2023-05-10 08:00:00,72.1402,19.21996666666667
2023-05-10 08:30:00,69.71126666666666,18.050749999999994
2023-05-10 09:00:00,67.24553333333333,15.122025
2023-05-10 09:30:00,66.512,13.342583333333337
2023-05-10 10:00:00,65.53999999999999,14.492058333333325
2023-05-10 10:30:00,64.48513333333332,15.002624999999988
2023-05-10 11:00:00,64.25339999999998,15.135558333333329
2023-05-10 11:30:00,63.826133333333324,14.278066666666675
2023-05-10 12:00:00,62.42386666666666,15.464983333333336
2023-05-10 12:30:00,61.03496666666666,16.650574999999996
2023-05-10 13:00:00,61.804899999999996,19.12215833333333
2023-05-10 13:30:00,61.347233333333335,19.065800000000003
2023-05-10 14:00:00,60.80309999999999,18.16576666666667
2023-05-10 14:30:00,60.121066666666664,16.389108333333347
2023-05-10 15:00:00,59.910799999999995,18.846599999999995
2023-05-10 15:30:00,62.984733333333324,19.71185
2023-05-10 16:00:00,67.11726666666667,13.726591666666636
2023-05-10 16:30:00,70.5005,8.388466666666673
2023-05-10 17:00:00,74.61696666666666,8.050274999999985
2023-05-10 17:30:00,76.41626666666666,5.974375000000009
2023-05-10 18:00:00,76.43903333333334,6.975949999999997
2023-05-10 18:30:00,76.75263333333332,7.0162249999999915
2023-05-10 19:00:00,76.7612,7.321866666666665
2023-05-10 19:30:00,77.29056666666666,6.561658333333341
2023-05-10 20:00:00,77.37863333333334,7.870024999999998
2023-05-10 20:30:00,77.53853333333333,7.547566666666668
2023-05-10 21:00:00,78.21420000000002,7.467333333333315
2023-05-10 21:30:00,78.75676666666666,6.763125000000002
2023-05-10 22:00:00,79.08383333333333,8.494433333333362
2023-05-10 22:30:00,78.6744,8.19687500000002
2023-05-10 23:00:00,77.07683333333333,10.95775833333333
2023-05-10 23:30:00,75.62060000000001,14.394116666666648
2023-05-11 00:00:00,78.28283333333334,15.701158333333339
2023-05-11 00:30:00,80.8164,16.317525000000003
2023-05-11 01:00:00,81.68536666666667,17.762908333333343
2023-05-11 01:30:00,81.93339999999999,17.214091666666675
2023-05-11 02:00:00,80.60363333333333,16.035758333333334
2023-05-11 02:30:00,78.90173333333333,17.59766666666667
2023-05-11 03:00:00,78.15913333333333,15.366700000000009
2023-05-11 03:30:00,78.92446666666666,14.49578333333335
2023-05-11 04:00:00,80.40336666666666,14.19979166666667
2023-05-11 04:30:00,81.56569999999999,13.142900000000012
2023-05-11 05:00:00,81.9701,12.707283333333336
2023-05-11 05:30:00,82.34219999999999,11.304908333333358
2023-05-11 06:00:00,82.70456666666668,10.743066666666664
2023-05-11 06:30:00,80.08056666666667,17.169466666666665
2023-05-11 07:00:00,77.76059999999998,20.09750000000001
2023-05-11 07:30:00,77.58943333333333,16.005983333333347
2023-05-11 08:00:00,76.87793333333333,17.89167500000002
2023-05-11 08:30:00,73.55796666666667,17.336799999999997
2023-05-11 09:00:00,69.55959999999997,17.664
2023-05-11 09:30:00,67.31453333333334,11.901749999999993
2023-05-11 10:00:00,64.05226666666667,14.768133333333331
2023-05-11 10:30:00,62.19243333333334,12.99511666666666
2023-05-11 11:00:00,62.384433333333334,16.238775000000004
2023-05-11 11:30:00,61.80336666666666,16.189175000000006
2023-05-11 12:00:00,60.219333333333324,16.884658333333334
2023-05-11 12:30:00,59.17243333333332,16.857466666666667
2023-05-11 13:00:00,58.87146666666668,18.61467499999999
2023-05-11 13:30:00,59.02576666666668,19.537266666666675
2023-05-11 14:00:00,58.5441,19.081975000000014
2023-05-11 14:30:00,58.986166666666676,18.68783333333333
2023-05-11 15:00:00,59.6391,16.789708333333344
2023-05-11 15:30:00,64.6451,15.794624999999996
2023-05-11 16:00:00,69.43403333333332,9.444408333333342
2023-05-11 16:30:00,70.82119999999999,7.408241666666669
2023-05-11 17:00:00,72.5214,6.8961333333333386
2023-05-11 17:30:00,73.77716666666666,6.28725
2023-05-11 18:00:00,75.28569999999999,5.989641666666671
2023-05-11 18:30:00,76.38303333333334,5.116283333333342
2023-05-11 19:00:00,77.20143333333333,5.896566666666672
2023-05-11 19:30:00,77.37389999999999,7.436875000000029
2023-05-11 20:00:00,78.206,7.442708333333314
2023-05-11 20:30:00,78.70383333333334,8.073499999999981
2023-05-11 21:00:00,79.37889999999999,7.8553
2023-05-11 21:30:00,79.63943333333333,8.394333333333336
2023-05-11 22:00:00,80.31300000000002,9.324608333333344
2023-05-11 22:30:00,80.76389999999999,9.352108333333362
2023-05-11 23:00:00,80.60443333333333,9.84608333333334
2023-05-11 23:30:00,81.03876666666667,9.614741666666674
2023-05-12 00:00:00,81.65146666666666,9.994333333333344
2023-05-12 00:30:00,83.66503333333333,13.321041666666659
2023-05-12 01:00:00,84.787,14.969866666666675
2023-05-12 01:30:00,85.46723333333333,15.19050833333334
2023-05-12 02:00:00,86.22583333333333,14.755033333333344
2023-05-12 02:30:00,87.32906666666666,13.603250000000003
2023-05-12 03:00:00,88.13633333333334,11.915874999999986
2023-05-12 03:30:00,89.66863333333335,11.26614166666667
2023-05-12 04:00:00,90.64513333333333,11.311616666666666
2023-05-12 04:30:00,91.17273333333333,12.304991666666666
2023-05-12 05:00:00,90.7779,13.939241666666646
2023-05-12 05:30:00,90.66470000000001,14.18289999999999
2023-05-12 06:00:00,90.1217,15.459099999999978
2023-05-12 06:30:00,88.49749999999999,19.13849999999998
2023-05-12 07:00:00,84.48916666666666,25.316491666666693
2023-05-12 07:30:00,83.00070000000001,20.50695833333333
2023-05-12 08:00:00,79.32306666666666,26.92635
2023-05-12 08:30:00,78.03856666666665,26.280833333333348
2023-05-12 09:00:00,73.06616666666665,29.684916666666666
2023-05-12 09:30:00,70.4478,22.153716666666668
2023-05-12 10:00:00,71.34303333333332,22.928175000000003
2023-05-12 10:30:00,70.76556666666667,34.540025000000014
2023-05-12 11:00:00,68.45743333333334,25.714674999999986
2023-05-12 11:30:00,66.79653333333333,20.694558333333333
2023-05-12 12:00:00,64.44136666666667,16.941166666666668
2023-05-12 12:30:00,65.92203333333333,10.624974999999992
2023-05-12 13:00:00,68.35483333333333,5.695141666666672
2023-05-12 13:30:00,69.40793333333333,11.641108333333335
2023-05-12 14:00:00,70.3765,13.136799999999987
2023-05-12 14:30:00,71.38216666666668,8.939008333333348
2023-05-12 15:00:00,72.8381,7.586183333333324
2023-05-12 15:30:00,73.66183333333333,6.3790916666666675
2023-05-12 16:00:00,74.24806666666666,6.975783333333325
2023-05-12 16:30:00,75.07956666666666,7.299416666666659
2023-05-12 17:00:00,76.17240000000001,8.512691666666655
2023-05-12 17:30:00,77.34086666666666,7.998608333333351
2023-05-12 18:00:00,77.69679999999998,8.81283333333333
2023-05-12 18:30:00,77.88699999999999,9.055375000000012
2023-05-12 19:00:00,78.62326666666665,8.594099999999983
2023-05-12 19:30:00,79.01930000000002,9.509491666666648
2023-05-12 20:00:00,79.70823333333333,11.016275000000022
2023-05-12 20:30:00,80.46416666666667,9.560608333333363
2023-05-12 21:00:00,80.98370000000001,9.384758333333366
2023-05-12 21:30:00,81.16746666666668,9.471366666666668
2023-05-12 22:00:00,81.4436,10.656891666666652
2023-05-12 22:30:00,82.1066,10.959716666666694
2023-05-12 23:00:00,82.72276666666667,11.221383333333335
2023-05-12 23:30:00,83.58033333333333,11.4204
2023-05-13 00:00:00,84.09876666666666,12.239899999999992
2023-05-13 00:30:00,84.48536666666666,12.904466666666664
2023-05-13 01:00:00,84.83996666666668,12.244608333333332
2023-05-13 01:30:00,85.29399999999998,11.798008333333343
2023-05-13 02:00:00,85.8559,11.963475000000003
2023-05-13 02:30:00,86.55513333333333,11.295199999999994
2023-05-13 03:00:00,87.74686666666668,11.532749999999993
2023-05-13 03:30:00,88.24286666666667,11.474324999999993
2023-05-13 04:00:00,88.4942,12.287491666666668
2023-05-13 04:30:00,89.2128,12.207675000000009
2023-05-13 05:00:00,89.65693333333333,12.65220833333332
2023-05-13 05:30:00,89.8501,12.19368333333334
2023-05-13 06:00:00,89.63346666666666,11.089316666666662
2023-05-13 06:30:00,86.04046666666667,13.941383333333334
2023-05-13 07:00:00,80.48053333333334,18.803725
2023-05-13 07:30:00,75.98973333333332,20.53851666666668
2023-05-13 08:00:00,71.66109999999999,18.24288333333334
2023-05-13 08:30:00,68.24346666666665,16.406016666666666
2023-05-13 09:00:00,66.7104,11.585266666666662
2023-05-13 09:30:00,63.92723333333332,12.324908333333326
2023-05-13 10:00:00,61.4474,12.441966666666666
2023-05-13 10:30:00,59.72806666666666,15.358208333333337
2023-05-13 11:00:00,57.586266666666674,13.37172499999999
2023-05-13 11:30:00,55.04780000000001,16.522166666666664
2023-05-13 12:00:00,54.44796666666666,20.513666666666666
2023-05-13 12:30:00,55.029399999999995,19.966858333333327
2023-05-13 13:00:00,55.904700000000005,20.42083333333334
2023-05-13 13:30:00,57.54296666666668,19.31494166666667
2023-05-13 14:00:00,58.75486666666667,18.900575000000003
2023-05-13 14:30:00,58.427433333333326,18.080650000000013
2023-05-13 15:00:00,60.72716666666666,14.808624999999992
2023-05-13 15:30:00,62.73716666666667,13.992608333333337
2023-05-13 16:00:00,63.862833333333334,11.921516666666669
2023-05-13 16:30:00,67.18260000000001,7.742933333333333
2023-05-13 17:00:00,69.9739,6.443741666666654
2023-05-13 17:30:00,71.606,6.483499999999992
2023-05-13 18:00:00,72.98523333333334,6.77835833333333
2023-05-13 18:30:00,73.877,7.425300000000007
2023-05-13 19:00:00,74.92233333333334,6.068958333333342
2023-05-13 19:30:00,76.94236666666667,6.406024999999985
2023-05-13 20:00:00,78.19286666666667,9.26669166666666
2023-05-13 20:30:00,78.96496666666667,9.173000000000002
2023-05-13 21:00:00,78.55106666666667,7.5958083333333235
2023-05-13 21:30:00,78.43093333333333,7.344133333333346
2023-05-13 22:00:00,78.86959999999999,7.617683333333346
2023-05-13 22:30:00,79.59463333333333,8.900491666666653
2023-05-13 23:00:00,80.08613333333334,8.48244166666666
2023-05-13 23:30:00,80.71866666666666,8.132425000000026
2023-05-14 00:00:00,81.48906666666667,8.89819166666669
2023-05-14 00:30:00,82.17409999999998,8.80069166666668
2023-05-14 01:00:00,83.00486666666666,9.366683333333341
2023-05-14 01:30:00,84.03703333333334,9.742049999999978
2023-05-14 02:00:00,85.01893333333332,9.433341666666664
2023-05-14 02:30:00,85.68156666666667,8.957266666666683
2023-05-14 03:00:00,86.67196666666666,8.416799999999995
2023-05-14 03:30:00,87.41703333333335,8.690900000000013
2023-05-14 04:00:00,87.41726666666666,8.33700833333333
2023-05-14 04:30:00,87.28320000000001,8.789666666666676
2023-05-14 05:00:00,87.44679999999998,8.365466666666677
2023-05-14 05:30:00,87.44863333333333,8.251916666666673
2023-05-14 06:00:00,86.6123,8.478700000000003
2023-05-14 06:30:00,84.66976666666667,10.821375000000032
2023-05-14 07:00:00,79.22529999999999,19.099358333333328
2023-05-14 07:30:00,74.87706666666666,22.216174999999986
2023-05-14 08:00:00,71.01,21.200300000000006
2023-05-14 08:30:00,68.5873,16.471141666666682
2023-05-14 09:00:00,66.35863333333332,15.265191666666652
2023-05-14 09:30:00,64.06,22.465099999999993
2023-05-14 10:00:00,61.78193333333333,18.16075
2023-05-14 10:30:00,60.32030000000001,19.319824999999987
2023-05-14 11:00:00,61.23646666666667,20.141208333333324
2023-05-14 11:30:00,63.6375,20.312824999999997
2023-05-14 12:00:00,63.057399999999994,16.274500000000003
2023-05-14 12:30:00,62.222300000000004,18.572833333333335
2023-05-14 13:00:00,63.98506666666666,15.998891666666644
2023-05-14 13:30:00,64.50833333333333,15.920141666666659
2023-05-14 14:00:00,65.3192,16.518224999999994
2023-05-14 14:30:00,67.48763333333332,13.38655
2023-05-14 15:00:00,71.10923333333334,9.919483333333318
2023-05-14 15:30:00,74.45376666666667,7.888641666666672
2023-05-14 16:00:00,76.90166666666667,6.849158333333307
2023-05-14 16:30:00,78.13486666666667,6.848083333333335
2023-05-14 17:00:00,79.00686666666665,7.093074999999999
2023-05-14 17:30:00,79.39596666666668,6.793875000000014
2023-05-14 18:00:00,81.38733333333333,12.59526666666666
2023-05-14 18:30:00,83.93603333333333,14.34045833333333
2023-05-14 19:00:00,85.44776666666667,17.221166666666676
2023-05-14 19:30:00,87.3475,15.262191666666652
2023-05-14 20:00:00,89.86363333333333,12.466149999999999
2023-05-14 20:30:00,91.76676666666667,12.038391666666655
2023-05-14 21:00:00,92.78373333333333,12.819633333333329
2023-05-14 21:30:00,93.30340000000001,13.002099999999999
2023-05-14 22:00:00,93.79976666666667,12.32298333333334
2023-05-14 22:30:00,93.84330000000001,13.082808333333332
2023-05-14 23:00:00,93.79196666666667,15.82372500000001
2023-05-14 23:30:00,94.18073333333334,14.878866666666667
2023-05-15 00:00:00,93.83256666666666,16.032491666666658
2023-05-15 00:30:00,93.59796666666668,16.060633333333342
2023-05-15 01:00:00,93.27993333333333,16.715808333333342
2023-05-15 01:30:00,93.14860000000002,15.875875000000008
2023-05-15 02:00:00,93.02020000000002,14.189824999999999
2023-05-15 02:30:00,92.25913333333334,12.795658333333321
2023-05-15 03:00:00,91.69713333333334,12.15013333333333
2023-05-15 03:30:00,91.73563333333335,12.08676666666669
2023-05-15 04:00:00,91.92896666666667,12.228875000000016
2023-05-15 04:30:00,91.62566666666666,12.670950000000005
2023-05-15 05:00:00,91.49053333333333,11.840816666666655
2023-05-15 05:30:00,91.19536666666667,11.906533333333343
2023-05-15 06:00:00,90.81846666666667,11.721350000000001
2023-05-15 06:30:00,89.83439999999999,11.058066666666662
2023-05-15 07:00:00,94.15263333333333,13.299199999999999
2023-05-15 07:30:00,97.50143333333332,11.247258333333335
2023-05-15 08:00:00,98.22613333333332,11.511324999999985
2023-05-15 08:30:00,98.52503333333333,10.025733333333335
2023-05-15 09:00:00,98.75186666666669,10.125208333333319
2023-05-15 09:30:00,98.9769,10.513075
2023-05-15 10:00:00,98.9576,10.027374999999992
2023-05-15 10:30:00,99.2202,9.508716666666686
2023-05-15 11:00:00,99.00786666666666,9.812099999999987
2023-05-15 11:30:00,98.7515,9.908641666666668
2023-05-15 12:00:00,98.66063333333332,10.584450000000004
2023-05-15 12:30:00,97.88036666666667,10.560183333333327
2023-05-15 13:00:00,96.45370000000001,13.567758333333344
2023-05-15 13:30:00,93.01833333333333,15.398166666666668
2023-05-15 14:00:00,89.2768,17.457733333333337
2023-05-15 14:30:00,85.51609999999998,17.573174999999992
2023-05-15 15:00:00,82.78436666666667,21.331316666666666
2023-05-15 15:30:00,83.2798,17.88865
2023-05-15 16:00:00,81.60616666666667,14.357141666666678
2023-05-15 16:30:00,81.66473333333334,13.97904166666666
2023-05-15 17:00:00,83.01013333333333,13.511433333333358
2023-05-15 17:30:00,84.22673333333333,14.515775000000033
2023-05-15 18:00:00,85.5551,13.257766666666669
2023-05-15 18:30:00,86.9807,12.711508333333327
2023-05-15 19:00:00,87.95689999999999,11.756241666666668
2023-05-15 19:30:00,88.60576666666665,11.41147500000001
2023-05-15 20:00:00,89.06413333333333,10.628466666666668
2023-05-15 20:30:00,89.3153,10.082041666666655
2023-05-15 21:00:00,89.62526666666668,9.820766666666671
2023-05-15 21:30:00,90.39806666666667,9.723316666666676
2023-05-15 22:00:00,90.80699999999999,9.563766666666666
2023-05-15 22:30:00,91.35669999999999,9.760374999999996
2023-05-15 23:00:00,92.13653333333333,9.570975000000004
2023-05-15 23:30:00,92.86163333333333,9.469308333333345
2023-05-16 00:00:00,93.34203333333332,9.111591666666683
2023-05-16 00:30:00,92.98143333333333,8.302483333333342
2023-05-16 01:00:00,93.53273333333333,8.84401666666669
2023-05-16 01:30:00,93.81983333333332,8.750808333333353
2023-05-16 02:00:00,94.22253333333332,8.89448333333334
2023-05-16 02:30:00,94.5254,9.565741666666696
2023-05-16 03:00:00,94.93260000000001,9.53732500000001
2023-05-16 03:30:00,95.06006666666667,9.494841666666645
2023-05-16 04:00:00,95.19446666666667,10.258266666666685
2023-05-16 04:30:00,95.53663333333333,9.759174999999985
2023-05-16 05:00:00,95.64596666666667,9.943291666666667
2023-05-16 05:30:00,95.27303333333333,10.178499999999985
2023-05-16 06:00:00,95.19866666666665,10.714375000000032
2023-05-16 06:30:00,92.05203333333333,12.411200000000008
2023-05-16 07:00:00,85.45773333333335,18.167941666666678
2023-05-16 07:30:00,80.7621,17.933600000000013
2023-05-16 08:00:00,76.4562,20.262908333333343
2023-05-16 08:30:00,71.78363333333334,26.552625000000013
2023-05-16 09:00:00,68.77986666666666,26.938791666666667
2023-05-16 09:30:00,65.42143333333334,24.82265833333333
2023-05-16 10:00:00,64.3287,19.34235833333331
2023-05-16 10:30:00,61.93713333333333,15.225891666666662
2023-05-16 11:00:00,59.661,16.498374999999996
2023-05-16 11:30:00,58.66063333333333,17.115966666666658
2023-05-16 12:00:00,58.191933333333324,16.926291666666664
2023-05-16 12:30:00,57.74626666666667,19.661041666666655
2023-05-16 13:00:00,57.369400000000006,21.47953333333333
2023-05-16 13:30:00,57.138,22.531983333333336
2023-05-16 14:00:00,57.031166666666664,20.74630833333333
2023-05-16 14:30:00,57.57899999999999,18.881741666666663
2023-05-16 15:00:00,57.77846666666667,20.05130833333334
2023-05-16 15:30:00,59.6989,24.38949166666667
2023-05-16 16:00:00,62.3756,24.327575000000003
2023-05-16 16:30:00,63.732433333333326,22.60693333333335
2023-05-16 17:00:00,65.16506666666666,17.68227499999999
2023-05-16 17:30:00,69.26496666666667,12.885125000000002
2023-05-16 18:00:00,73.43196666666667,7.428250000000006
2023-05-16 18:30:00,75.25986666666667,7.359916666666663
2023-05-16 19:00:00,76.19086666666666,7.963300000000004
2023-05-16 19:30:00,77.02393333333335,7.8360250000000065
2023-05-16 20:00:00,77.96400000000001,8.348991666666677
2023-05-16 20:30:00,78.78663333333333,8.672900000000013
2023-05-16 21:00:00,79.33343333333333,8.267683333333338
2023-05-16 21:30:00,79.96803333333334,9.19041666666672
2023-05-16 22:00:00,81.20186666666666,8.666041666666715
2023-05-16 22:30:00,81.93113333333332,7.385725000000022
2023-05-16 23:00:00,82.96446666666665,6.953741666666659
2023-05-16 23:30:00,84.38873333333333,8.782458333333338
2023-05-17 00:00:00,85.71206666666664,9.314191666666673
2023-05-17 00:30:00,87.01356666666666,9.707025000000002
2023-05-17 01:00:00,88.00773333333333,9.619866666666653
2023-05-17 01:30:00,88.82630000000002,10.592749999999995
2023-05-17 02:00:00,89.5857,11.187474999999978
2023-05-17 02:30:00,90.22810000000001,10.859624999999994
2023-05-17 03:00:00,90.79913333333333,11.424525000000003
2023-05-17 03:30:00,91.38736666666665,11.34211666666667
2023-05-17 04:00:00,91.88616666666667,11.128666666666675
2023-05-17 04:30:00,92.1823,11.259933333333322
2023-05-17 05:00:00,92.47563333333335,11.816591666666667
2023-05-17 05:30:00,92.94436666666667,11.659408333333332
2023-05-17 06:00:00,92.83956666666666,12.636974999999993
2023-05-17 06:30:00,89.4574,10.212249999999997
2023-05-17 07:00:00,83.09213333333335,13.386775000000014
2023-05-17 07:30:00,78.74336666666667,13.063000000000002
2023-05-17 08:00:00,75.26273333333332,11.923158333333333
2023-05-17 08:30:00,71.73543333333333,9.043575000000004
2023-05-17 09:00:00,68.4624,11.266291666666675
2023-05-17 09:30:00,66.01343333333332,11.792074999999983
2023-05-17 10:00:00,63.469033333333336,14.082708333333336
2023-05-17 10:30:00,61.119299999999996,13.79294999999999
2023-05-17 11:00:00,58.8817,17.53566666666667
2023-05-17 11:30:00,58.743633333333335,21.96784999999999
2023-05-17 12:00:00,57.948266666666676,23.014250000000004
2023-05-17 12:30:00,57.71236666666666,24.898125
2023-05-17 13:00:00,59.254533333333335,23.495258333333332
2023-05-17 13:30:00,60.34293333333333,24.00304166666666
2023-05-17 14:00:00,62.07216666666667,20.986233333333345
2023-05-17 14:30:00,62.56256666666668,15.151175000000002
2023-05-17 15:00:00,61.4234,17.163933333333347
2023-05-17 15:30:00,60.78263333333333,16.037258333333334
2023-05-17 16:00:00,62.398,13.988141666666664
2023-05-17 16:30:00,65.62163333333334,14.999808333333348
2023-05-17 17:00:00,69.06566666666666,12.31087500000001
2023-05-17 17:30:00,73.0814,6.599916666666644
2023-05-17 18:00:00,75.75493333333334,6.269116666666662
2023-05-17 18:30:00,76.79736666666668,6.132500000000007
2023-05-17 19:00:00,76.83536666666666,8.137574999999984
2023-05-17 19:30:00,77.70693333333332,8.201800000000006
2023-05-17 20:00:00,78.39456666666666,6.932275000000004
2023-05-17 20:30:00,78.9601,6.928658333333331
2023-05-17 21:00:00,79.43630000000002,8.044666666666672
2023-05-17 21:30:00,79.80376666666668,8.460950000000011
2023-05-17 22:00:00,80.75973333333334,9.15503333333335
2023-05-17 22:30:00,81.3226,8.860041666666675
2023-05-17 23:00:00,81.74943333333333,8.221950000000021
2023-05-17 23:30:00,82.37226666666666,9.908283333333358
2023-05-18 00:00:00,82.97226666666667,10.024083333333323
2023-05-18 00:30:00,83.9889,10.115274999999983
2023-05-18 01:00:00,85.0053,9.958474999999993
2023-05-18 01:30:00,86.73613333333333,13.303708333333347
2023-05-18 02:00:00,87.69596666666666,14.442366666666672
2023-05-18 02:30:00,88.69886666666666,15.533091666666664
2023-05-18 03:00:00,89.51246666666665,15.791449999999998
2023-05-18 03:30:00,90.60060000000001,14.910366666666661
2023-05-18 04:00:00,91.8221,14.865308333333303
2023-05-18 04:30:00,92.51566666666666,13.87814166666665
2023-05-18 05:00:00,92.97703333333332,13.407033333333331
2023-05-18 05:30:00,93.12890000000002,13.74315
2023-05-18 06:00:00,92.5072,14.472508333333309
2023-05-18 06:30:00,91.37826666666666,14.298841666666661
2023-05-18 07:00:00,89.90453333333333,15.469216666666668
2023-05-18 07:30:00,90.83349999999999,14.488041666666675
2023-05-18 08:00:00,93.5326,14.994941666666676
2023-05-18 08:30:00,95.51180000000001,13.236333333333334
2023-05-18 09:00:00,97.60743333333335,11.154716666666673
2023-05-18 09:30:00,98.15096666666668,10.608141666666668
2023-05-18 10:00:00,98.58733333333333,10.226466666666667
2023-05-18 10:30:00,98.73956666666668,9.836941666666661
2023-05-18 11:00:00,99.06883333333333,10.250250000000008
2023-05-18 11:30:00,99.20976666666668,9.834525
2023-05-18 12:00:00,99.1849,9.564383333333325
2023-05-18 12:30:00,99.2767,9.977091666666666
2023-05-18 13:00:00,99.2219,9.44565
2023-05-18 13:30:00,98.98163333333333,10.055783333333338
2023-05-18 14:00:00,98.38730000000001,9.413258333333346
2023-05-18 14:30:00,97.31433333333334,10.712758333333326
2023-05-18 15:00:00,95.99596666666667,11.744783333333345
2023-05-18 15:30:00,94.71549999999999,11.140616666666673
2023-05-18 16:00:00,93.08566666666667,13.465566666666675
2023-05-18 16:30:00,91.73383333333335,14.726499999999987
2023-05-18 17:00:00,91.00783333333334,15.937183333333323
2023-05-18 17:30:00,91.16246666666667,16.26321666666665
2023-05-18 18:00:00,91.6691,16.160691666666636
2023-05-18 18:30:00,91.91746666666667,14.984683333333322
2023-05-18 19:00:00,92.66296666666668,14.503791666666658
2023-05-18 19:30:00,92.8733,12.80328333333334
2023-05-18 20:00:00,93.28473333333334,11.226233333333326
2023-05-18 20:30:00,93.91543333333334,9.770083333333346
2023-05-18 21:00:00,94.49876666666667,9.556808333333336
2023-05-18 21:30:00,94.91969999999999,9.814633333333376
2023-05-18 22:00:00,95.3811,8.094024999999988
2023-05-18 22:30:00,96.08093333333333,8.867099999999994
2023-05-18 23:00:00,96.35790000000001,8.517016666666677
2023-05-18 23:30:00,96.43570000000001,9.481774999999999
2023-05-19 00:00:00,96.81743333333334,8.940775000000016
2023-05-19 00:30:00,96.89236666666666,9.671800000000005
2023-05-19 01:00:00,97.22533333333334,9.863658333333333
2023-05-19 01:30:00,97.3144,10.661216666666661
2023-05-19 02:00:00,97.6705,10.094116666666679
2023-05-19 02:30:00,97.6754,9.480891666666679
2023-05-19 03:00:00,97.68870000000001,9.42884166666667
2023-05-19 03:30:00,97.65403333333333,9.88814166666667
2023-05-19 04:00:00,97.41460000000001,9.384633333333312
2023-05-19 04:30:00,96.5617,10.255108333333325
2023-05-19 05:00:00,95.60943333333334,11.358500000000006
2023-05-19 05:30:00,94.92123333333333,11.110641666666666
2023-05-19 06:00:00,93.8946,11.335966666666707
2023-05-19 06:30:00,91.7698,13.056366666666648
2023-05-19 07:00:00,87.9935,15.460191666666674
2023-05-19 07:30:00,82.92643333333334,17.325000000000003
2023-05-19 08:00:00,76.68833333333333,14.990966666666665
2023-05-19 08:30:00,72.34453333333332,12.777933333333323
2023-05-19 09:00:00,68.48155555555556,13.383066666666672
2023-05-19 09:30:00,65.61560185185185,11.327666666666666
2023-05-19 10:00:00,62.22822222222222,10.118866666666655
2023-05-19 10:30:00,62.3006388888889,9.621666666666663
2023-05-19 11:00:00,60.37985185185185,12.105333333333334
2023-05-19 11:30:00,59.36259259259259,14.123799999999989
2023-05-19 12:00:00,58.30644444444445,16.892933333333325
2023-05-19 12:30:00,57.961148148148155,17.635200000000005
2023-05-19 13:00:00,63.79411111111111,14.242533333333334
2023-05-19 13:30:00,70.24637037037036,24.291533333333334
2023-05-19 14:00:00,70.27333333333333,40.177866666666674
2023-05-19 14:30:00,70.49974074074073,32.82286666666666
2023-05-19 15:00:00,70.06033333333332,24.9604
2023-05-19 15:30:00,71.15985185185187,19.897599999999997
2023-05-19 16:00:00,76.0398888888889,16.8476
2023-05-19 16:30:00,81.07603703703704,10.708866666666665
2023-05-19 17:00:00,82.46474074074074,5.72686666666668
2023-05-19 17:30:00,83.09429629629629,6.687266666666673
2023-05-19 18:00:00,83.38677777777778,9.096333333333334
2023-05-19 18:30:00,83.54611111111112,9.33586666666666
2023-05-19 19:00:00,83.4427037037037,9.977199999999996
2023-05-19 19:30:00,83.43614814814813,11.220533333333321
2023-05-19 20:00:00,83.83496296296295,8.740466666666663
2023-05-19 20:30:00,84.95151851851853,7.663600000000002
2023-05-19 21:00:00,85.67637037037038,8.716200000000015
2023-05-19 21:30:00,86.63488888888888,8.527200000000008
2023-05-19 22:00:00,87.14566666666666,8.50906666666667
2023-05-19 22:30:00,87.65637037037037,9.543266666666682
2023-05-19 23:00:00,88.91085185185186,9.560666666666663
2023-05-19 23:30:00,90.14844444444445,8.642866666666663
2023-05-20 00:00:00,90.7334074074074,8.913199999999975
2023-05-20 00:30:00,91.31518518518517,7.775866666666673
2023-05-20 01:00:00,91.89177777777778,7.426199999999994
2023-05-20 01:30:00,92.53855555555555,7.863599999999991
2023-05-20 02:00:00,92.73462962962964,8.070733333333337
2023-05-20 02:30:00,93.08007407407409,7.108399999999989
2023-05-20 03:00:00,93.13266666666667,8.01893333333335
2023-05-20 03:30:00,93.02774074074074,6.845466666666667
2023-05-20 04:00:00,92.9071111111111,6.834133333333341
2023-05-20 04:30:00,93.4885925925926,7.359266666666656
2023-05-20 05:00:00,93.7038148148148,7.4395999999999844
2023-05-20 05:30:00,94.06099999999999,7.679733333333331
2023-05-20 06:00:00,93.94625925925925,7.786066666666656
2023-05-20 06:30:00,92.12829629629628,6.488533333333351
2023-05-20 07:00:00,88.48762962962964,8.152800000000013
2023-05-20 07:30:00,84.43848148148147,11.80579999999999
2023-05-20 08:00:00,79.85266666666666,13.62933333333332
2023-05-20 08:30:00,76.63374074074073,11.971333333333362
2023-05-20 09:00:00,73.47029629629628,15.328933333333325
2023-05-20 09:30:00,71.26655555555554,15.249466666666649
2023-05-20 10:00:00,68.62748148148148,13.598800000000004
2023-05-20 10:30:00,66.46844444444444,12.551333333333332
2023-05-20 11:00:00,64.68374074074075,14.957
2023-05-20 11:30:00,64.21337037037037,16.538266666666658
2023-05-20 12:00:00,64.38418518518519,16.148466666666664
2023-05-20 12:30:00,63.11066666666667,18.75520000000001
2023-05-20 13:00:00,63.9104074074074,15.33619999999997
2023-05-20 13:30:00,65.0324074074074,13.862466666666663
2023-05-20 14:00:00,64.84133333333334,13.319199999999974
2023-05-20 14:30:00,65.4462962962963,14.218466666666657
2023-05-20 15:00:00,68.06851851851852,12.300333333333313
2023-05-20 15:30:00,70.95696296296296,9.859933333333345
2023-05-20 16:00:00,73.41277777777778,7.450199999999995
2023-05-20 16:30:00,75.57525925925925,5.578266666666664
2023-05-20 17:00:00,76.16614814814814,7.846266666666665
2023-05-20 17:30:00,77.59696296296296,7.81013333333334
2023-05-20 18:00:00,79.199,8.203066666666672
2023-05-20 18:30:00,80.77596296296298,7.945399999999978
2023-05-20 19:00:00,81.64514814814814,7.0734666666666755
2023-05-20 19:30:00,82.59707407407407,6.625200000000021
2023-05-20 20:00:00,83.20040740740741,6.130466666666692
2023-05-20 20:30:00,83.5488888888889,6.685000000000002
2023-05-20 21:00:00,84.02262962962963,6.512466666666668
2023-05-20 21:30:00,84.74796296296296,6.885733333333334
2023-05-20 22:00:00,87.00399999999999,8.706066666666658
2023-05-20 22:30:00,92.31788888888887,11.85786666666668
2023-05-20 23:00:00,94.77425925925925,11.811533333333344
2023-05-20 23:30:00,94.93522222222224,12.403733333333363
2023-05-21 00:00:00,95.14533333333334,12.686333333333337
2023-05-21 00:30:00,95.56725925925926,13.100933333333344
2023-05-21 01:00:00,96.01266666666668,12.795266666666663
2023-05-21 01:30:00,97.0665925925926,9.992866666666671
2023-05-21 02:00:00,98.01096296296298,10.280466666666655
2023-05-21 02:30:00,98.42366666666668,10.72026666666666
2023-05-21 03:00:00,98.8214074074074,9.5942
2023-05-21 03:30:00,99.0188148148148,9.634999999999991
2023-05-21 04:00:00,99.34188888888887,9.932733333333331
2023-05-21 04:30:00,99.45585185185185,9.214733333333314
2023-05-21 05:00:00,99.45548148148148,8.639933333333332
2023-05-21 05:30:00,99.76196296296297,8.785733333333326
2023-05-21 06:00:00,99.87755555555555,9.045999999999992
2023-05-21 06:30:00,99.84959259259259,8.494799999999998
2023-05-21 07:00:00,99.30966666666667,9.122533333333337
2023-05-21 07:30:00,97.50003703703705,13.801533333333353
2023-05-21 08:00:00,91.87522222222222,21.561133333333345
2023-05-21 08:30:00,82.99248148148149,29.18780000000001
2023-05-21 09:00:00,73.51007407407407,34.225733333333324
2023-05-21 09:30:00,66.68774074074075,28.673799999999993
2023-05-21 10:00:00,62.273296296296294,25.447533333333332
2023-05-21 10:30:00,59.28974074074074,21.527200000000008
2023-05-21 11:00:00,57.66122222222222,18.468133333333334
2023-05-21 11:30:00,57.29066666666667,16.64766666666666
2023-05-21 12:00:00,55.635777777777776,17.187733333333348
2023-05-21 12:30:00,54.70051851851852,20.062533333333334
2023-05-21 13:00:00,55.10181481481481,22.62373333333332
2023-05-21 13:30:00,55.65459259259259,23.21213333333334
2023-05-21 14:00:00,55.385296296296296,25.748066666666674
2023-05-21 14:30:00,56.005925925925936,24.80693333333334
2023-05-21 15:00:00,58.83892592592593,20.139200000000002
2023-05-21 15:30:00,59.24974074074074,15.780933333333337
2023-05-21 16:00:00,60.85985185185185,18.689333333333316
2023-05-21 16:30:00,64.72911111111112,22.251599999999996
2023-05-21 17:00:00,68.56892592592594,17.307133333333333
2023-05-21 17:30:00,72.79459259259258,12.255933333333331
2023-05-21 18:00:00,79.1481111111111,7.06580000000001
2023-05-21 18:30:00,82.62996296296298,5.461999999999989
2023-05-21 19:00:00,83.2622962962963,7.454400000000021
2023-05-21 19:30:00,83.83440740740743,7.6424666666667065
2023-05-21 20:00:00,84.52229629629629,7.9676000000000045
2023-05-21 20:30:00,84.93114814814815,7.9710666666666725
2023-05-21 21:00:00,84.90433333333333,8.585999999999999
2023-05-21 21:30:00,85.42840740740739,8.400800000000004
2023-05-21 22:00:00,86.71974074074073,6.277466666666683
2023-05-21 22:30:00,88.6754074074074,8.372533333333323
2023-05-21 23:00:00,88.9592962962963,4.937333333333314
2023-05-21 23:30:00,88.60977777777778,9.235000000000014
2023-05-22 00:00:00,89.44303703703703,15.087400000000017
2023-05-22 00:30:00,90.11744444444444,16.15573333333333
2023-05-22 01:00:00,90.85622222222223,14.396200000000007
2023-05-22 01:30:00,91.44148148148149,11.019066666666646
2023-05-22 02:00:00,91.80918518518517,9.92746666666666
2023-05-22 02:30:00,92.59259259259258,8.845466666666667
2023-05-22 03:00:00,93.48148148148147,8.878799999999998
2023-05-22 03:30:00,93.82451851851852,9.096733333333347
2023-05-22 04:00:00,94.5285925925926,8.889333333333354
2023-05-22 04:30:00,94.71944444444445,9.020066666666679
2023-05-22 05:00:00,94.75348148148149,8.212199999999982
2023-05-22 05:30:00,94.74166666666666,8.102266666666651
2023-05-22 06:00:00,94.38114814814816,8.263266666666667
2023-05-22 06:30:00,93.78796296296294,8.230066666666673
2023-05-22 07:00:00,91.39439814814813,8.625066666666655
2023-05-22 07:30:00,88.089,8.512466666666654
2023-05-22 08:00:00,84.40011111111113,8.001800000000003
2023-05-22 08:30:00,81.50522222222223,8.907466666666679
2023-05-22 09:00:00,75.89467592592592,10.695516666666663
2023-05-22 09:30:00,72.16955555555556,12.247599999999991
2023-05-22 10:00:00,68.1850462962963,16.008183333333335
2023-05-22 10:30:00,65.75137037037037,16.13253333333332
2023-05-22 11:00:00,64.32977777777778,17.637333333333316
2023-05-22 11:30:00,63.81377777777779,20.072533333333332
2023-05-22 12:00:00,66.66796296296297,19.122400000000006
2023-05-22 12:30:00,65.64725925925924,18.2348
2023-05-22 13:00:00,65.78511111111112,18.101866666666666
2023-05-22 13:30:00,65.51174074074075,19.64839999999998
2023-05-22 14:00:00,66.63048148148148,15.658533333333331
2023-05-22 14:30:00,66.4815185185185,13.524733333333323
2023-05-22 15:00:00,66.37337037037037,16.114733333333334
2023-05-22 15:30:00,66.40822222222222,15.211999999999996
2023-05-22 16:00:00,70.45592592592592,11.369600000000005
2023-05-22 16:30:00,75.90459259259258,9.313666666666677
2023-05-22 17:00:00,78.48729629629628,8.549533333333315
2023-05-22 17:30:00,81.47688888888888,8.11826666666667
2023-05-22 18:00:00,83.19607407407408,6.81140000000002
2023-05-22 18:30:00,83.85870370370371,7.748733333333348
2023-05-22 19:00:00,83.9928888888889,6.155400000000014
2023-05-22 19:30:00,84.42592592592592,7.17646666666667
2023-05-22 20:00:00,84.89977777777777,7.717600000000019
2023-05-22 20:30:00,85.3201851851852,8.370733333333334
2023-05-22 21:00:00,85.78103703703704,8.079533333333345
2023-05-22 21:30:00,86.09125925925926,8.167733333333345
2023-05-22 22:00:00,86.60003703703703,7.921266666666654
2023-05-22 22:30:00,87.29725925925926,8.202399999999983
2023-05-22 23:00:00,87.74022222222223,9.07759999999999
2023-05-22 23:30:00,87.86588888888888,10.222466666666648
2023-05-23 00:00:00,88.14511111111112,10.198466666666675
2023-05-23 00:30:00,88.49592592592592,9.749800000000008
2023-05-23 01:00:00,89.18337037037037,10.072066666666686
2023-05-23 01:30:00,89.70488888888889,9.798666666666648
2023-05-23 02:00:00,91.14292592592592,9.978466666666662
2023-05-23 02:30:00,92.22866666666664,9.580400000000026
2023-05-23 03:00:00,92.58414814814815,9.435400000000001
2023-05-23 03:30:00,93.12155555555556,9.554733333333346
2023-05-23 04:00:00,93.52414814814817,10.152999999999992
2023-05-23 04:30:00,93.50692592592594,10.108133333333328
2023-05-23 05:00:00,93.66796296296297,10.051666666666648
2023-05-23 05:30:00,94.0914074074074,10.578066666666658
2023-05-23 06:00:00,93.98744444444444,10.443133333333321
2023-05-23 06:30:00,92.06744444444445,9.69186666666667
2023-05-23 07:00:00,86.81866666666666,12.423400000000015
2023-05-23 07:30:00,82.02514814814813,13.707400000000007
2023-05-23 08:00:00,77.09311111111111,14.585733333333323
2023-05-23 08:30:00,72.4927037037037,14.949666666666658
2023-05-23 09:00:00,68.62114814814817,12.433066666666683
2023-05-23 09:30:00,65.02885185185184,12.867066666666666
2023-05-23 10:00:00,62.306481481481484,14.969599999999993
2023-05-23 10:30:00,60.430037037037046,14.88920000000001
2023-05-23 11:00:00,57.939222222222234,16.491200000000006
2023-05-23 11:30:00,56.31622222222222,16.58126666666665
2023-05-23 12:00:00,55.574703703703705,17.61726666666666
2023-05-23 12:30:00,53.42896296296297,18.58660000000001
2023-05-23 13:00:00,52.870666666666665,20.282999999999994
2023-05-23 13:30:00,52.1947037037037,23.24113333333333
2023-05-23 14:00:00,54.233222222222224,21.358199999999997
2023-05-23 14:30:00,54.959666666666664,20.955200000000012
2023-05-23 15:00:00,55.06362962962963,21.495666666666658
2023-05-23 15:30:00,57.674888888888894,19.17046666666667
2023-05-23 16:00:00,61.59955555555556,20.67666666666667
2023-05-23 16:30:00,64.05488888888891,17.274466666666676
2023-05-23 17:00:00,67.76825925925927,14.680599999999984
2023-05-23 17:30:00,71.96922222222221,11.910733333333326
2023-05-23 18:00:00,76.63177777777778,7.767933333333332
2023-05-23 18:30:00,79.146,8.690733333333327
2023-05-23 19:00:00,80.80503703703704,8.551866666666683
2023-05-23 19:30:00,81.3367037037037,9.502733333333339
2023-05-23 20:00:00,81.8542222222222,9.771799999999999
2023-05-23 20:30:00,82.80566666666668,10.088999999999999
2023-05-23 21:00:00,83.29766666666666,8.808733333333336
2023-05-23 21:30:00,84.03496296296298,10.198599999999999
2023-05-23 22:00:00,84.79085185185185,10.333666666666673
2023-05-23 22:30:00,85.35555555555555,9.684600000000017
2023-05-23 23:00:00,85.68725925925926,9.521133333333339
2023-05-23 23:30:00,86.10018518518517,9.783533333333352
2023-05-24 00:00:00,86.81740740740742,9.843466666666671
2023-05-24 00:30:00,87.43366666666667,9.346733333333347
2023-05-24 01:00:00,88.17459259259259,9.410533333333362
2023-05-24 01:30:00,88.45244444444444,9.978399999999993
2023-05-24 02:00:00,89.63840740740741,9.701466666666661
2023-05-24 02:30:00,90.62562962962963,9.567333333333323
2023-05-24 03:00:00,91.42825925925925,8.99593333333334
2023-05-24 03:30:00,92.1381111111111,9.483000000000004
2023-05-24 04:00:00,92.39003703703703,9.239333333333349
2023-05-24 04:30:00,92.69614814814814,9.9058
2023-05-24 05:00:00,92.8251111111111,10.287399999999991
2023-05-24 05:30:00,93.2221851851852,10.87360000000001
2023-05-24 06:00:00,92.73459259259258,10.798533333333324
2023-05-24 06:30:00,89.64148148148149,12.196666666666687
2023-05-24 07:00:00,84.12351851851852,16.5
2023-05-24 07:30:00,79.96466666666667,15.394600000000011
2023-05-24 08:00:00,76.3471851851852,11.420199999999994
2023-05-24 08:30:00,73.87940740740741,10.757733333333334
2023-05-24 09:00:00,72.75707407407407,6.895866666666663
2023-05-24 09:30:00,68.86914814814816,12.490466666666663
2023-05-24 10:00:00,68.27481481481482,13.017533333333333
2023-05-24 10:30:00,67.13696296296297,11.256399999999992
2023-05-24 11:00:00,66.41003703703704,13.3078
2023-05-24 11:30:00,64.87444444444445,16.361800000000002
2023-05-24 12:00:00,64.7778148148148,15.075800000000008
2023-05-24 12:30:00,66.74818518518518,11.988399999999992
2023-05-24 13:00:00,65.92033333333333,12.521266666666662
2023-05-24 13:30:00,62.63414814814816,15.555133333333345
2023-05-24 14:00:00,63.211629629629634,20.070466666666682
2023-05-24 14:30:00,64.5068888888889,15.71413333333333
2023-05-24 15:00:00,66.8781111111111,13.708066666666667
2023-05-24 15:30:00,67.84940740740741,11.502466666666663
2023-05-24 16:00:00,70.26496296296295,9.867133333333328
2023-05-24 16:30:00,71.96051851851853,8.736266666666666
2023-05-24 17:00:00,75.23566666666666,7.731999999999985
2023-05-24 17:30:00,77.22237037037036,7.2396666666666505
2023-05-24 18:00:00,79.62048148148148,7.654199999999989
2023-05-24 18:30:00,80.68933333333332,8.454800000000006
2023-05-24 19:00:00,81.03144444444445,9.123466666666673
2023-05-24 19:30:00,81.7068888888889,10.283799999999985
2023-05-24 20:00:00,82.21444444444444,11.850066666666649
2023-05-24 20:30:00,81.952,10.590866666666656
2023-05-24 21:00:00,82.20107407407407,9.374400000000009
2023-05-24 21:30:00,82.25537037037037,8.832333333333366
2023-05-24 22:00:00,82.42033333333332,8.403200000000012
2023-05-24 22:30:00,82.51225925925925,8.837400000000017
2023-05-24 23:00:00,83.77874074074074,8.957133333333317
2023-05-24 23:30:00,85.63222222222223,10.785600000000002
2023-05-25 00:00:00,86.07814814814814,12.072066666666672
2023-05-25 00:30:00,85.47588888888889,11.484866666666676
2023-05-25 01:00:00,85.17655555555557,10.125333333333344
2023-05-25 01:30:00,85.70588888888888,13.244200000000006
2023-05-25 02:00:00,85.87899999999999,11.661266666666677
2023-05-25 02:30:00,93.22548148148147,18.468000000000018
2023-05-25 03:00:00,95.77848148148149,15.46726666666666
2023-05-25 03:30:00,96.7928148148148,13.927066666666676
2023-05-25 04:00:00,97.20203703703704,12.809133333333321
2023-05-25 04:30:00,97.40907407407408,12.064733333333336
2023-05-25 05:00:00,97.7875925925926,12.588400000000007
2023-05-25 05:30:00,97.72325925925925,11.583866666666665
2023-05-25 06:00:00,97.51862962962963,11.429866666666655
2023-05-25 06:30:00,97.24211111111111,13.345066666666668
2023-05-25 07:00:00,96.89618518518519,16.102999999999994
2023-05-25 07:30:00,96.1272962962963,18.10359999999997
2023-05-25 08:00:00,93.17107407407408,21.88860000000001
2023-05-25 08:30:00,90.23329629629627,23.512466666666683
2023-05-25 09:00:00,84.8834074074074,27.73713333333332
2023-05-25 09:30:00,78.57403703703704,30.9602
2023-05-25 10:00:00,73.53181481481481,34.4084
2023-05-25 10:30:00,70.16307407407407,37.93653333333334
2023-05-25 11:00:00,69.01948148148148,37.2292
2023-05-25 11:30:00,65.2762962962963,35.36086666666666
2023-05-25 12:00:00,63.30548148148148,36.79006666666666
2023-05-25 12:30:00,63.88348148148148,36.27886666666666
2023-05-25 13:00:00,63.32144444444444,37.30366666666665
2023-05-25 13:30:00,63.037481481481485,42.17199999999999
2023-05-25 14:00:00,61.595814814814815,45.29160000000001
2023-05-25 14:30:00,61.00937037037037,42.941666666666656
2023-05-25 15:00:00,61.57,41.3168
2023-05-25 15:30:00,61.72762962962963,41.15580000000001
2023-05-25 16:00:00,60.36107407407408,26.80740000000001
2023-05-25 16:30:00,62.71440740740741,18.34066666666667
2023-05-25 17:00:00,66.62503703703705,16.66306666666666
2023-05-25 17:30:00,71.8648148148148,12.415933333333328
2023-05-25 18:00:00,75.64022222222222,10.986799999999988
2023-05-25 18:30:00,77.49377777777778,11.950000000000003
2023-05-25 19:00:00,78.1371111111111,12.2106
2023-05-25 19:30:00,78.56348148148147,11.434066666666666
2023-05-25 20:00:00,78.95355555555555,10.437066666666666
2023-05-25 20:30:00,79.46696296296295,10.625999999999976
2023-05-25 21:00:00,79.99122222222222,10.159533333333357
2023-05-25 21:30:00,80.86477777777777,10.095066666666696
2023-05-25 22:00:00,81.48788888888889,10.46453333333335
2023-05-25 22:30:00,83.0868888888889,9.83326666666666
2023-05-25 23:00:00,84.2877037037037,11.571733333333341
2023-05-25 23:30:00,85.12244444444443,12.3352
2023-05-26 00:00:00,85.9162962962963,13.187333333333342
2023-05-26 00:30:00,86.41048148148147,13.605466666666672
2023-05-26 01:00:00,86.93285185185185,13.260200000000012
2023-05-26 01:30:00,88.22659259259257,12.21186666666668
2023-05-26 02:00:00,88.95207407407408,12.033466666666683
2023-05-26 02:30:00,89.84103703703704,12.235666666666688
2023-05-26 03:00:00,90.13125925925927,12.037866666666673
2023-05-26 03:30:00,90.53862962962961,12.889200000000002
2023-05-26 04:00:00,91.13870370370371,13.280733333333345
2023-05-26 04:30:00,91.52659259259258,13.463666666666668
2023-05-26 05:00:00,91.42859259259258,13.41513333333333
2023-05-26 05:30:00,91.49122222222223,12.692599999999999
2023-05-26 06:00:00,90.66585185185187,11.84259999999999
2023-05-26 06:30:00,86.97177777777776,12.302333333333323
2023-05-26 07:00:00,82.30633333333333,15.614933333333326
2023-05-26 07:30:00,77.9045185185185,17.8322
2023-05-26 08:00:00,74.09448148148148,16.351333333333315
2023-05-26 08:30:00,70.71588888888888,16.347866666666654
2023-05-26 09:00:00,67.35774074074074,17.352533333333326
2023-05-26 09:30:00,64.48281481481482,15.490000000000002
2023-05-26 10:00:00,62.19288888888889,16.305666666666667
2023-05-26 10:30:00,61.69048148148147,16.785400000000003
2023-05-26 11:00:00,62.10614814814815,19.449199999999998
2023-05-26 11:30:00,61.72996296296296,17.281533333333336
2023-05-26 12:00:00,61.04714814814815,17.79366666666666
2023-05-26 12:30:00,60.84337037037038,19.915399999999998
2023-05-26 13:00:00,60.1587037037037,23.459333333333333
2023-05-26 13:30:00,59.56922222222223,21.558400000000013
2023-05-26 14:00:00,58.266814814814815,23.99533333333335
2023-05-26 14:30:00,58.146740740740746,24.58393333333332
2023-05-26 15:00:00,60.38911111111112,19.887533333333337
2023-05-26 15:30:00,61.942074074074085,17.229400000000005
2023-05-26 16:00:00,63.001407407407406,17.363466666666675
2023-05-26 16:30:00,65.65618518518518,13.983600000000003
2023-05-26 17:00:00,69.43455555555555,11.411866666666661
2023-05-26 17:30:00,73.71811111111111,6.959400000000002
2023-05-26 18:00:00,75.53474074074074,8.953733333333332
2023-05-26 18:30:00,76.91703703703702,8.441933333333338
2023-05-26 19:00:00,77.6447037037037,8.099666666666664
2023-05-26 19:30:00,78.78281481481481,9.641666666666694
2023-05-26 20:00:00,80.13751851851852,9.777000000000015
2023-05-26 20:30:00,80.83866666666667,9.379733333333348
2023-05-26 21:00:00,81.79707407407406,9.127733333333339
2023-05-26 21:30:00,82.32551851851852,9.080800000000025
2023-05-26 22:00:00,82.71774074074074,8.611866666666685
2023-05-26 22:30:00,83.97377777777777,8.833333333333343
2023-05-26 23:00:00,85.34762962962964,9.482466666666667
2023-05-26 23:30:00,86.23303703703704,9.206666666666678
2023-05-27 00:00:00,87.15692592592592,9.305333333333337
2023-05-27 00:30:00,87.43355555555554,9.709133333333341
2023-05-27 01:00:00,87.38396296296295,8.695933333333329
2023-05-27 01:30:00,87.38807407407405,9.295533333333339
2023-05-27 02:00:00,87.45392592592594,9.327600000000018
2023-05-27 02:30:00,87.03322222222224,8.891799999999975
2023-05-27 03:00:00,87.02744444444446,8.536599999999993
2023-05-27 03:30:00,87.2665925925926,8.483533333333327
2023-05-27 04:00:00,87.58203703703703,9.175866666666678
2023-05-27 04:30:00,88.42822222222222,8.563733333333346
2023-05-27 05:00:00,88.89744444444445,8.328266666666678
2023-05-27 05:30:00,89.33722222222224,8.542800000000014
2023-05-27 06:00:00,89.4325925925926,8.221933333333325
2023-05-27 06:30:00,87.75625925925927,9.039933333333323
2023-05-27 07:00:00,84.1657037037037,11.573133333333345
2023-05-27 07:30:00,81.01911111111112,11.916200000000003
2023-05-27 08:00:00,80.18555555555557,10.56773333333335
2023-05-27 08:30:00,78.3494074074074,10.302800000000019
2023-05-27 09:00:00,76.10051851851851,10.839533333333335
2023-05-27 09:30:00,78.35203703703704,10.624466666666663
2023-05-27 10:00:00,80.53655555555555,9.810866666666683
2023-05-27 10:30:00,80.66588888888889,8.725066666666677
2023-05-27 11:00:00,80.07577777777777,7.84066666666665
2023-05-27 11:30:00,80.79633333333334,8.315266666666673
2023-05-27 12:00:00,82.2988888888889,7.978133333333361
2023-05-27 12:30:00,84.0245925925926,9.47160000000001
2023-05-27 13:00:00,89.87440740740742,13.938733333333332
2023-05-27 13:30:00,91.80522222222221,11.62926666666668
2023-05-27 14:00:00,93.56248148148148,11.169133333333335
2023-05-27 14:30:00,94.6438888888889,9.095466666666667
2023-05-27 15:00:00,95.20396296296296,9.878666666666675
2023-05-27 15:30:00,94.62792592592592,9.516333333333336
2023-05-27 16:00:00,93.59918518518518,11.19586666666666
2023-05-27 16:30:00,93.24748148148149,12.32353333333333
2023-05-27 17:00:00,93.28437037037037,12.041066666666651
2023-05-27 17:30:00,93.5394074074074,12.776733333333354
2023-05-27 18:00:00,93.81988888888888,13.32186666666668
2023-05-27 18:30:00,93.41522222222223,13.299999999999997
2023-05-27 19:00:00,93.125,13.940533333333335
2023-05-27 19:30:00,92.88666666666667,13.763733333333349
2023-05-27 20:00:00,93.42107407407408,14.240733333333338
2023-05-27 20:30:00,93.65533333333335,14.251199999999997
2023-05-27 21:00:00,93.73214814814816,13.733799999999988
2023-05-27 21:30:00,93.49885185185185,14.559000000000026
2023-05-27 22:00:00,92.71937037037037,14.009866666666653
2023-05-27 22:30:00,92.09788888888889,12.4418
2023-05-27 23:00:00,92.40177777777778,13.360666666666674
2023-05-27 23:30:00,91.97803703703704,12.504066666666688
2023-05-28 00:00:00,92.58751851851852,12.25073333333333
2023-05-28 00:30:00,93.29137037037036,11.729600000000005
2023-05-28 01:00:00,93.60533333333333,11.546533333333329
2023-05-28 01:30:00,94.46337037037037,10.790666666666667
2023-05-28 02:00:00,94.71377777777776,9.89060000000002
2023-05-28 02:30:00,94.91914814814817,9.221399999999974
2023-05-28 03:00:00,94.81759259259259,9.260933333333327
2023-05-28 03:30:00,94.9565925925926,8.946599999999975
2023-05-28 04:00:00,95.34014814814816,9.368866666666662
2023-05-28 04:30:00,95.66574074074074,9.839266666666674
2023-05-28 05:00:00,95.9445185185185,10.720333333333329
2023-05-28 05:30:00,96.06655555555557,11.050399999999982
2023-05-28 06:00:00,96.19048148148147,11.243066666666678
2023-05-28 06:30:00,94.83948148148147,14.328333333333347
2023-05-28 07:00:00,90.49507407407408,15.425733333333326
2023-05-28 07:30:00,85.80714814814816,16.40733333333334
2023-05-28 08:00:00,82.8807037037037,17.652866666666668
2023-05-28 08:30:00,81.19625925925926,15.866866666666667
2023-05-28 09:00:00,78.83137037037037,13.704133333333331
2023-05-28 09:30:00,75.52288888888889,13.493133333333333
2023-05-28 10:00:00,73.29044444444443,11.508600000000001
2023-05-28 10:30:00,70.6831111111111,12.111399999999989
2023-05-28 11:00:00,70.64729629629629,11.163333333333327
2023-05-28 11:30:00,69.75777777777779,10.469133333333346
2023-05-28 12:00:00,67.14548148148147,10.352466666666665
2023-05-28 12:30:00,66.11762962962963,9.57266666666667
2023-05-28 13:00:00,66.77088888888889,11.804399999999994
2023-05-28 13:30:00,65.41903703703703,11.835799999999999
2023-05-28 14:00:00,65.09829629629631,13.45386666666667
2023-05-28 14:30:00,64.8128148148148,13.063933333333331
2023-05-28 15:00:00,65.86781481481482,12.98060000000001
2023-05-28 15:30:00,68.15774074074073,12.218666666666664
2023-05-28 16:00:00,65.28877777777778,13.945799999999998
2023-05-28 16:30:00,66.34018518518519,17.829
2023-05-28 17:00:00,67.8825925925926,14.85520000000001
2023-05-28 17:30:00,71.98177777777778,9.898266666666657
2023-05-28 18:00:00,76.60222222222222,8.296466666666646
2023-05-28 18:30:00,78.80777777777777,9.563266666666692
2023-05-28 19:00:00,79.70203703703703,10.552600000000012
2023-05-28 19:30:00,80.56874074074074,10.553000000000026
2023-05-28 20:00:00,81.4055185185185,10.99506666666666
2023-05-28 20:30:00,81.90251851851852,10.533666666666662
2023-05-28 21:00:00,82.74322222222222,10.683266666666668
2023-05-28 21:30:00,83.19114814814814,10.425133333333335
2023-05-28 22:00:00,83.7857037037037,10.354066666666668
2023-05-28 22:30:00,84.61596296296295,10.645533333333333
2023-05-28 23:00:00,85.95366666666665,10.713133333333332
2023-05-28 23:30:00,86.41488888888888,10.851133333333323
2023-05-29 00:00:00,87.20692592592592,11.523133333333348
2023-05-29 00:30:00,88.2175925925926,11.447266666666678
2023-05-29 01:00:00,89.368,11.533400000000015
2023-05-29 01:30:00,90.266,10.520266666666672
2023-05-29 02:00:00,90.9998148148148,10.021866666666668
2023-05-29 02:30:00,91.52651851851851,9.80640000000001
2023-05-29 03:00:00,92.14937037037036,9.717933333333349
2023-05-29 03:30:00,92.51751851851851,9.980733333333319
2023-05-29 04:00:00,92.51666666666667,9.74733333333333
2023-05-29 04:30:00,92.59511111111111,9.463066666666663
2023-05-29 05:00:00,92.88877777777776,10.073666666666682
2023-05-29 05:30:00,93.1868888888889,10.42159999999997
2023-05-29 06:00:00,93.14892592592592,10.438800000000015
2023-05-29 06:30:00,91.93218518518518,11.810199999999995
2023-05-29 07:00:00,86.85881481481482,15.906333333333336
2023-05-29 07:30:00,80.75544444444444,15.093066666666672
2023-05-29 08:00:00,74.94148148148149,12.630133333333333
2023-05-29 08:30:00,71.79962962962964,12.40013333333333
2023-05-29 09:00:00,67.11977777777778,11.885133333333336
2023-05-29 09:30:00,65.48999999999998,13.72039999999999
2023-05-29 10:00:00,66.38181481481482,11.89180000000001
2023-05-29 10:30:00,68.87751851851853,9.186600000000006
2023-05-29 11:00:00,68.8987037037037,7.691599999999994
2023-05-29 11:30:00,65.2877037037037,11.812866666666672
2023-05-29 12:00:00,64.20122222222223,13.658333333333324
2023-05-29 12:30:00,63.984555555555566,15.150266666666667
2023-05-29 13:00:00,79.78288888888888,27.852199999999982
2023-05-29 13:30:00,89.88174074074075,15.665533333333343
2023-05-29 14:00:00,84.53403703703705,16.077133333333336
2023-05-29 14:30:00,80.3204814814815,18.769333333333336
2023-05-29 15:00:00,77.27755555555557,16.95206666666668
2023-05-29 15:30:00,75.22177777777777,14.721733333333319
2023-05-29 16:00:00,73.6847037037037,17.21866666666665
2023-05-29 16:30:00,72.38837037037037,17.949199999999976
2023-05-29 17:00:00,74.17355555555555,16.514466666666678
2023-05-29 17:30:00,75.68351851851853,14.625466666666682
2023-05-29 18:00:00,77.83251851851853,15.818933333333348
2023-05-29 18:30:00,79.2842962962963,15.270266666666657
2023-05-29 19:00:00,80.67311111111111,13.109800000000007
2023-05-29 19:30:00,81.66459259259258,13.15733333333334
2023-05-29 20:00:00,82.61422222222222,13.02806666666666
2023-05-29 20:30:00,82.92933333333335,13.475733333333324
2023-05-29 21:00:00,83.09622222222224,11.133999999999986
2023-05-29 21:30:00,83.61414814814815,9.585400000000007
2023-05-29 22:00:00,84.86618518518516,10.712000000000018
2023-05-29 22:30:00,86.2682962962963,10.859200000000001
2023-05-29 23:00:00,87.44688888888889,10.437666666666672
2023-05-29 23:30:00,88.46103703703703,9.55879999999999
2023-05-30 00:00:00,89.33466666666666,9.124066666666664
2023-05-30 00:30:00,90.15303703703704,8.999866666666676
2023-05-30 01:00:00,90.55588888888889,9.011533333333347
2023-05-30 01:30:00,91.0191111111111,9.744933333333336
2023-05-30 02:00:00,91.46581481481482,10.999533333333318
2023-05-30 02:30:00,91.56274074074074,10.869133333333323
2023-05-30 03:00:00,91.74633333333333,11.063266666666664
2023-05-30 03:30:00,91.69285185185186,9.754866666666686
2023-05-30 04:00:00,91.48111111111112,9.961333333333343
2023-05-30 04:30:00,91.59474074074076,10.475666666666669
2023-05-30 05:00:00,91.1927037037037,9.76886666666664
2023-05-30 05:30:00,90.8211851851852,9.672066666666652
2023-05-30 06:00:00,90.19270370370371,7.5699333333333385
2023-05-30 06:30:00,88.94533333333332,7.046466666666646
2023-05-30 07:00:00,87.07055555555556,6.77773333333333
2023-05-30 07:30:00,85.75666666666666,7.132000000000005
2023-05-30 08:00:00,82.61240740740739,7.425133333333349
2023-05-30 08:30:00,78.18844444444444,7.899999999999977
2023-05-30 09:00:00,76.4115185185185,8.33626666666666
2023-05-30 09:30:00,74.164,8.512333333333316
2023-05-30 10:00:00,67.65885185185185,10.85240000000001
2023-05-30 10:30:00,64.6625925925926,9.54946666666666
2023-05-30 11:00:00,61.862074074074094,9.736066666666673
2023-05-30 11:30:00,59.39203703703705,12.757533333333342
2023-05-30 12:00:00,56.86574074074073,15.819333333333326
2023-05-30 12:30:00,57.123555555555555,14.919066666666659
2023-05-30 13:00:00,55.80055555555555,16.599933333333325
2023-05-30 13:30:00,56.10162962962963,17.791666666666657
2023-05-30 14:00:00,54.75329629629629,21.236333333333327
2023-05-30 14:30:00,56.01596296296296,18.126133333333335
2023-05-30 15:00:00,59.93881481481482,15.486866666666657
2023-05-30 15:30:00,62.63370370370371,15.308200000000006
2023-05-30 16:00:00,65.31459259259259,15.638600000000004
2023-05-30 16:30:00,69.09103703703704,14.167333333333353
2023-05-30 17:00:00,73.57070370370371,10.317399999999992
2023-05-30 17:30:00,77.8337037037037,7.1681333333333015
2023-05-30 18:00:00,80.3647037037037,7.964400000000026
2023-05-30 18:30:00,81.15481481481481,10.153666666666666
2023-05-30 19:00:00,81.0971851851852,10.226399999999998
2023-05-30 19:30:00,81.50303703703703,10.530599999999978
2023-05-30 20:00:00,82.4541851851852,10.40506666666667
2023-05-30 20:30:00,83.07714814814814,10.950600000000009
2023-05-30 21:00:00,83.46962962962964,10.845666666666673
2023-05-30 21:30:00,83.93314814814815,11.214799999999997
2023-05-30 22:00:00,84.2464074074074,11.53373333333333
2023-05-30 22:30:00,84.48051851851851,11.25906666666667
2023-05-30 23:00:00,85.45933333333333,11.230066666666673
2023-05-30 23:30:00,85.70618518518518,11.508866666666663
2023-05-31 00:00:00,86.07903703703703,10.049333333333351
2023-05-31 00:30:00,88.19366666666667,11.55946666666668
2023-05-31 01:00:00,89.5567037037037,11.851333333333343
2023-05-31 01:30:00,91.18774074074072,16.30940000000001
2023-05-31 02:00:00,92.441,16.572533333333325
2023-05-31 02:30:00,93.06592592592594,15.823266666666683
2023-05-31 03:00:00,93.83755555555555,13.92253333333332
2023-05-31 03:30:00,93.97696296296297,12.599666666666664
2023-05-31 04:00:00,93.65651851851851,14.18013333333333
2023-05-31 04:30:00,93.85333333333332,12.189999999999998
2023-05-31 05:00:00,94.00044444444444,12.148533333333333
2023-05-31 05:30:00,94.45892592592593,12.75133333333332
2023-05-31 06:00:00,95.25781481481482,11.942066666666662
2023-05-31 06:30:00,95.00099999999999,12.758466666666664
2023-05-31 07:00:00,91.62051851851852,17.540400000000005
2023-05-31 07:30:00,84.93074074074075,24.030533333333324
2023-05-31 08:00:00,80.35918518518518,26.67813333333332
2023-05-31 08:30:00,77.88725925925925,22.82146666666668
2023-05-31 09:00:00,75.70177777777776,16.804666666666662
2023-05-31 09:30:00,69.66996296296296,14.646799999999992
2023-05-31 10:00:00,66.75762962962962,14.971399999999996
2023-05-31 10:30:00,66.60903703703704,14.708799999999997
2023-05-31 11:00:00,64.60662962962962,17.740066666666664
2023-05-31 11:30:00,63.27207407407408,19.344266666666663
2023-05-31 12:00:00,62.80359259259259,17.983000000000004
2023-05-31 12:30:00,61.976925925925926,19.589399999999983
2023-05-31 13:00:00,60.195074074074064,21.2678
2023-05-31 13:30:00,59.69233333333333,18.51286666666666
2023-05-31 14:00:00,58.52777777777778,20.16953333333334
2023-05-31 14:30:00,58.71033333333334,19.55393333333334
2023-05-31 15:00:00,58.913074074074075,20.0452
2023-05-31 15:30:00,60.49737037037036,18.074666666666673
2023-05-31 16:00:00,62.34125925925926,16.507466666666666
2023-05-31 16:30:00,64.76933333333334,15.88153333333333
2023-05-31 17:00:00,67.96374074074075,13.838000000000008
2023-05-31 17:30:00,73.35351851851853,10.491066666666669
2023-05-31 18:00:00,76.4137037037037,8.811133333333345
2023-05-31 18:30:00,78.14737037037035,9.368399999999994
2023-05-31 19:00:00,78.41825925925926,9.88779999999997
2023-05-31 19:30:00,79.62003703703705,9.667333333333374
2023-05-31 20:00:00,80.53025925925925,10.221133333333341
2023-05-31 20:30:00,80.92677777777777,10.332866666666675
2023-05-31 21:00:00,81.25100000000002,10.26420000000003
2023-05-31 21:30:00,81.63840740740741,9.122866666666667
2023-05-31 22:00:00,82.57188888888888,8.665800000000004
2023-05-31 22:30:00,83.54492592592592,9.432666666666677
2023-05-31 23:00:00,84.53825925925926,8.66006666666668
2023-05-31 23:30:00,85.358,9.584199999999996
2023-06-01 00:00:00,86.17433333333332,10.80013333333335
2023-06-01 00:30:00,86.32451851851852,11.842533333333336
2023-06-01 01:00:00,86.79148148148148,11.281733333333335
2023-06-01 01:30:00,87.5358888888889,11.700133333333355
2023-06-01 02:00:00,88.31807407407408,11.696533333333349
2023-06-01 02:30:00,89.61874074074075,10.346133333333313
2023-06-01 03:00:00,90.26733333333334,9.007933333333341
2023-06-01 03:30:00,90.22592592592592,8.613333333333344
2023-06-01 04:00:00,89.92914814814816,8.866866666666667
2023-06-01 04:30:00,90.23959259259259,8.450333333333361
2023-06-01 05:00:00,90.70007407407408,8.08453333333334
2023-06-01 05:30:00,91.41796296296296,8.398733333333325
2023-06-01 06:00:00,92.34874074074075,9.63633333333334
2023-06-01 06:30:00,94.34625925925926,10.629666666666694
2023-06-01 07:00:00,95.48444444444445,10.16406666666667
2023-06-01 07:30:00,96.12577777777778,9.347400000000007
2023-06-01 08:00:00,97.74229629629629,10.232399999999984
2023-06-01 08:30:00,98.22370370370372,10.004533333333328
2023-06-01 09:00:00,98.56066666666668,10.146533333333323
2023-06-01 09:30:00,98.82414814814814,9.561599999999999
2023-06-01 10:00:00,98.78414814814816,8.714133333333322
2023-06-01 10:30:00,98.82044444444445,7.788333333333327
2023-06-01 11:00:00,97.53766666666667,8.242066666666659
2023-06-01 11:30:00,93.06207407407406,7.469066666666677
2023-06-01 12:00:00,84.52703703703703,14.278866666666659
2023-06-01 12:30:00,79.78577777777778,11.394466666666673
2023-06-01 13:00:00,77.59729629629629,17.76213333333331
2023-06-01 13:30:00,74.89977777777777,12.398333333333326
2023-06-01 14:00:00,71.6561851851852,15.366600000000005
2023-06-01 14:30:00,73.60022222222221,14.39606666666667
2023-06-01 15:00:00,77.65796296296296,9.614266666666666
2023-06-01 15:30:00,79.72062962962963,7.340733333333333
2023-06-01 16:00:00,80.5872962962963,7.477466666666672
2023-06-01 16:30:00,81.64233333333333,7.411266666666691
2023-06-01 17:00:00,83.03985185185185,8.044666666666686
2023-06-01 17:30:00,85.01470370370369,8.442600000000013
2023-06-01 18:00:00,86.86837037037037,9.450666666666663
2023-06-01 18:30:00,87.04314814814815,10.655333333333346
2023-06-01 19:00:00,86.15696296296295,11.236400000000003
2023-06-01 19:30:00,85.0027777777778,11.617266666666666
2023-06-01 20:00:00,84.75344444444444,12.487533333333332
2023-06-01 20:30:00,85.56522222222222,12.791200000000018
2023-06-01 21:00:00,86.65818518518519,10.913333333333327
2023-06-01 21:30:00,87.83062962962963,10.15273333333333
2023-06-01 22:00:00,88.52955555555556,8.875399999999999
2023-06-01 22:30:00,89.2668888888889,8.226800000000011
2023-06-01 23:00:00,90.58011111111111,8.593199999999996
2023-06-01 23:30:00,91.51118518518518,7.558466666666661
2023-06-02 00:00:00,92.2024074074074,7.899799999999999
2023-06-02 00:30:00,92.61485185185185,7.87433333333334
2023-06-02 01:00:00,92.86766666666666,7.984199999999987
2023-06-02 01:30:00,92.09355555555555,6.9623333333333335
2023-06-02 02:00:00,91.76255555555554,6.849266666666679
2023-06-02 02:30:00,91.6725925925926,7.204000000000008
2023-06-02 03:00:00,91.92237037037037,6.984400000000008
2023-06-02 03:30:00,91.5207777777778,5.444533333333339
2023-06-02 04:00:00,91.53825925925926,5.486799999999988
2023-06-02 04:30:00,92.14655555555557,6.190733333333355
2023-06-02 05:00:00,92.45825925925925,6.999466666666677
2023-06-02 05:30:00,93.25581481481481,6.836066666666682
2023-06-02 06:00:00,93.51462962962962,7.331466666666643
2023-06-02 06:30:00,91.43496296296297,9.557000000000016
2023-06-02 07:00:00,85.43666666666667,12.24860000000001
2023-06-02 07:30:00,80.64396296296296,13.516599999999997
2023-06-02 08:00:00,77.42666666666666,14.205733333333313
2023-06-02 08:30:00,73.46174074074072,12.235133333333337
2023-06-02 09:00:00,69.83114814814816,8.844999999999999
2023-06-02 09:30:00,68.9098888888889,12.080999999999989
2023-06-02 10:00:00,67.57514814814814,13.781599999999997
2023-06-02 10:30:00,67.889,14.0576
2023-06-02 11:00:00,66.78596296296297,11.917399999999994
2023-06-02 11:30:00,66.19600000000001,14.143933333333337
2023-06-02 12:00:00,65.11118518518519,14.661333333333324
2023-06-02 12:30:00,64.76629629629629,13.819933333333331
2023-06-02 13:00:00,64.87681481481481,13.240000000000002
2023-06-02 13:30:00,68.45988888888888,12.61833333333334
2023-06-02 14:00:00,74.28455555555557,7.661133333333325
2023-06-02 14:30:00,75.40577777777777,8.921333333333337
2023-06-02 15:00:00,73.6434074074074,10.771600000000007
2023-06-02 15:30:00,70.84992592592592,9.302066666666676
2023-06-02 16:00:00,70.75574074074073,9.708666666666673
2023-06-02 16:30:00,72.95414814814814,9.96286666666667
2023-06-02 17:00:00,83.94266666666667,26.445533333333344
2023-06-02 17:30:00,91.64,22.302999999999997
2023-06-02 18:00:00,93.86248148148147,16.45313333333334
2023-06-02 18:30:00,95.1165925925926,14.026800000000009
2023-06-02 19:00:00,95.73337037037038,13.097399999999993
2023-06-02 19:30:00,95.8711851851852,12.152400000000014
2023-06-02 20:00:00,96.43333333333334,11.800933333333333
2023-06-02 20:30:00,96.48940740740741,11.574466666666666
2023-06-02 21:00:00,96.79100000000001,11.330666666666659
2023-06-02 21:30:00,96.75762962962963,11.02006666666665
2023-06-02 22:00:00,96.88874074074073,11.1948
2023-06-02 22:30:00,97.00774074074076,10.935599999999994
2023-06-02 23:00:00,97.01162962962964,10.96993333333333
2023-06-02 23:30:00,97.19148148148147,11.561733333333336
2023-06-03 00:00:00,97.18877777777777,11.06953333333334
2023-06-03 00:30:00,97.21485185185185,11.151533333333333
2023-06-03 01:00:00,97.12274074074074,11.040666666666667
2023-06-03 01:30:00,97.06896296296298,11.682400000000001
2023-06-03 02:00:00,97.05944444444445,11.346333333333348
2023-06-03 02:30:00,97.0251111111111,11.3626
2023-06-03 03:00:00,97.12992592592595,10.925066666666666
2023-06-03 03:30:00,97.12107407407409,10.811266666666668
2023-06-03 04:00:00,97.24696296296295,11.35693333333333
2023-06-03 04:30:00,97.139,11.057733333333346
2023-06-03 05:00:00,97.33477777777779,11.601600000000005
2023-06-03 05:30:00,97.29151851851852,11.89273333333334
2023-06-03 06:00:00,96.81774074074075,11.866266666666647
2023-06-03 06:30:00,95.68996296296298,13.544399999999996
2023-06-03 07:00:00,93.42651851851852,17.404933333333332
2023-06-03 07:30:00,90.61318518518519,19.587466666666643
2023-06-03 08:00:00,88.52151851851852,13.95386666666667
2023-06-03 08:30:00,86.24992592592592,20.03673333333333
2023-06-03 09:00:00,80.82744444444444,23.20286666666668
2023-06-03 09:30:00,80.31277777777777,26.575466666666657
2023-06-03 10:00:00,80.86477777777776,26.85486666666668
2023-06-03 10:30:00,80.06985185185187,21.714
2023-06-03 11:00:00,74.14485185185185,24.667199999999994
2023-06-03 11:30:00,70.10585185185185,29.15120000000001
2023-06-03 12:00:00,67.59355555555557,30.1854
2023-06-03 12:30:00,66.20159259259259,28.190933333333334
2023-06-03 13:00:00,64.36792592592593,22.28366666666667
2023-06-03 13:30:00,66.26107407407407,20.11166666666667
2023-06-03 14:00:00,68.90659259259259,19.80106666666667
2023-06-03 14:30:00,71.48614814814815,16.4324
2023-06-03 15:00:00,73.20666666666665,13.893066666666655
2023-06-03 15:30:00,74.3245925925926,11.573133333333331
2023-06-03 16:00:00,75.50459259259259,10.701733333333337
2023-06-03 16:30:00,76.95951851851851,9.977800000000002
2023-06-03 17:00:00,78.40944444444443,10.260599999999997
2023-06-03 17:30:00,79.35729629629628,10.295200000000008
2023-06-03 18:00:00,80.25237037037036,9.8322
2023-06-03 18:30:00,81.39033333333333,8.313200000000023
2023-06-03 19:00:00,81.64551851851853,8.729400000000012
2023-06-03 19:30:00,81.49988888888889,9.609133333333332
2023-06-03 20:00:00,82.1285925925926,8.16746666666667
2023-06-03 20:30:00,83.30307407407408,7.948333333333338
2023-06-03 21:00:00,84.25044444444445,8.372133333333338
2023-06-03 21:30:00,85.02737037037036,9.798933333333338
2023-06-03 22:00:00,86.24577777777777,9.783733333333345
2023-06-03 22:30:00,87.45444444444443,9.755400000000009
2023-06-03 23:00:00,88.31896296296297,10.127600000000001
2023-06-03 23:30:00,89.20577777777778,9.232533333333336
2023-06-04 00:00:00,90.27255555555556,10.812066666666652
2023-06-04 00:30:00,90.92288888888888,10.360466666666667
2023-06-04 01:00:00,91.5411111111111,10.91200000000002
2023-06-04 01:30:00,91.7418888888889,10.867133333333342
2023-06-04 02:00:00,91.7914814814815,10.213200000000015
2023-06-04 02:30:00,91.97785185185184,9.94833333333331
2023-06-04 03:00:00,92.50425925925924,9.682466666666656
2023-06-04 03:30:00,92.66603703703704,9.526733333333326
2023-06-04 04:00:00,93.09377777777777,9.450666666666649
2023-06-04 04:30:00,93.14888888888889,9.681133333333321
2023-06-04 05:00:00,93.45870370370369,10.351799999999983
2023-06-04 05:30:00,93.64511111111112,10.860199999999992
2023-06-04 06:00:00,93.3455925925926,11.010599999999997
2023-06-04 06:30:00,92.02644444444445,11.214799999999983
2023-06-04 07:00:00,90.13925925925925,8.748800000000017
2023-06-04 07:30:00,88.07111111111111,7.41546666666666
2023-06-04 08:00:00,86.60014814814815,7.758333333333326
2023-06-04 08:30:00,84.35922222222221,11.029933333333332
2023-06-04 09:00:00,81.94337037037036,12.53946666666667
2023-06-04 09:30:00,79.16348148148148,12.692733333333337
2023-06-04 10:00:00,78.3192962962963,14.13166666666666
2023-06-04 10:30:00,77.81455555555557,21.060866666666683
2023-06-04 11:00:00,78.93025925925924,28.872533333333337
2023-06-04 11:30:00,76.58859259259259,31.66906666666665
2023-06-04 12:00:00,71.6168888888889,31.08633333333333
2023-06-04 12:30:00,68.01792592592592,29.252799999999986
2023-06-04 13:00:00,66.99822222222221,20.17699999999998
2023-06-04 13:30:00,66.18174074074075,18.258000000000003
2023-06-04 14:00:00,64.66618518518517,19.42326666666667
2023-06-04 14:30:00,66.90166666666667,16.25006666666667
2023-06-04 15:00:00,68.12025925925926,14.349133333333356
2023-06-04 15:30:00,70.1047037037037,12.676733333333331
2023-06-04 16:00:00,71.64051851851852,11.185066666666657
2023-06-04 16:30:00,73.2585925925926,13.291399999999996
2023-06-04 17:00:00,75.74748148148147,13.525333333333336
2023-06-04 17:30:00,79.91114814814814,11.643133333333338
2023-06-04 18:00:00,83.65603703703704,11.828600000000009
2023-06-04 18:30:00,85.37937037037035,11.539800000000014
2023-06-04 19:00:00,86.20248148148147,11.477400000000003
2023-06-04 19:30:00,86.84603703703702,10.989000000000004
2023-06-04 20:00:00,86.81259259259258,10.372600000000006
2023-06-04 20:30:00,86.4314074074074,9.488666666666646
2023-06-04 21:00:00,86.66318518518518,9.041666666666671
2023-06-04 21:30:00,86.78007407407408,9.270866666666677
2023-06-04 22:00:00,87.08948148148149,9.267866666666677
2023-06-04 22:30:00,87.62103703703701,9.658200000000022
2023-06-04 23:00:00,87.76151851851851,10.535600000000002
2023-06-04 23:30:00,87.93651851851853,10.24839999999999
2023-06-05 00:00:00,88.1641111111111,9.510733333333334
2023-06-05 00:30:00,88.16481481481482,9.5728
2023-06-05 01:00:00,88.81355555555555,9.452533333333335
2023-06-05 01:30:00,89.90881481481482,9.458466666666652
2023-06-05 02:00:00,90.60181481481483,9.037133333333358
2023-06-05 02:30:00,91.50022222222222,9.719199999999987
2023-06-05 03:00:00,91.8681851851852,9.219399999999979
2023-06-05 03:30:00,91.66148148148149,8.964333333333315
2023-06-05 04:00:00,91.64685185185186,8.415333333333336
2023-06-05 04:30:00,92.19525925925926,9.01979999999999
2023-06-05 05:00:00,92.10488888888888,9.521933333333322
2023-06-05 05:30:00,91.74785185185186,8.430266666666654
2023-06-05 06:00:00,91.23396296296296,8.023266666666672
2023-06-05 06:30:00,88.82440740740742,9.21053333333333
2023-06-05 07:00:00,84.56981481481482,11.596133333333327
2023-06-05 07:30:00,79.83729629629629,8.77393333333336
2023-06-05 08:00:00,74.92177777777779,9.09293333333332
2023-06-05 08:30:00,71.08133333333335,11.6858
2023-06-05 09:00:00,67.79098148148148,10.665766666666663
2023-06-05 09:30:00,65.45518518518517,12.139999999999993
2023-06-05 10:00:00,63.699296296296296,16.42306666666667
2023-06-05 10:30:00,62.57555555555556,16.106999999999992
2023-06-05 11:00:00,61.26555555555555,18.103666666666662
2023-06-05 11:30:00,60.02681481481482,19.328133333333334
2023-06-05 12:00:00,59.49748148148147,19.414866666666654
2023-06-05 12:30:00,61.966407407407395,14.17966666666667
2023-06-05 13:00:00,63.93544444444444,10.822133333333333
2023-06-05 13:30:00,63.15933333333333,14.224466666666657
2023-06-05 14:00:00,62.40918518518518,14.967866666666673
2023-06-05 14:30:00,61.60818518518517,13.71693333333333
2023-06-05 15:00:00,61.33955555555555,13.722933333333344
2023-06-05 15:30:00,61.907962962962955,12.193800000000003
2023-06-05 16:00:00,61.997740740740745,12.60779999999999
2023-06-05 16:30:00,64.08155555555555,13.873866666666686
2023-06-05 17:00:00,67.74211111111111,13.260400000000004
2023-06-05 17:30:00,71.58177777777777,9.677333333333337
2023-06-05 18:00:00,74.2601851851852,9.277533333333338
2023-06-05 18:30:00,76.69685185185186,9.285333333333327
2023-06-05 19:00:00,78.59640740740741,10.263866666666644
2023-06-05 19:30:00,79.7275925925926,9.234866666666676
2023-06-05 20:00:00,80.79088888888889,8.979733333333343
2023-06-05 20:30:00,81.37422222222222,9.200600000000009
2023-06-05 21:00:00,81.62692592592593,9.869533333333337
2023-06-05 21:30:00,82.29488888888888,9.215800000000002
2023-06-05 22:00:00,82.87555555555556,8.902266666666677
2023-06-05 22:30:00,83.7124074074074,9.58786666666667
2023-06-05 23:00:00,84.24503703703704,9.652533333333352
2023-06-05 23:30:00,85.03048148148147,9.152933333333351
2023-06-06 00:00:00,85.69637037037036,9.74793333333335
2023-06-06 00:30:00,86.47925925925925,10.146800000000013
2023-06-06 01:00:00,87.43625925925926,9.935866666666683
2023-06-06 01:30:00,88.11292592592592,9.605066666666659
2023-06-06 02:00:00,88.5718148148148,10.261733333333353
2023-06-06 02:30:00,89.08270370370371,9.873599999999996
2023-06-06 03:00:00,89.78137037037038,9.548266666666677
2023-06-06 03:30:00,90.3234814814815,9.679866666666655
2023-06-06 04:00:00,90.75066666666666,9.02500000000002
2023-06-06 04:30:00,90.69707407407407,9.202266666666674
2023-06-06 05:00:00,90.62325925925926,8.925733333333355
2023-06-06 05:30:00,89.992,9.241
2023-06-06 06:00:00,89.92496296296297,9.090800000000002
2023-06-06 06:30:00,88.83640740740742,9.709933333333325
2023-06-06 07:00:00,86.16222222222221,11.143333333333345
2023-06-06 07:30:00,82.89192592592593,14.318133333333321
2023-06-06 08:00:00,79.74711111111111,17.4538
2023-06-06 08:30:00,76.56603703703703,18.421400000000006
2023-06-06 09:00:00,72.40614814814815,16.607266666666646
2023-06-06 09:30:00,70.29462962962964,14.526600000000016
2023-06-06 10:00:00,69.45455555555557,13.661733333333316
2023-06-06 10:30:00,68.20492592592592,13.843666666666664
2023-06-06 11:00:00,67.45792592592593,11.959866666666663
2023-06-06 11:30:00,67.14399999999999,13.170733333333331
2023-06-06 12:00:00,67.76840740740742,10.77666666666667
2023-06-06 12:30:00,67.41259259259259,12.745466666666672
2023-06-06 13:00:00,68.03814814814815,14.977800000000002
2023-06-06 13:30:00,69.73085185185185,12.52246666666666
2023-06-06 14:00:00,73.55440740740741,10.252600000000001
2023-06-06 14:30:00,76.45440740740742,7.97493333333334
2023-06-06 15:00:00,78.87792592592592,10.531333333333336
2023-06-06 15:30:00,85.99577777777779,20.517133333333334
2023-06-06 16:00:00,91.19103703703702,16.152866666666668
2023-06-06 16:30:00,92.98944444444443,13.712799999999987
2023-06-06 17:00:00,93.86862962962962,13.483333333333334
2023-06-06 17:30:00,94.71529629629629,13.0398
2023-06-06 18:00:00,95.12092592592593,12.094600000000014
2023-06-06 18:30:00,95.48533333333333,12.010466666666673
2023-06-06 19:00:00,95.69974074074075,11.265933333333336
2023-06-06 19:30:00,95.30585185185184,10.911933333333337
2023-06-06 20:00:00,95.35707407407409,10.96393333333333
2023-06-06 20:30:00,95.7267037037037,11.001800000000003
2023-06-06 21:00:00,95.85162962962964,10.876866666666643
2023-06-06 21:30:00,95.79737037037037,10.994266666666661
2023-06-06 22:00:00,95.98318518518518,11.317599999999999
2023-06-06 22:30:00,95.51455555555555,12.899933333333323
2023-06-06 23:00:00,95.3054074074074,13.347000000000008
2023-06-06 23:30:00,95.4578888888889,11.760199999999998
2023-06-07 00:00:00,95.54214814814816,12.066599999999994
2023-06-07 00:30:00,95.58307407407408,12.300066666666652
2023-06-07 01:00:00,95.49625925925926,12.734333333333325
2023-06-07 01:30:00,95.40696296296296,13.393133333333324
2023-06-07 02:00:00,95.25822222222222,13.511933333333317
2023-06-07 02:30:00,95.47870370370372,13.394066666666646
2023-06-07 03:00:00,95.66466666666666,12.891599999999997
2023-06-07 03:30:00,95.53333333333333,13.420333333333332
2023-06-07 04:00:00,95.5858888888889,13.888666666666637
2023-06-07 04:30:00,95.58885185185186,13.84806666666664
2023-06-07 05:00:00,95.6352962962963,13.10093333333333
2023-06-07 05:30:00,95.59807407407408,13.474799999999973
2023-06-07 06:00:00,95.38937037037039,13.483866666666657
2023-06-07 06:30:00,94.74666666666667,13.867199999999983
2023-06-07 07:00:00,94.07651851851853,13.873800000000017
2023-06-07 07:30:00,93.75296296296297,12.420133333333354
2023-06-07 08:00:00,91.94533333333334,12.111800000000002
2023-06-07 08:30:00,88.95818518518517,13.899333333333331
2023-06-07 09:00:00,87.02522222222223,17.710800000000006
2023-06-07 09:30:00,84.87011111111111,17.37166666666667
2023-06-07 10:00:00,79.68651851851853,19.018666666666647
2023-06-07 10:30:00,76.77925925925926,15.811999999999998
2023-06-07 11:00:00,76.96148148148148,11.571666666666673
2023-06-07 11:30:00,77.28399999999999,9.919333333333327
2023-06-07 12:00:00,77.59825925925927,9.54806666666667
2023-06-07 12:30:00,75.43522222222222,9.095066666666668
2023-06-07 13:00:00,74.95370370370371,11.48466666666667
2023-06-07 13:30:00,76.98114814814815,11.48393333333334
2023-06-07 14:00:00,81.14248148148148,12.755266666666657
2023-06-07 14:30:00,86.59225925925927,15.972266666666656
2023-06-07 15:00:00,89.85274074074074,15.768133333333338
2023-06-07 15:30:00,91.80048148148147,15.056333333333328
2023-06-07 16:00:00,93.04937037037037,14.701733333333323
2023-06-07 16:30:00,93.9282962962963,14.355533333333327
2023-06-07 17:00:00,94.37937037037038,13.889333333333326
2023-06-07 17:30:00,94.7917037037037,13.278733333333335
2023-06-07 18:00:00,95.03774074074074,13.81386666666667
2023-06-07 18:30:00,95.03533333333333,13.594866666666661
2023-06-07 19:00:00,95.17237037037036,13.578800000000015
2023-06-07 19:30:00,95.12944444444443,13.966400000000007
2023-06-07 20:00:00,95.49974074074073,13.931733333333327
2023-06-07 20:30:00,95.11451851851852,13.932199999999995
2023-06-07 21:00:00,95.20785185185186,13.454333333333324
2023-06-07 21:30:00,95.29748148148147,13.80906666666668
2023-06-07 22:00:00,95.28029629629629,13.405666666666662
2023-06-07 22:30:00,95.28374074074074,13.193266666666673
2023-06-07 23:00:00,95.41262962962963,12.503600000000006
2023-06-07 23:30:00,95.42022222222221,12.90486666666665
2023-06-08 00:00:00,95.29122222222223,13.236466666666644
2023-06-08 00:30:00,95.28544444444445,13.022666666666638
2023-06-08 01:00:00,95.39240740740739,12.985799999999983
2023-06-08 01:30:00,94.94281481481482,12.390533333333323
2023-06-08 02:00:00,95.03262962962964,12.19626666666666
2023-06-08 02:30:00,95.32929629629629,12.995866666666657
2023-06-08 03:00:00,95.32677777777779,12.89179999999999
2023-06-08 03:30:00,95.65403703703704,12.822866666666656
2023-06-08 04:00:00,95.81311111111111,12.79359999999997
2023-06-08 04:30:00,95.87725925925925,12.483466666666658
2023-06-08 05:00:00,96.07122222222222,11.975066666666677
2023-06-08 05:30:00,96.06474074074076,12.566199999999995
2023-06-08 06:00:00,96.41055555555555,12.450333333333333
2023-06-08 06:30:00,96.69129629629629,12.022333333333336
2023-06-08 07:00:00,96.8961851851852,11.626133333333314
2023-06-08 07:30:00,96.69388888888889,11.108066666666659
2023-06-08 08:00:00,96.63677777777777,11.455399999999997
2023-06-08 08:30:00,96.36251851851851,11.962266666666679
2023-06-08 09:00:00,95.78311111111111,13.071333333333314
2023-06-08 09:30:00,95.0035925925926,13.467333333333315
2023-06-08 10:00:00,94.08140740740743,15.616733333333329
2023-06-08 10:30:00,91.91466666666668,13.711533333333321
2023-06-08 11:00:00,88.1762962962963,19.303066666666666
2023-06-08 11:30:00,83.73644444444444,16.159000000000006
2023-06-08 12:00:00,79.93322222222223,12.316666666666663
2023-06-08 12:30:00,76.33866666666667,10.312666666666686
2023-06-08 13:00:00,73.2811111111111,6.086666666666673
2023-06-08 13:30:00,73.08311111111111,11.685666666666663
2023-06-08 14:00:00,73.15011111111112,11.543533333333343
2023-06-08 14:30:00,73.57296296296296,9.444999999999993
2023-06-08 15:00:00,73.9475185185185,8.465666666666664
2023-06-08 15:30:00,75.28674074074074,7.724266666666651
2023-06-08 16:00:00,76.62307407407405,8.472666666666683
2023-06-08 16:30:00,77.8781111111111,8.160199999999975
2023-06-08 17:00:00,78.66170370370371,9.25
2023-06-08 17:30:00,81.05307407407409,9.334733333333347
2023-06-08 18:00:00,83.04755555555556,10.398266666666672
2023-06-08 18:30:00,84.06359259259258,10.702533333333335
2023-06-08 19:00:00,85.01759259259259,11.447266666666664
2023-06-08 19:30:00,85.7974814814815,11.766999999999996
2023-06-08 20:00:00,86.18174074074074,10.467666666666688
2023-06-08 20:30:00,86.79866666666666,10.45859999999999
2023-06-08 21:00:00,87.0745185185185,9.926933333333352
2023-06-08 21:30:00,87.35300000000001,9.948266666666669
2023-06-08 22:00:00,87.69681481481481,10.208666666666673
2023-06-08 22:30:00,88.37496296296297,11.377533333333346
2023-06-08 23:00:00,89.28788888888887,11.520600000000002
2023-06-08 23:30:00,89.44766666666666,11.029399999999995
2023-06-09 00:00:00,89.76292592592591,11.850133333333346
2023-06-09 00:30:00,89.842,11.831266666666679
2023-06-09 01:00:00,90.40707407407407,12.42246666666665
2023-06-09 01:30:00,90.82774074074075,12.28346666666667
2023-06-09 02:00:00,91.23837037037038,12.98193333333333
2023-06-09 02:30:00,91.97137037037038,13.277199999999993
2023-06-09 03:00:00,92.75518518518518,13.047600000000003
2023-06-09 03:30:00,93.27355555555556,13.20713333333336
2023-06-09 04:00:00,93.7565185185185,13.38826666666668
2023-06-09 04:30:00,94.11870370370372,12.448133333333345
2023-06-09 05:00:00,94.50385185185185,11.876266666666666
2023-06-09 05:30:00,94.818,12.358333333333334
2023-06-09 06:00:00,95.13211111111112,11.608533333333341
2023-06-09 06:30:00,93.98214814814816,11.581266666666664
2023-06-09 07:00:00,89.05825925925926,13.669866666666692
2023-06-09 07:30:00,82.26418518518518,14.965133333333327
2023-06-09 08:00:00,75.13940740740742,15.691733333333332
2023-06-09 08:30:00,70.33922222222222,14.601266666666668
2023-06-09 09:00:00,66.07174074074072,15.307733333333324
2023-06-09 09:30:00,62.632148148148154,14.459066666666658
2023-06-09 10:00:00,61.22333333333332,13.19253333333333
2023-06-09 10:30:00,60.638333333333335,12.846600000000002
2023-06-09 11:00:00,60.26385185185185,15.072666666666656
2023-06-09 11:30:00,59.59451851851853,18.33913333333333
2023-06-09 12:00:00,57.928925925925924,18.35533333333332
2023-06-09 12:30:00,59.584370370370365,16.58926666666666
2023-06-09 13:00:00,62.612444444444435,15.80759999999998
2023-06-09 13:30:00,64.28351851851852,12.79059999999999
2023-06-09 14:00:00,65.88711111111111,12.027733333333309
2023-06-09 14:30:00,66.92022222222222,12.135933333333341
2023-06-09 15:00:00,68.20837037037036,13.430000000000007
2023-06-09 15:30:00,70.16096296296297,13.573266666666655
2023-06-09 16:00:00,71.716,10.061333333333337
2023-06-09 16:30:00,74.53937037037036,9.50226666666667
2023-06-09 17:00:00,76.80266666666667,9.537200000000013
2023-06-09 17:30:00,78.38181481481482,9.199466666666666
2023-06-09 18:00:00,80.5287037037037,8.702066666666667
2023-06-09 18:30:00,81.88985185185184,9.13526666666668
2023-06-09 19:00:00,83.45551851851852,11.104799999999997
2023-06-09 19:30:00,84.54651851851852,12.599466666666686
2023-06-09 20:00:00,84.30244444444445,12.945199999999986
2023-06-09 20:30:00,84.38592592592593,14.385933333333355
2023-06-09 21:00:00,86.05162962962963,15.582266666666683
2023-06-09 21:30:00,87.72707407407408,17.98299999999999
2023-06-09 22:00:00,88.47159259259259,17.99853333333334
2023-06-09 22:30:00,88.73651851851852,17.0214
2023-06-09 23:00:00,88.96544444444446,16.429600000000008
2023-06-09 23:30:00,89.31307407407408,15.888533333333328
2023-06-10 00:00:00,89.08585185185184,15.630399999999995
2023-06-10 00:30:00,89.2027037037037,16.134866666666667
2023-06-10 01:00:00,89.33833333333331,16.14566666666667
2023-06-10 01:30:00,89.6188888888889,15.74539999999999
2023-06-10 02:00:00,89.77225925925927,15.784466666666646
2023-06-10 02:30:00,89.91703703703703,16.85473333333333
2023-06-10 03:00:00,90.29925925925926,16.35433333333333
2023-06-10 03:30:00,91.27377777777777,14.635199999999998
2023-06-10 04:00:00,92.05855555555556,12.893066666666655
2023-06-10 04:30:00,93.1265185185185,11.721400000000017
2023-06-10 05:00:00,94.14322222222222,10.637800000000013
2023-06-10 05:30:00,94.69825925925926,11.33586666666666
2023-06-10 06:00:00,95.31048148148149,11.435666666666677
2023-06-10 06:30:00,95.13725925925925,12.569999999999993
2023-06-10 07:00:00,95.33766666666666,11.889466666666678
2023-06-10 07:30:00,94.84922222222221,12.159533333333343
2023-06-10 08:00:00,93.57903703703704,11.97226666666667
2023-06-10 08:30:00,92.2374074074074,12.876066666666674
2023-06-10 09:00:00,91.09907407407408,13.341599999999985
2023-06-10 09:30:00,90.78762962962963,14.216733333333309
2023-06-10 10:00:00,90.81981481481483,14.21739999999997
2023-06-10 10:30:00,90.31277777777777,14.86999999999999
2023-06-10 11:00:00,90.95944444444444,15.087866666666656
2023-06-10 11:30:00,91.3652222222222,15.806333333333342
2023-06-10 12:00:00,91.80418518518519,15.133599999999987
2023-06-10 12:30:00,92.18537037037038,15.307999999999993
2023-06-10 13:00:00,92.14892592592594,14.915933333333328
2023-06-10 13:30:00,90.78581481481481,15.996666666666655
2023-06-10 14:00:00,88.71485185185185,17.37586666666664
2023-06-10 14:30:00,87.10296296296295,16.956199999999995
2023-06-10 15:00:00,86.88862962962962,16.709666666666678
2023-06-10 15:30:00,87.31822222222223,15.852599999999995
2023-06-10 16:00:00,87.83266666666665,14.517466666666678
2023-06-10 16:30:00,90.35385185185186,13.43379999999999
2023-06-10 17:00:00,92.57044444444445,12.36
2023-06-10 17:30:00,93.82596296296295,11.539133333333353
2023-06-10 18:00:00,94.24351851851853,12.501199999999997
2023-06-10 18:30:00,94.63962962962962,13.410933333333318
2023-06-10 19:00:00,94.74322222222222,13.428466666666651
2023-06-10 19:30:00,95.08859259259258,13.531333333333336
2023-06-10 20:00:00,95.00825925925926,13.830533333333335
2023-06-10 20:30:00,94.71622222222221,14.25099999999999
2023-06-10 21:00:00,94.48714814814815,14.497200000000007
2023-06-10 21:30:00,94.75800000000001,13.26146666666665
2023-06-10 22:00:00,95.00440740740743,13.14679999999997
2023-06-10 22:30:00,95.58,13.026466666666664
2023-06-10 23:00:00,95.92522222222222,12.84960000000001
2023-06-10 23:30:00,96.27937037037036,12.33080000000001
2023-06-11 00:00:00,96.72681481481482,10.57813333333334
2023-06-11 00:30:00,97.12059259259259,10.878533333333337
2023-06-11 01:00:00,97.15,12.525733333333335
2023-06-11 01:30:00,96.49974074074075,14.179599999999994
2023-06-11 02:00:00,96.08200000000001,15.768799999999999
2023-06-11 02:30:00,97.00922222222222,11.391066666666674
2023-06-11 03:00:00,97.17166666666665,11.808999999999997
2023-06-11 03:30:00,98.20522222222223,9.808600000000013
2023-06-11 04:00:00,98.30896296296298,10.856866666666662
2023-06-11 04:30:00,98.28937037037038,10.181999999999988
2023-06-11 05:00:00,97.91962962962964,10.778866666666673
2023-06-11 05:30:00,97.75844444444446,12.485933333333335
2023-06-11 06:00:00,97.17703703703702,15.78513333333332
2023-06-11 06:30:00,96.80140740740742,18.336000000000013
2023-06-11 07:00:00,97.18403703703704,13.574133333333322
2023-06-11 07:30:00,96.53551851851851,14.213666666666668
2023-06-11 08:00:00,95.62392592592593,16.79273333333333
2023-06-11 08:30:00,92.40925925925927,21.45286666666665
2023-06-11 09:00:00,86.54851851851852,25.191933333333324
2023-06-11 09:30:00,82.52699999999999,26.832333333333324
2023-06-11 10:00:00,79.80966666666667,28.843599999999995
2023-06-11 10:30:00,77.33933333333333,30.962466666666643
2023-06-11 11:00:00,74.76896296296296,32.02033333333331
2023-06-11 11:30:00,72.31466666666668,31.915066666666668
2023-06-11 12:00:00,71.45544444444444,31.950400000000002
2023-06-11 12:30:00,69.61366666666666,32.82726666666666
2023-06-11 13:00:00,68.2522962962963,34.231000000000016
2023-06-11 13:30:00,67.94874074074075,36.447466666666664
2023-06-11 14:00:00,68.61107407407407,36.099933333333325
2023-06-11 14:30:00,70.43914814814815,33.783466666666676
2023-06-11 15:00:00,71.39374074074072,30.711
2023-06-11 15:30:00,70.48244444444443,28.850733333333345
2023-06-11 16:00:00,68.63066666666667,14.383000000000003
2023-06-11 16:30:00,68.3007037037037,9.431866666666636
2023-06-11 17:00:00,69.42796296296297,10.09953333333334
2023-06-11 17:30:00,73.72937037037038,9.479133333333323
2023-06-11 18:00:00,76.51381481481481,9.632866666666658
2023-06-11 18:30:00,78.31688888888888,9.004466666666687
2023-06-11 19:00:00,79.24818518518519,9.37846666666671
2023-06-11 19:30:00,79.65737037037039,10.114333333333349
2023-06-11 20:00:00,80.03129629629629,10.017600000000002
2023-06-11 20:30:00,80.59481481481481,11.07993333333333
2023-06-11 21:00:00,80.75662962962961,10.57953333333333
2023-06-11 21:30:00,81.59603703703704,10.239800000000002
2023-06-11 22:00:00,82.7385925925926,10.343999999999994
2023-06-11 22:30:00,83.99248148148148,10.408133333333339
2023-06-11 23:00:00,85.05774074074073,10.467000000000013
2023-06-11 23:30:00,86.15655555555556,10.850666666666683
2023-06-12 00:00:00,87.11118518518518,12.442933333333343
2023-06-12 00:30:00,87.66337037037037,12.56613333333334
2023-06-12 01:00:00,87.79562962962963,14.644133333333343
2023-06-12 01:30:00,87.5827037037037,13.603866666666676
2023-06-12 02:00:00,88.19977777777778,14.73266666666666
2023-06-12 02:30:00,88.79837037037036,16.18759999999999
2023-06-12 03:00:00,89.75403703703704,17.04973333333332
2023-06-12 03:30:00,90.58492592592592,16.76599999999999
2023-06-12 04:00:00,91.82655555555556,15.52066666666667
2023-06-12 04:30:00,92.39633333333332,13.843733333333333
2023-06-12 05:00:00,92.83292592592593,12.519533333333342
2023-06-12 05:30:00,93.30837037037037,11.398800000000008
2023-06-12 06:00:00,93.3438148148148,10.687866666666665
2023-06-12 06:30:00,91.16866666666667,14.294266666666658
2023-06-12 07:00:00,87.14877777777777,11.341733333333337
2023-06-12 07:30:00,81.55507407407407,15.156066666666646
2023-06-12 08:00:00,76.24703703703705,13.111866666666685
2023-06-12 08:30:00,72.76755555555557,11.745266666666666
2023-06-12 09:00:00,69.95192592592593,9.631933333333322
2023-06-12 09:30:00,67.24959259259259,11.216800000000006
2023-06-12 10:00:00,65.38659259259258,12.014866666666656
2023-06-12 10:30:00,64.57925925925925,12.035399999999981
2023-06-12 11:00:00,63.99096296296297,11.518200000000007
2023-06-12 11:30:00,63.39929629629629,10.73706666666667
2023-06-12 12:00:00,61.83699999999999,11.080533333333335
2023-06-12 12:30:00,60.86281481481481,12.256399999999992
2023-06-12 13:00:00,59.84985185185186,13.018466666666669
2023-06-12 13:30:00,59.01337037037037,15.096399999999981
2023-06-12 14:00:00,57.68937037037037,15.556733333333327
2023-06-12 14:30:00,57.82959259259259,14.40046666666668
2023-06-12 15:00:00,59.608925925925924,12.259866666666674
2023-06-12 15:30:00,61.19848148148148,10.794800000000002
2023-06-12 16:00:00,63.16833333333333,10.243066666666664
2023-06-12 16:30:00,65.46466666666667,13.114066666666659
2023-06-12 17:00:00,67.90092592592593,12.134466666666668
2023-06-12 17:30:00,70.58048148148148,11.620599999999996
2023-06-12 18:00:00,74.03955555555554,9.891199999999998
2023-06-12 18:30:00,76.81070370370371,8.86333333333333
2023-06-12 19:00:00,78.30181481481482,10.219266666666684
2023-06-12 19:30:00,78.85611111111112,10.039000000000001
2023-06-12 20:00:00,79.19796296296298,10.001000000000019
2023-06-12 20:30:00,79.46192592592593,10.376400000000018
2023-06-12 21:00:00,79.92762962962962,10.34520000000002
2023-06-12 21:30:00,80.81951851851852,10.818999999999988
2023-06-12 22:00:00,81.14777777777778,11.400733333333307
2023-06-12 22:30:00,81.64807407407407,11.847533333333331
2023-06-12 23:00:00,82.24525925925927,12.861466666666672
2023-06-12 23:30:00,82.56548148148147,12.21180000000001
2023-06-13 00:00:00,83.05425925925925,10.474399999999989
2023-06-13 00:30:00,84.04214814814816,11.087733333333333
2023-06-13 01:00:00,85.10785185185185,12.946800000000025
2023-06-13 01:30:00,86.11733333333333,13.07686666666666
2023-06-13 02:00:00,87.13744444444444,13.893799999999999
2023-06-13 02:30:00,87.98114814814815,13.931066666666652
2023-06-13 03:00:00,88.76296296296296,13.883600000000015
2023-06-13 03:30:00,89.47259259259259,12.107666666666674
2023-06-13 04:00:00,89.62299999999999,11.529399999999995
2023-06-13 04:30:00,89.31288888888888,10.47180000000003
2023-06-13 05:00:00,89.71681481481481,10.780066666666684
2023-06-13 05:30:00,89.97696296296296,10.566800000000029
2023-06-13 06:00:00,90.595,10.53113333333333
2023-06-13 06:30:00,88.46681481481481,11.945399999999992
2023-06-13 07:00:00,82.587,17.4944
2023-06-13 07:30:00,76.41533333333332,16.772066666666674
2023-06-13 08:00:00,72.8965185185185,14.459000000000003
2023-06-13 08:30:00,69.66722222222222,14.343400000000003
2023-06-13 09:00:00,66.50996296296296,15.395933333333325
2023-06-13 09:30:00,64.01762962962964,15.036533333333338
2023-06-13 10:00:00,61.73966666666667,14.852600000000002
2023-06-13 10:30:00,60.66462962962963,14.489999999999995
2023-06-13 11:00:00,60.264481481481475,14.329866666666668
2023-06-13 11:30:00,60.06037037037038,15.56413333333333
2023-06-13 12:00:00,59.67974074074074,15.72933333333333
2023-06-13 12:30:00,59.806555555555555,15.051866666666662
2023-06-13 13:00:00,60.056555555555555,15.175933333333333
2023-06-13 13:30:00,59.78144444444443,18.91079999999998
2023-06-13 14:00:00,60.506962962962966,16.934533333333334
2023-06-13 14:30:00,61.28681481481481,13.873333333333335
2023-06-13 15:00:00,61.31681481481481,13.113599999999998
2023-06-13 15:30:00,62.292259259259254,12.0824
2023-06-13 16:00:00,63.63181481481482,12.174799999999998
2023-06-13 16:30:00,65.83418518518518,12.313866666666662
2023-06-13 17:00:00,68.34774074074075,12.533933333333316
2023-06-13 17:30:00,71.42925925925925,11.358999999999995
2023-06-13 18:00:00,74.9551111111111,10.028666666666652
2023-06-13 18:30:00,77.21240740740741,10.892200000000003
2023-06-13 19:00:00,78.42225925925926,10.01100000000001
2023-06-13 19:30:00,79.49407407407409,9.135200000000012
2023-06-13 20:00:00,80.07814814814816,9.803933333333319
2023-06-13 20:30:00,80.41237037037037,8.775666666666666
2023-06-13 21:00:00,80.90688888888889,9.092600000000004
2023-06-13 21:30:00,81.66407407407408,9.667266666666677
2023-06-13 22:00:00,82.02581481481481,9.482
2023-06-13 22:30:00,82.83611111111111,10.142266666666671
2023-06-13 23:00:00,83.63285185185184,9.975933333333316
2023-06-13 23:30:00,84.43129629629628,9.675933333333333
2023-06-14 00:00:00,85.1922962962963,10.745000000000005
2023-06-14 00:30:00,85.98511111111112,10.212133333333355
2023-06-14 01:00:00,86.38144444444444,11.16106666666667
2023-06-14 01:30:00,86.17803703703703,10.858000000000004
2023-06-14 02:00:00,85.9472962962963,10.722066666666663
2023-06-14 02:30:00,86.08807407407409,11.107400000000013
2023-06-14 03:00:00,86.63392592592591,11.55713333333334
2023-06-14 03:30:00,87.65262962962963,11.632066666666674
2023-06-14 04:00:00,88.24570370370371,11.543399999999991
2023-06-14 04:30:00,89.21959259259259,10.946933333333348
2023-06-14 05:00:00,89.80240740740743,10.351799999999997
2023-06-14 05:30:00,90.11959259259258,10.80193333333331
2023-06-14 06:00:00,89.64714814814815,9.465733333333318
2023-06-14 06:30:00,86.65514814814816,11.597000000000008
2023-06-14 07:00:00,82.25059259259258,15.130466666666678
2023-06-14 07:30:00,78.11474074074074,15.15846666666667
2023-06-14 08:00:00,75.06366666666668,13.921733333333336
2023-06-14 08:30:00,72.93648148148148,12.071933333333348
2023-06-14 09:00:00,70.99066666666667,8.527266666666662
2023-06-14 09:30:00,68.68270370370371,10.462000000000003
2023-06-14 10:00:00,67.18622222222221,12.396133333333339
2023-06-14 10:30:00,67.22796296296298,12.161799999999992
2023-06-14 11:00:00,67.36874074074073,13.060933333333324
2023-06-14 11:30:00,66.11685185185185,13.641799999999982
2023-06-14 12:00:00,65.41377777777778,13.909133333333337
2023-06-14 12:30:00,66.03118518518518,13.041399999999989
2023-06-14 13:00:00,65.36848148148148,13.71913333333331
2023-06-14 13:30:00,64.83155555555555,14.70673333333334
2023-06-14 14:00:00,65.0772962962963,15.265933333333336
2023-06-14 14:30:00,64.79077777777778,12.386799999999994
2023-06-14 15:00:00,64.65737037037036,11.646399999999993
2023-06-14 15:30:00,65.22244444444443,11.367200000000004
2023-06-14 16:00:00,67.06548148148148,10.436999999999983
2023-06-14 16:30:00,69.6792962962963,11.289933333333323
2023-06-14 17:00:00,71.4212962962963,10.501666666666665
2023-06-14 17:30:00,74.56137037037037,10.825933333333325
2023-06-14 18:00:00,77.73666666666665,10.734133333333318
2023-06-14 18:30:00,79.27374074074073,10.146466666666683
2023-06-14 19:00:00,80.3891111111111,9.896400000000014
2023-06-14 19:30:00,81.03125925925927,10.327000000000027
2023-06-14 20:00:00,81.816,10.527533333333338
2023-06-14 20:30:00,82.14414814814816,10.773400000000024
2023-06-14 21:00:00,82.70344444444443,10.428666666666686
2023-06-14 21:30:00,83.02485185185185,10.432999999999993
2023-06-14 22:00:00,83.4032962962963,10.387333333333345
2023-06-14 22:30:00,82.92811111111111,9.290133333333344
2023-06-14 23:00:00,82.57392592592593,8.698600000000013
2023-06-14 23:30:00,82.86499999999998,8.883266666666685
2023-06-15 00:00:00,83.51877777777777,8.876733333333334
2023-06-15 00:30:00,83.81222222222222,9.337466666666657
2023-06-15 01:00:00,83.91825925925927,8.4636
2023-06-15 01:30:00,83.94114814814814,7.901666666666671
2023-06-15 02:00:00,84.43492592592594,7.986333333333334
2023-06-15 02:30:00,85.38007407407409,8.834133333333327
2023-06-15 03:00:00,86.17425925925926,8.74966666666667
2023-06-15 03:30:00,87.17611111111111,8.909533333333314
2023-06-15 04:00:00,87.25892592592592,9.017466666666678
2023-06-15 04:30:00,87.15659259259259,8.562933333333334
2023-06-15 05:00:00,87.3681111111111,9.21499999999999
2023-06-15 05:30:00,87.60225925925926,9.947600000000008
2023-06-15 06:00:00,87.70903703703704,9.728266666666642
2023-06-15 06:30:00,86.85337037037036,9.77906666666668
2023-06-15 07:00:00,85.30696296296296,8.750466666666696
2023-06-15 07:30:00,83.56707407407407,8.469466666666662
2023-06-15 08:00:00,81.35300000000001,9.51833333333336
2023-06-15 08:30:00,78.00477777777779,11.275200000000027
2023-06-15 09:00:00,74.17725925925927,10.844400000000007
2023-06-15 09:30:00,71.36051851851852,10.86726666666668
2023-06-15 10:00:00,70.50314814814816,9.192199999999985
2023-06-15 10:30:00,72.42055555555557,9.033133333333339
2023-06-15 11:00:00,73.58503703703703,9.952066666666653
2023-06-15 11:30:00,75.46151851851852,12.072000000000003
2023-06-15 12:00:00,75.15766666666667,12.693733333333327
2023-06-15 12:30:00,76.27685185185186,13.460266666666655
2023-06-15 13:00:00,73.36381481481482,13.82446666666668
2023-06-15 13:30:00,69.3494074074074,10.09906666666668
2023-06-15 14:00:00,67.6774814814815,10.80493333333333
2023-06-15 14:30:00,67.43448148148147,8.133066666666657
2023-06-15 15:00:00,67.93374074074073,9.181533333333327
2023-06-15 15:30:00,67.94862962962962,7.887799999999984
2023-06-15 16:00:00,68.63718518518517,8.098933333333335
2023-06-15 16:30:00,70.89737037037037,8.183733333333336
2023-06-15 17:00:00,73.39903703703705,8.64179999999999
2023-06-15 17:30:00,75.76148148148147,9.073999999999998
2023-06-15 18:00:00,77.8547037037037,9.017533333333333
2023-06-15 18:30:00,79.49407407407408,8.726799999999983
2023-06-15 19:00:00,80.56425925925927,9.134066666666683
2023-06-15 19:30:00,81.33529629629629,10.51366666666668
2023-06-15 20:00:00,82.35285185185187,10.0698
2023-06-15 20:30:00,82.89014814814816,11.08553333333333
2023-06-15 21:00:00,83.28337037037038,9.753666666666675
2023-06-15 21:30:00,83.8131111111111,10.152866666666668
2023-06-15 22:00:00,84.46685185185184,10.775400000000005
2023-06-15 22:30:00,84.86974074074074,10.847666666666683
2023-06-15 23:00:00,85.29451851851853,9.211266666666674
2023-06-15 23:30:00,85.64929629629631,9.282666666666671
2023-06-16 00:00:00,86.05418518518519,9.626200000000011
2023-06-16 00:30:00,86.08122222222222,10.172533333333348
2023-06-16 01:00:00,86.4678888888889,9.609000000000009
2023-06-16 01:30:00,86.68051851851853,9.471599999999981
2023-06-16 02:00:00,86.97777777777777,10.140400000000014
2023-06-16 02:30:00,86.81255555555555,8.964266666666674
2023-06-16 03:00:00,87.35155555555556,9.289199999999994
2023-06-16 03:30:00,87.74770370370372,9.236533333333355
2023-06-16 04:00:00,87.93466666666666,9.410933333333332
2023-06-16 04:30:00,88.08229629629629,9.54173333333334
2023-06-16 05:00:00,88.62703703703704,9.123999999999981
2023-06-16 05:30:00,88.993,8.386533333333333
2023-06-16 06:00:00,89.09855555555556,9.184999999999988
2023-06-16 06:30:00,87.8507777777778,9.104
2023-06-16 07:00:00,86.0242962962963,8.284333333333322
2023-06-16 07:30:00,83.7122962962963,9.8416
2023-06-16 08:00:00,81.62203703703703,11.291000000000011
2023-06-16 08:30:00,78.89207407407406,10.684866666666679
2023-06-16 09:00:00,74.94051851851852,12.030600000000021
2023-06-16 09:30:00,72.45948148148149,10.511733333333325
2023-06-16 10:00:00,70.59348148148148,10.137200000000007
2023-06-16 10:30:00,67.5215925925926,14.542599999999986
2023-06-16 11:00:00,64.80585185185186,16.93793333333334
2023-06-16 11:30:00,65.02125925925925,16.899266666666655
2023-06-16 12:00:00,64.5292962962963,18.723333333333315
2023-06-16 12:30:00,62.248222222222225,19.91666666666665
2023-06-16 13:00:00,60.89048148148149,21.780533333333317
2023-06-16 13:30:00,59.885370370370374,21.9178
2023-06-16 14:00:00,59.05929629629629,22.986733333333333
2023-06-16 14:30:00,59.82185185185185,24.894599999999997
2023-06-16 15:00:00,62.080851851851854,24.887800000000006
2023-06-16 15:30:00,65.28588888888889,24.48086666666665
2023-06-16 16:00:00,68.83885185185186,21.32159999999999
2023-06-16 16:30:00,71.34966666666668,19.051333333333332
2023-06-16 17:00:00,74.42011111111111,11.121199999999988
2023-06-16 17:30:00,77.70318518518519,11.756466666666654
2023-06-16 18:00:00,81.2208148148148,11.219133333333332
2023-06-16 18:30:00,83.35907407407407,11.195599999999999
2023-06-16 19:00:00,84.16788888888888,10.444600000000008
2023-06-16 19:30:00,85.3231851851852,10.343999999999994
2023-06-16 20:00:00,85.88848148148148,10.963800000000006
2023-06-16 20:30:00,86.41807407407407,11.262400000000014
2023-06-16 21:00:00,86.7917037037037,11.092800000000011
2023-06-16 21:30:00,87.1331111111111,11.239666666666679
2023-06-16 22:00:00,87.70596296296297,10.717800000000011
2023-06-16 22:30:00,88.20885185185186,9.767866666666677
2023-06-16 23:00:00,88.80218518518518,9.482466666666681
2023-06-16 23:30:00,89.0802962962963,10.325866666666656
2023-06-17 00:00:00,89.65903703703704,10.287200000000013
2023-06-17 00:30:00,90.05233333333334,10.279866666666678
2023-06-17 01:00:00,90.55570370370371,10.27173333333333
2023-06-17 01:30:00,90.8504814814815,10.191533333333325
2023-06-17 02:00:00,90.80218518518518,9.731466666666634
2023-06-17 02:30:00,90.52514814814816,9.146466666666655
2023-06-17 03:00:00,90.3335925925926,8.250466666666654
2023-06-17 03:30:00,90.24122222222223,8.391666666666666
2023-06-17 04:00:00,90.33488888888888,8.407666666666657
2023-06-17 04:30:00,90.64885185185184,7.771799999999999
2023-06-17 05:00:00,90.74437037037038,7.99166666666666
2023-06-17 05:30:00,90.4535925925926,8.387599999999992
2023-06-17 06:00:00,90.01803703703705,7.901533333333305
2023-06-17 06:30:00,89.08222222222221,8.943066666666681
2023-06-17 07:00:00,86.7552962962963,10.005866666666677
2023-06-17 07:30:00,83.75781481481482,10.301800000000014
2023-06-17 08:00:00,79.86692592592593,11.937866666666693
2023-06-17 08:30:00,75.76214814814816,14.098199999999991
2023-06-17 09:00:00,71.92233333333334,13.536400000000015
2023-06-17 09:30:00,68.7915925925926,13.327133333333315
2023-06-17 10:00:00,65.93592592592593,17.48113333333334
2023-06-17 10:30:00,63.90862962962962,16.42413333333333
2023-06-17 11:00:00,61.95092592592593,19.535933333333332
2023-06-17 11:30:00,62.141185185185186,20.68626666666667
2023-06-17 12:00:00,63.687740740740736,17.79726666666666
2023-06-17 12:30:00,62.29555555555555,19.408199999999994
2023-06-17 13:00:00,63.44255555555555,20.048466666666663
2023-06-17 13:30:00,64.5201111111111,18.0158
2023-06-17 14:00:00,65.12944444444445,17.658600000000007
2023-06-17 14:30:00,64.89351851851852,17.11720000000001
2023-06-17 15:00:00,65.89670370370371,18.281066666666668
2023-06-17 15:30:00,67.97507407407407,19.55213333333333
2023-06-17 16:00:00,68.94848148148148,19.53246666666667
2023-06-17 16:30:00,71.81022222222221,14.783000000000008
2023-06-17 17:00:00,74.50200000000001,14.587999999999994
2023-06-17 17:30:00,77.77233333333334,14.177333333333337
2023-06-17 18:00:00,79.88618518518518,12.021599999999978
2023-06-17 18:30:00,81.04170370370372,12.35393333333333
2023-06-17 19:00:00,82.11940740740744,13.763733333333334
2023-06-17 19:30:00,83.15107407407407,13.423466666666684
2023-06-17 20:00:00,84.47551851851851,12.983400000000003
2023-06-17 20:30:00,85.98774074074075,11.103000000000009
2023-06-17 21:00:00,86.56633333333333,11.516333333333321
2023-06-17 21:30:00,87.05718518518518,11.22066666666666
2023-06-17 22:00:00,87.17911111111113,10.720933333333335
2023-06-17 22:30:00,87.2732962962963,9.784066666666675
2023-06-17 23:00:00,87.11548148148148,9.435799999999986
2023-06-17 23:30:00,87.10359259259259,9.293599999999984
2023-06-18 00:00:00,86.67359259259257,8.787266666666667
2023-06-18 00:30:00,86.62025925925926,8.998466666666673
2023-06-18 01:00:00,86.94348148148148,8.157999999999987
2023-06-18 01:30:00,86.94081481481483,8.152600000000007
2023-06-18 02:00:00,87.0051851851852,7.802000000000021
2023-06-18 02:30:00,87.27585185185187,8.239000000000004
2023-06-18 03:00:00,87.68444444444445,8.142533333333319
2023-06-18 03:30:00,88.29955555555554,9.476466666666653
2023-06-18 04:00:00,87.9708148148148,8.38866666666668
2023-06-18 04:30:00,88.31185185185184,9.620533333333313
2023-06-18 05:00:00,87.96570370370371,8.62520000000002
2023-06-18 05:30:00,87.90333333333334,9.657733333333326
2023-06-18 06:00:00,87.56066666666668,8.010133333333343
2023-06-18 06:30:00,86.88088888888889,8.491
2023-06-18 07:00:00,84.11511111111112,10.217333333333329
2023-06-18 07:30:00,80.25496296296298,12.1554
2023-06-18 08:00:00,76.8035185185185,13.572333333333333
2023-06-18 08:30:00,75.06566666666666,12.8814
2023-06-18 09:00:00,72.85100000000001,17.029866666666663
2023-06-18 09:30:00,71.07259259259258,17.647133333333343
2023-06-18 10:00:00,70.4208888888889,16.89213333333334
2023-06-18 10:30:00,70.02433333333333,17.295599999999986
2023-06-18 11:00:00,70.9748148148148,16.04813333333332
2023-06-18 11:30:00,71.19866666666668,16.54866666666667
2023-06-18 12:00:00,70.09270370370369,16.0092
2023-06-18 12:30:00,67.9677037037037,17.982599999999984
2023-06-18 13:00:00,66.80162962962964,17.482733333333343
2023-06-18 13:30:00,65.71618518518518,20.204
2023-06-18 14:00:00,65.9617037037037,17.944866666666677
2023-06-18 14:30:00,67.01833333333335,17.964466666666674
2023-06-18 15:00:00,67.51503703703705,17.63259999999999
2023-06-18 15:30:00,70.91729629629629,19.612666666666655
2023-06-18 16:00:00,74.30077777777778,16.427733333333336
2023-06-18 16:30:00,76.39596296296295,10.444333333333333
2023-06-18 17:00:00,77.53481481481481,12.868466666666663
2023-06-18 17:30:00,81.16974074074075,12.807266666666678
2023-06-18 18:00:00,84.60062962962964,10.228666666666655
2023-06-18 18:30:00,85.89455555555554,10.162133333333344
2023-06-18 19:00:00,86.24066666666666,9.268266666666662
2023-06-18 19:30:00,86.79925925925926,9.873266666666666
2023-06-18 20:00:00,87.59114814814815,8.752066666666664
2023-06-18 20:30:00,87.9257037037037,8.639933333333346
2023-06-18 21:00:00,87.61485185185185,9.101733333333328
2023-06-18 21:30:00,87.68199999999999,8.319533333333354
2023-06-18 22:00:00,88.28614814814813,8.538066666666666
2023-06-18 22:30:00,88.54029629629628,8.306933333333347
2023-06-18 23:00:00,88.47796296296296,7.633800000000008
2023-06-18 23:30:00,88.12014814814815,7.5519999999999925
2023-06-19 00:00:00,88.33622222222222,7.620133333333328
2023-06-19 00:30:00,88.96922222222223,8.665600000000012
2023-06-19 01:00:00,88.98003703703705,7.053133333333335
2023-06-19 01:30:00,88.64303703703703,7.371333333333325
2023-06-19 02:00:00,88.82255555555554,8.214199999999991
2023-06-19 02:30:00,89.1105925925926,7.60693333333333
2023-06-19 03:00:00,89.2358148148148,7.341533333333331
2023-06-19 03:30:00,89.52577777777779,6.53513333333332
2023-06-19 04:00:00,89.601,6.86399999999999
2023-06-19 04:30:00,89.47585185185186,6.885333333333321
2023-06-19 05:00:00,89.34022222222222,7.065866666666665
2023-06-19 05:30:00,88.48296296296297,9.366599999999991
2023-06-19 06:00:00,88.17237037037039,8.061799999999963
2023-06-19 06:30:00,87.43518518518519,5.547000000000011
2023-06-19 07:00:00,86.6977962962963,8.230333333333334
2023-06-19 07:30:00,89.00770370370371,11.980533333333327
2023-06-19 08:00:00,91.93892592592593,6.302666666666667
2023-06-19 08:30:00,92.61356481481481,8.74093333333336
2023-06-19 09:00:00,92.0957037037037,12.278466666666674
2023-06-19 09:30:00,91.69318518518519,10.973000000000013
2023-06-19 10:00:00,91.32503703703703,11.867800000000003
2023-06-19 10:30:00,86.8969537037037,12.929533333333353
2023-06-19 11:00:00,82.49296296296296,13.616133333333337
2023-06-19 11:30:00,80.93162962962963,13.721666666666692
2023-06-19 12:00:00,82.97985185185185,10.3352
2023-06-19 12:30:00,83.93148148148148,7.036666666666662
2023-06-19 13:00:00,85.37492592592594,9.8048
2023-06-19 13:30:00,84.51255555555555,10.608933333333326
2023-06-19 14:00:00,83.605,12.573266666666655
2023-06-19 14:30:00,83.29496296296297,11.885933333333327
2023-06-19 15:00:00,79.49044444444444,12.807933333333338
2023-06-19 15:30:00,74.64748148148148,13.95013333333334
2023-06-19 16:00:00,74.28455555555556,14.837333333333333
2023-06-19 16:30:00,75.45385185185185,13.861999999999995
2023-06-19 17:00:00,77.82155555555556,11.979399999999998
2023-06-19 17:30:00,79.35003703703704,11.02806666666666
2023-06-19 18:00:00,81.15281481481482,11.554933333333352
2023-06-19 18:30:00,82.52285185185184,8.972399999999993
2023-06-19 19:00:00,83.77118518518519,6.39400000000002
2023-06-19 19:30:00,84.9274814814815,7.141199999999984
2023-06-19 20:00:00,86.4635925925926,6.81986666666667
2023-06-19 20:30:00,87.74655555555556,6.897533333333328
2023-06-19 21:00:00,88.67377777777779,6.272666666666666
2023-06-19 21:30:00,89.53166666666667,6.380400000000009
2023-06-19 22:00:00,90.53951851851849,5.525333333333322
2023-06-19 22:30:00,91.44192592592591,5.4210000000000065
2023-06-19 23:00:00,92.13666666666668,5.598666666666674
2023-06-19 23:30:00,92.15444444444445,5.728466666666662
2023-06-20 00:00:00,91.80870370370369,6.474533333333341
2023-06-20 00:30:00,91.91503703703704,5.472333333333339
2023-06-20 01:00:00,92.26103703703704,6.082399999999993
2023-06-20 01:30:00,92.88988888888888,6.472266666666684
2023-06-20 02:00:00,93.26670370370373,6.936466666666661
2023-06-20 02:30:00,93.0168888888889,7.21253333333334
2023-06-20 03:00:00,92.76055555555557,6.7316
2023-06-20 03:30:00,92.5338888888889,6.283266666666663
2023-06-20 04:00:00,92.30348148148148,6.167133333333368
2023-06-20 04:30:00,91.6605925925926,6.800200000000004
2023-06-20 05:00:00,91.43485185185187,6.8024666666666604
2023-06-20 05:30:00,91.09425925925927,6.08753333333334
2023-06-20 06:00:00,91.46988888888889,5.4915333333333365
2023-06-20 06:30:00,90.96296296296298,5.748866666666643
2023-06-20 07:00:00,89.23211111111112,6.456933333333325
2023-06-20 07:30:00,85.87922222222223,9.787733333333321
2023-06-20 08:00:00,80.1564074074074,14.295000000000016
2023-06-20 08:30:00,76.23592592592593,14.470933333333349
2023-06-20 09:00:00,73.09214814814815,16.733400000000003
2023-06-20 09:30:00,71.40907407407408,13.90373333333332
2023-06-20 10:00:00,70.69203703703703,16.086066666666667
2023-06-20 10:30:00,69.6147037037037,16.20933333333334
2023-06-20 11:00:00,70.07937037037037,19.02126666666667
2023-06-20 11:30:00,68.50144444444443,18.266800000000003
2023-06-20 12:00:00,68.09596296296296,20.49413333333333
2023-06-20 12:30:00,70.45888888888891,20.069266666666657
2023-06-20 13:00:00,74.5488888888889,16.157533333333333
2023-06-20 13:30:00,74.71037037037037,19.02040000000001
2023-06-20 14:00:00,74.51833333333335,16.706000000000017
2023-06-20 14:30:00,74.18951851851851,12.913066666666651
2023-06-20 15:00:00,77.81388888888888,15.566400000000016
2023-06-20 15:30:00,78.92118518518518,11.969466666666648
2023-06-20 16:00:00,79.56844444444445,12.218466666666643
2023-06-20 16:30:00,80.45981481481482,12.485000000000014
2023-06-20 17:00:00,81.86862962962964,12.821333333333342
2023-06-20 17:30:00,83.33018518518519,13.830666666666659
2023-06-20 18:00:00,84.14988888888888,9.7684
2023-06-20 18:30:00,84.53011111111113,9.272000000000006
2023-06-20 19:00:00,84.08981481481482,8.452933333333334
2023-06-20 19:30:00,84.30985185185185,7.565333333333342
2023-06-20 20:00:00,83.90903703703705,8.73693333333334
2023-06-20 20:30:00,83.91048148148147,10.086933333333349
2023-06-20 21:00:00,84.11251851851851,9.54206666666667
2023-06-20 21:30:00,85.4975925925926,8.692933333333343
2023-06-20 22:00:00,87.21311111111112,7.27940000000001
2023-06-20 22:30:00,89.08962962962964,5.905400000000014
2023-06-20 23:00:00,89.57499999999999,5.74593333333334
2023-06-20 23:30:00,90.5975185185185,4.631
2023-06-21 00:00:00,91.60207407407408,4.090133333333327
2023-06-21 00:30:00,92.08922222222223,5.054933333333338
2023-06-21 01:00:00,92.07766666666666,5.484199999999987
2023-06-21 01:30:00,91.87422222222222,6.237333333333339
2023-06-21 02:00:00,91.81366666666665,7.126999999999995
2023-06-21 02:30:00,92.36637037037038,8.047266666666673
2023-06-21 03:00:00,92.36811111111112,8.860799999999983
2023-06-21 03:30:00,92.07244444444444,7.627933333333317
2023-06-21 04:00:00,91.98033333333335,5.708466666666666
2023-06-21 04:30:00,92.65122222222223,6.761200000000002
2023-06-21 05:00:00,92.6975185185185,7.2755333333333425
2023-06-21 05:30:00,93.08955555555556,6.166333333333341
2023-06-21 06:00:00,92.57644444444445,6.056266666666673
2023-06-21 06:30:00,90.19255555555554,7.236933333333312
2023-06-21 07:00:00,87.23644444444444,8.857466666666653
2023-06-21 07:30:00,83.08018518518517,11.087999999999994
2023-06-21 08:00:00,79.68096296296297,10.51573333333333
2023-06-21 08:30:00,77.4627037037037,12.101466666666681
2023-06-21 09:00:00,74.81074074074074,16.03866666666667
2023-06-21 09:30:00,75.60318518518518,15.158333333333331
2023-06-21 10:00:00,81.10903703703704,12.009266666666676
2023-06-21 10:30:00,84.11996296296296,16.172600000000003
2023-06-21 11:00:00,86.57618518518518,20.298933333333324
2023-06-21 11:30:00,89.10088888888889,19.39699999999999
2023-06-21 12:00:00,91.45177777777775,15.662533333333315
2023-06-21 12:30:00,93.43444444444445,12.696799999999982
2023-06-21 13:00:00,93.84337037037037,9.318733333333327
2023-06-21 13:30:00,93.57962962962964,13.685733333333346
2023-06-21 14:00:00,94.29966666666668,12.100333333333325
2023-06-21 14:30:00,95.6922962962963,9.87293333333335
2023-06-21 15:00:00,97.56107407407409,8.673133333333325
2023-06-21 15:30:00,98.41751851851853,7.800933333333319
2023-06-21 16:00:00,99.12444444444445,7.478466666666691
2023-06-21 16:30:00,99.33462962962963,7.7013999999999925
2023-06-21 17:00:00,99.45940740740741,7.941066666666671
2023-06-21 17:30:00,99.86177777777776,7.193266666666645
2023-06-21 18:00:00,99.83244444444445,7.758600000000001
2023-06-21 18:30:00,100.01681481481482,6.910866666666664
2023-06-21 19:00:00,100.0152962962963,7.235266666666661
2023-06-21 19:30:00,100.2025925925926,7.0994666666666575
2023-06-21 20:00:00,100.18944444444443,7.199266666666659
2023-06-21 20:30:00,100.24359259259262,7.5497999999999905
2023-06-21 21:00:00,100.19418518518518,7.3469333333333395
2023-06-21 21:30:00,100.247,6.871466666666649
2023-06-21 22:00:00,100.41851851851851,6.577333333333314
2023-06-21 22:30:00,100.45322222222222,6.61133333333332
2023-06-21 23:00:00,100.37477777777778,6.501666666666651
2023-06-21 23:30:00,100.3815185185185,6.603533333333331
2023-06-22 00:00:00,100.29988888888889,6.2178666666666516
2023-06-22 00:30:00,100.47911111111112,6.955933333333334
2023-06-22 01:00:00,100.52259259259262,6.95559999999999
2023-06-22 01:30:00,100.35988888888889,7.2180000000000035
2023-06-22 02:00:00,100.61237037037039,7.2362666666666655
2023-06-22 02:30:00,100.44999999999999,7.412399999999991
2023-06-22 03:00:00,100.66285185185184,7.293000000000006
2023-06-22 03:30:00,100.59451851851853,7.535266666666672
2023-06-22 04:00:00,100.51244444444447,7.90006666666666
2023-06-22 04:30:00,100.51433333333333,7.280200000000008
2023-06-22 05:00:00,100.5818148148148,7.748666666666651
2023-06-22 05:30:00,100.60392592592592,7.9183333333333366
2023-06-22 06:00:00,100.62044444444444,7.982133333333323
2023-06-22 06:30:00,100.56318518518518,8.130999999999986
2023-06-22 07:00:00,100.22718518518519,7.5093333333333305
2023-06-22 07:30:00,99.25685185185185,7.911866666666668
2023-06-22 08:00:00,95.51833333333333,12.435799999999986
2023-06-22 08:30:00,90.17670370370371,18.751733333333334
2023-06-22 09:00:00,85.7974074074074,16.675066666666666
2023-06-22 09:30:00,84.01907407407408,17.224533333333355
2023-06-22 10:00:00,82.09818518518517,20.309133333333335
2023-06-22 10:30:00,79.4762962962963,23.095733333333328
2023-06-22 11:00:00,78.92429629629629,22.716399999999993
2023-06-22 11:30:00,78.22648148148147,21.975066666666663
2023-06-22 12:00:00,78.55922222222222,20.177600000000012
2023-06-22 12:30:00,76.516,19.689066666666662
2023-06-22 13:00:00,71.81518518518517,18.586
2023-06-22 13:30:00,68.77374074074073,16.228666666666662
2023-06-22 14:00:00,69.70222222222222,15.741200000000006
2023-06-22 14:30:00,72.17307407407407,12.111466666666658
2023-06-22 15:00:00,70.82703703703703,11.560533333333325
2023-06-22 15:30:00,69.71166666666664,12.804866666666669
2023-06-22 16:00:00,72.92640740740741,11.132133333333329
2023-06-22 16:30:00,76.13300000000001,11.663733333333326
2023-06-22 17:00:00,77.98185185185187,10.722799999999978
2023-06-22 17:30:00,81.53703703703702,9.714733333333328
2023-06-22 18:00:00,83.90514814814816,8.738133333333337
2023-06-22 18:30:00,84.47437037037037,6.89200000000001
2023-06-22 19:00:00,84.79518518518519,8.135999999999996
2023-06-22 19:30:00,86.19925925925925,8.245333333333335
2023-06-22 20:00:00,87.95207407407409,7.65440000000001
2023-06-22 20:30:00,89.08674074074075,7.417733333333331
2023-06-22 21:00:00,89.53755555555557,7.106066666666649
2023-06-22 21:30:00,90.13614814814815,7.618533333333332
2023-06-22 22:00:00,90.7474814814815,7.902866666666668
2023-06-22 22:30:00,91.9912962962963,8.782800000000009
2023-06-22 23:00:00,92.97340740740742,9.090599999999995
2023-06-22 23:30:00,93.38025925925925,8.699666666666658
2023-06-23 00:00:00,94.0797037037037,9.179000000000016
2023-06-23 00:30:00,94.5342962962963,9.347999999999985
2023-06-23 01:00:00,94.64100000000002,9.978400000000008
2023-06-23 01:30:00,94.50055555555555,9.269533333333314
2023-06-23 02:00:00,94.48659259259259,8.869599999999991
2023-06-23 02:30:00,94.13688888888889,9.459399999999988
2023-06-23 03:00:00,93.84740740740739,7.579933333333329
2023-06-23 03:30:00,93.71451851851852,8.147133333333343
2023-06-23 04:00:00,93.89248148148148,6.870599999999996
2023-06-23 04:30:00,94.76359259259259,7.703000000000003
2023-06-23 05:00:00,95.49025925925925,7.856133333333332
2023-06-23 05:30:00,96.5851111111111,9.15379999999999
2023-06-23 06:00:00,97.506,8.246066666666664
2023-06-23 06:30:00,97.95733333333334,7.262666666666661
2023-06-23 07:00:00,97.67607407407407,8.666200000000003
2023-06-23 07:30:00,97.73837037037036,9.234666666666683
2023-06-23 08:00:00,98.07762962962963,7.116600000000005
2023-06-23 08:30:00,98.08166666666665,7.0253999999999905
2023-06-23 09:00:00,96.97294444444445,9.246866666666676
2023-06-23 09:30:00,94.95637037037038,15.280266666666662
2023-06-23 10:00:00,91.58843333333331,17.787633333333346
2023-06-23 10:30:00,91.09053333333334,17.33550000000001
2023-06-23 11:00:00,87.7413,22.29185833333335
2023-06-23 11:30:00,83.17456666666666,22.58303333333332
2023-06-23 12:00:00,82.10386666666668,25.39728333333332
2023-06-23 12:30:00,77.97743333333332,23.914550000000006
2023-06-23 13:00:00,74.59389999999999,17.11155833333332
2023-06-23 13:30:00,72.57063333333333,13.687133333333335
2023-06-23 14:00:00,73.77316666666667,13.368699999999976
2023-06-23 14:30:00,72.94066666666667,11.131133333333324
2023-06-23 15:00:00,74.26386666666666,10.316966666666659
2023-06-23 15:30:00,75.49776666666665,12.089399999999998
2023-06-23 16:00:00,79.16526666666667,10.316149999999993
2023-06-23 16:30:00,82.46076666666667,9.899366666666666
2023-06-23 17:00:00,83.98259999999998,11.191441666666648
2023-06-23 17:30:00,85.16526666666667,10.80221666666668
2023-06-23 18:00:00,86.25580000000001,9.990941666666686
2023-06-23 18:30:00,86.85403333333332,10.042375000000021
2023-06-23 19:00:00,87.44890000000001,10.12096666666666
2023-06-23 19:30:00,87.5711,9.466824999999986
2023-06-23 20:00:00,87.76783333333334,9.489574999999974
2023-06-23 20:30:00,89.13006666666666,9.25751666666666
2023-06-23 21:00:00,90.13666666666668,8.606950000000012
2023-06-23 21:30:00,92.34453333333333,8.231850000000009
2023-06-23 22:00:00,93.51316666666665,9.008408333333335
2023-06-23 22:30:00,93.2277,8.115025000000003
2023-06-23 23:00:00,92.7811,8.849125
2023-06-23 23:30:00,92.47273333333331,8.267491666666672
2023-06-24 00:00:00,92.80426666666666,9.755691666666664
2023-06-24 00:30:00,93.22873333333334,10.307383333333348
2023-06-24 01:00:00,93.2851,10.505850000000038
2023-06-24 01:30:00,93.0692,10.198475000000002
2023-06-24 02:00:00,93.16683333333334,9.735958333333343
2023-06-24 02:30:00,93.31526666666666,9.153633333333346
2023-06-24 03:00:00,93.32366666666667,9.03758333333333
2023-06-24 03:30:00,93.3484,8.875350000000012
2023-06-24 04:00:00,93.56093333333334,9.514141666666674
2023-06-24 04:30:00,94.02233333333334,10.103541666666672
2023-06-24 05:00:00,94.28776666666667,9.758875000000003
2023-06-24 05:30:00,94.24193333333332,9.98339166666669
2023-06-24 06:00:00,93.73510000000002,10.522975000000002
2023-06-24 06:30:00,92.489,10.944774999999993
2023-06-24 07:00:00,90.71446666666668,12.513683333333304
2023-06-24 07:30:00,89.4011,14.155141666666665
2023-06-24 08:00:00,87.4107,14.393241666666668
2023-06-24 08:30:00,85.4016,13.77958333333332
2023-06-24 09:00:00,85.92,11.726458333333355
2023-06-24 09:30:00,86.88549999999998,10.877433333333315
2023-06-24 10:00:00,89.06556666666667,12.23734166666668
2023-06-24 10:30:00,89.02363333333335,14.640275000000017
2023-06-24 11:00:00,88.72403333333332,12.831566666666689
2023-06-24 11:30:00,84.88503333333334,17.34834166666667
2023-06-24 12:00:00,82.98153333333332,17.141666666666666
2023-06-24 12:30:00,84.48123333333334,13.64674166666667
2023-06-24 13:00:00,85.62460000000002,11.245833333333337
2023-06-24 13:30:00,85.39493333333333,10.723391666666672
2023-06-24 14:00:00,84.15856666666666,11.491708333333364
2023-06-24 14:30:00,84.31026666666666,10.267349999999993
2023-06-24 15:00:00,86.15833333333335,11.443391666666685
2023-06-24 15:30:00,87.49680000000001,9.582141666666672
2023-06-24 16:00:00,88.79173333333333,9.792908333333344
2023-06-24 16:30:00,89.68973333333334,9.509208333333333
2023-06-24 17:00:00,90.30933333333333,8.978975000000005
2023-06-24 17:30:00,90.61809999999998,9.732250000000008
2023-06-24 18:00:00,91.39726666666668,8.481274999999997
2023-06-24 18:30:00,92.43346666666666,7.836533333333321
2023-06-24 19:00:00,93.1049,6.965791666666689
2023-06-24 19:30:00,93.36606666666667,7.6057249999999925
2023-06-24 20:00:00,94.19796666666667,8.403241666666673
2023-06-24 20:30:00,94.31323333333333,7.926124999999999
2023-06-24 21:00:00,94.28400000000002,7.72183333333335
2023-06-24 21:30:00,94.384,7.885441666666665
2023-06-24 22:00:00,94.83126666666666,7.469266666666655
2023-06-24 22:30:00,95.17246666666666,8.72545000000001
2023-06-24 23:00:00,94.90773333333335,9.840900000000005
2023-06-24 23:30:00,95.10900000000001,9.03674999999997
2023-06-25 00:00:00,95.62366666666667,8.863333333333301
2023-06-25 00:30:00,96.40686666666666,8.82576666666668
2023-06-25 01:00:00,96.8601,8.838241666666647
2023-06-25 01:30:00,97.393,9.450041666666664
2023-06-25 02:00:00,97.90363333333332,9.973441666666673
2023-06-25 02:30:00,97.87410000000001,10.395166666666682
2023-06-25 03:00:00,98.0176,9.797141666666676
2023-06-25 03:30:00,98.2541,10.427641666666673
2023-06-25 04:00:00,98.72209999999998,10.015766666666664
2023-06-25 04:30:00,99.25393333333334,9.924816666666672
2023-06-25 05:00:00,99.1547,9.471291666666659
2023-06-25 05:30:00,99.24376666666666,8.47227500000001
2023-06-25 06:00:00,99.0962,8.78750833333335
2023-06-25 06:30:00,98.7038,8.646691666666669
2023-06-25 07:00:00,98.11313333333334,8.498058333333333
2023-06-25 07:30:00,96.41559999999998,9.269183333333316
2023-06-25 08:00:00,93.55903333333333,11.979349999999997
2023-06-25 08:30:00,88.06353333333334,18.862883333333343
2023-06-25 09:00:00,84.11396666666667,24.027124999999998
2023-06-25 09:30:00,81.15406666666665,23.485641666666666
2023-06-25 10:00:00,79.48876666666668,23.520200000000003
2023-06-25 10:30:00,75.39433333333334,19.791183333333322
2023-06-25 11:00:00,71.66323333333334,17.600283333333323
2023-06-25 11:30:00,69.83193333333332,15.845741666666669
2023-06-25 12:00:00,66.69773333333333,14.315766666666676
2023-06-25 12:30:00,64.31583333333333,13.803533333333341
2023-06-25 13:00:00,63.854333333333344,15.898199999999996
2023-06-25 13:30:00,63.138,16.601149999999997
2023-06-25 14:00:00,62.81316666666665,16.98095
2023-06-25 14:30:00,62.77746666666667,12.00106666666666
2023-06-25 15:00:00,62.47426666666668,8.474041666666665
2023-06-25 15:30:00,64.21873333333333,9.128766666666671
2023-06-25 16:00:00,66.00050000000002,12.86034166666667
2023-06-25 16:30:00,67.93006666666668,12.486624999999982
2023-06-25 17:00:00,70.91723333333333,13.12492499999999
2023-06-25 17:30:00,72.18883333333333,14.077558333333329
2023-06-25 18:00:00,75.97763333333334,13.01787499999999
2023-06-25 18:30:00,79.05843333333334,11.717766666666677
2023-06-25 19:00:00,80.54086666666666,11.219158333333354
2023-06-25 19:30:00,81.34156666666665,10.99766666666666
2023-06-25 20:00:00,82.30123333333333,10.610075000000009
2023-06-25 20:30:00,82.76863333333333,10.397491666666667
2023-06-25 21:00:00,83.76410000000001,9.764483333333317
2023-06-25 21:30:00,84.55766666666665,9.220750000000024
2023-06-25 22:00:00,85.58853333333332,9.19765000000001
2023-06-25 22:30:00,86.18299999999999,9.09675833333334
2023-06-25 23:00:00,85.59173333333334,10.727691666666672
2023-06-25 23:30:00,84.06236666666668,9.633691666666664
2023-06-26 00:00:00,82.93573333333333,9.724208333333323
2023-06-26 00:30:00,82.83623333333334,10.230591666666669
2023-06-26 01:00:00,83.24789999999999,10.280041666666676
2023-06-26 01:30:00,83.71903333333333,9.755600000000001
2023-06-26 02:00:00,84.38813333333334,10.061716666666655
2023-06-26 02:30:00,84.40583333333333,9.404083333333332
2023-06-26 03:00:00,84.22763333333333,8.954625000000007
2023-06-26 03:30:00,83.83186666666666,8.746291666666664
2023-06-26 04:00:00,83.51016666666666,9.12233333333333
2023-06-26 04:30:00,83.59223333333334,9.977366666666668
2023-06-26 05:00:00,83.50563333333335,9.390191666666652
2023-06-26 05:30:00,83.69926666666666,9.496383333333341
2023-06-26 06:00:00,83.45526666666667,9.414849999999987
2023-06-26 06:30:00,82.4315,9.822608333333335
2023-06-26 07:00:00,80.60566666666666,8.766641666666658
2023-06-26 07:30:00,78.2595,11.19571666666667
2023-06-26 08:00:00,75.80556666666666,13.389941666666672
2023-06-26 08:30:00,72.88836666666666,13.703983333333326
2023-06-26 09:00:00,71.21766666666666,12.657791666666668
2023-06-26 09:30:00,67.95930000000001,12.626558333333328
2023-06-26 10:00:00,66.8927,15.723283333333328
2023-06-26 10:30:00,66.501,17.891916666666667
2023-06-26 11:00:00,66.50636666666665,18.137941666666663
2023-06-26 11:30:00,66.42626666666666,18.487858333333328
2023-06-26 12:00:00,65.02793333333334,15.328250000000004
2023-06-26 12:30:00,62.97026666666668,14.85343333333332
2023-06-26 13:00:00,60.961866666666666,18.14451666666666
2023-06-26 13:30:00,59.896866666666675,18.007016666666658
2023-06-26 14:00:00,59.55226666666666,17.180583333333324
2023-06-26 14:30:00,61.43053333333334,17.22144166666665
2023-06-26 15:00:00,63.1903,17.978483333333337
2023-06-26 15:30:00,64.47666666666666,21.36976666666667
2023-06-26 16:00:00,65.43553333333332,22.502050000000004
2023-06-26 16:30:00,67.21646666666666,17.7211
2023-06-26 17:00:00,69.1958,16.629199999999983
2023-06-26 17:30:00,72.55749999999999,18.772391666666664
2023-06-26 18:00:00,75.06066666666666,16.584216666666677
2023-06-26 18:30:00,77.10733333333334,15.040050000000008
2023-06-26 19:00:00,78.08560000000001,14.427458333333348
2023-06-26 19:30:00,79.01046666666666,13.976066666666682
2023-06-26 20:00:00,80.58616666666667,13.063175000000001
2023-06-26 20:30:00,81.90186666666666,11.56588333333336
2023-06-26 21:00:00,83.5508,11.299149999999997
2023-06-26 21:30:00,84.2606,11.75545000000001
2023-06-26 22:00:00,85.11136666666667,9.934416666666664
2023-06-26 22:30:00,85.75203333333334,9.479841666666672
2023-06-26 23:00:00,85.95779999999999,9.339941666666675
2023-06-26 23:30:00,85.33626666666666,9.992366666666683
2023-06-27 00:00:00,84.9016,10.592950000000016
2023-06-27 00:30:00,84.91573333333334,10.806008333333338
2023-06-27 01:00:00,85.91609999999999,9.711366666666663
2023-06-27 01:30:00,86.85763333333333,10.26789166666667
2023-06-27 02:00:00,87.15613333333333,10.933883333333341
2023-06-27 02:30:00,88.01216666666667,11.17673333333336
2023-06-27 03:00:00,88.56043333333334,11.4906
2023-06-27 03:30:00,89.33623333333334,11.834766666666667
2023-06-27 04:00:00,89.50923333333333,11.285116666666667
2023-06-27 04:30:00,89.5317,10.312224999999984
2023-06-27 05:00:00,89.35483333333335,10.102491666666666
2023-06-27 05:30:00,89.6179,10.538266666666644
2023-06-27 06:00:00,89.5908,10.407641666666649
2023-06-27 06:30:00,87.89523333333332,11.158808333333354
2023-06-27 07:00:00,85.96823333333333,12.092291666666668
2023-06-27 07:30:00,83.62559999999999,12.80446666666667
2023-06-27 08:00:00,80.63589999999998,12.793708333333328
2023-06-27 08:30:00,77.32286666666667,13.966758333333331
2023-06-27 09:00:00,74.7128,14.428666666666672
2023-06-27 09:30:00,69.428,13.869991666666678
2023-06-27 10:00:00,65.72376666666666,13.751316666666668
2023-06-27 10:30:00,64.84309999999999,14.245033333333318
2023-06-27 11:00:00,64.62696666666668,18.448258333333342
2023-06-27 11:30:00,62.6323,24.510691666666666
2023-06-27 12:00:00,60.676100000000005,23.730016666666664
2023-06-27 12:30:00,60.08729999999999,19.670150000000007
2023-06-27 13:00:00,59.63466666666666,23.533966666666657
2023-06-27 13:30:00,60.49093333333334,17.483058333333325
2023-06-27 14:00:00,63.2688,15.732949999999988
2023-06-27 14:30:00,66.93306666666666,16.266200000000005
2023-06-27 15:00:00,69.46903333333333,16.981750000000012
2023-06-27 15:30:00,70.21700000000001,18.745050000000013
2023-06-27 16:00:00,71.36603333333333,15.454291666666663
2023-06-27 16:30:00,73.26703333333333,19.02884999999999
2023-06-27 17:00:00,73.71936666666667,15.867425000000011
2023-06-27 17:30:00,76.16646666666666,15.047108333333341
2023-06-27 18:00:00,77.62626666666668,14.548783333333347
2023-06-27 18:30:00,78.79229999999998,14.811958333333322
2023-06-27 19:00:00,79.85423333333333,13.422816666666662
2023-06-27 19:30:00,80.92063333333333,12.903349999999989
2023-06-27 20:00:00,82.08840000000001,13.223858333333325
2023-06-27 20:30:00,82.68046666666666,13.028166666666678
2023-06-27 21:00:00,82.41470000000001,13.217466666666681
2023-06-27 21:30:00,82.06613333333333,11.402616666666674
2023-06-27 22:00:00,81.47353333333334,12.082374999999999
2023-06-27 22:30:00,80.8142,12.683383333333325
2023-06-27 23:00:00,80.7061,9.938750000000013
2023-06-27 23:30:00,80.313,8.681166666666655
2023-06-28 00:00:00,80.57953333333333,10.130550000000014
2023-06-28 00:30:00,81.07390000000001,10.099424999999997
2023-06-28 01:00:00,82.11523333333335,9.881666666666675
2023-06-28 01:30:00,83.4732,9.418933333333328
2023-06-28 02:00:00,83.88643333333333,9.994883333333348
2023-06-28 02:30:00,84.35876666666665,10.294466666666679
2023-06-28 03:00:00,84.65703333333333,10.473150000000004
2023-06-28 03:30:00,84.56953333333333,11.047016666666664
2023-06-28 04:00:00,84.61983333333333,9.92676666666668
2023-06-28 04:30:00,85.22963333333333,9.426966666666686
2023-06-28 05:00:00,85.81293333333333,10.359075000000018
2023-06-28 05:30:00,85.77496666666664,10.354825000000005
2023-06-28 06:00:00,85.49106666666664,9.917358333333326
2023-06-28 06:30:00,84.67026666666668,10.464583333333337
2023-06-28 07:00:00,83.47923333333333,9.509766666666678
2023-06-28 07:30:00,81.97353333333334,11.324400000000011
2023-06-28 08:00:00,76.20643333333335,7.189849999999993
2023-06-28 08:30:00,72.38823333333333,13.177050000000008
2023-06-28 09:00:00,70.8821,9.611699999999999
2023-06-28 09:30:00,66.66996666666667,13.395383333333335
2023-06-28 10:00:00,67.3275,13.606191666666668
2023-06-28 10:30:00,68.2231,22.09538333333333
2023-06-28 11:00:00,66.58566666666668,20.635899999999985
2023-06-28 11:30:00,65.72309999999999,21.08843333333334
2023-06-28 12:00:00,66.00066666666666,20.16424999999998
2023-06-28 12:30:00,64.96993333333333,20.403033333333326
2023-06-28 13:00:00,65.17023333333334,21.267566666666667
2023-06-28 13:30:00,68.84346666666667,15.707008333333349
2023-06-28 14:00:00,68.11263333333332,21.35472500000001
2023-06-28 14:30:00,71.76749999999998,18.95911666666666
2023-06-28 15:00:00,76.63610000000001,14.959941666666651
2023-06-28 15:30:00,77.172,13.914558333333332
2023-06-28 16:00:00,79.44200000000001,13.155008333333328
2023-06-28 16:30:00,82.45889999999999,14.166249999999977
2023-06-28 17:00:00,85.3765,11.418491666666682
2023-06-28 17:30:00,87.39626666666666,10.487916666666678
2023-06-28 18:00:00,88.24773333333333,9.975449999999995
2023-06-28 18:30:00,88.7108,9.515274999999974
2023-06-28 19:00:00,89.18799999999999,9.761574999999993
2023-06-28 19:30:00,89.68613333333334,9.836466666666652
2023-06-28 20:00:00,90.01356666666666,9.702275000000014
2023-06-28 20:30:00,90.39163333333333,9.205875000000006
2023-06-28 21:00:00,90.81080000000001,9.766458333333347
2023-06-28 21:30:00,91.0198,9.44816666666668
2023-06-28 22:00:00,91.63193333333332,9.598025000000021
2023-06-28 22:30:00,91.93036666666664,9.47411666666666
2023-06-28 23:00:00,91.63206666666667,10.267583333333334
2023-06-28 23:30:00,91.60403333333333,10.50855
2023-06-29 00:00:00,91.48206666666667,9.811000000000007
2023-06-29 00:30:00,91.97476666666667,9.285341666666696
2023-06-29 01:00:00,92.40953333333334,9.609124999999977
2023-06-29 01:30:00,92.0108,9.864141666666654
2023-06-29 02:00:00,91.58756666666667,10.26117499999998
2023-06-29 02:30:00,91.36643333333333,10.917583333333326
2023-06-29 03:00:00,91.3481,10.069666666666677
2023-06-29 03:30:00,91.57303333333333,10.277216666666675
2023-06-29 04:00:00,91.2611,10.522833333333324
2023-06-29 04:30:00,91.06896666666667,10.864341666666675
2023-06-29 05:00:00,91.37096666666669,10.201708333333329
2023-06-29 05:30:00,91.42670000000001,9.632425000000012
2023-06-29 06:00:00,91.48616666666666,10.34589166666666
2023-06-29 06:30:00,90.33003333333335,11.714574999999996
2023-06-29 07:00:00,86.2513,14.861399999999989
2023-06-29 07:30:00,80.5633,14.620808333333315
2023-06-29 08:00:00,75.75590000000001,17.37078333333335
2023-06-29 08:30:00,73.07646666666666,17.152000000000015
2023-06-29 09:00:00,71.09083333333334,15.381308333333351
2023-06-29 09:30:00,70.24743333333335,14.378108333333316
2023-06-29 10:00:00,70.10313333333333,16.269125000000017
2023-06-29 10:30:00,69.14143333333334,16.804699999999997
2023-06-29 11:00:00,67.45936666666667,19.000216666666667
2023-06-29 11:30:00,66.88836666666666,17.77263333333333
2023-06-29 12:00:00,66.4849,18.87509999999999
2023-06-29 12:30:00,67.43793333333333,21.939
2023-06-29 13:00:00,66.9042,22.994233333333334
2023-06-29 13:30:00,67.09163333333333,17.622408333333325
2023-06-29 14:00:00,67.6923,10.657608333333336
2023-06-29 14:30:00,66.87986666666667,12.166200000000003
2023-06-29 15:00:00,66.6683,12.271641666666653
2023-06-29 15:30:00,67.58906666666667,12.971374999999995
2023-06-29 16:00:00,70.73433333333332,15.187008333333324
2023-06-29 16:30:00,74.2652,13.075316666666652
2023-06-29 17:00:00,75.91296666666668,13.769374999999997
2023-06-29 17:30:00,79.19756666666667,14.100824999999986
2023-06-29 18:00:00,81.98020000000001,12.268641666666667
2023-06-29 18:30:00,83.69073333333333,12.192816666666658
2023-06-29 19:00:00,85.8448,12.315600000000018
2023-06-29 19:30:00,87.17443333333334,12.34160833333334
2023-06-29 20:00:00,87.55443333333334,11.625416666666652
2023-06-29 20:30:00,88.24900000000001,11.21960833333334
2023-06-29 21:00:00,88.77116666666667,9.254350000000002
2023-06-29 21:30:00,89.07386666666666,9.898341666666667
2023-06-29 22:00:00,89.75103333333331,10.15076666666667
2023-06-29 22:30:00,90.3237,10.37192499999999
2023-06-29 23:00:00,90.74036666666667,10.638733333333306
2023-06-29 23:30:00,91.16403333333332,10.547949999999986
2023-06-30 00:00:00,90.96003333333334,10.083874999999978
2023-06-30 00:30:00,90.82873333333333,9.818200000000004
2023-06-30 01:00:00,91.05663333333334,9.480699999999999
2023-06-30 01:30:00,91.32603333333333,9.464483333333362
2023-06-30 02:00:00,91.27976666666667,9.105900000000005
2023-06-30 02:30:00,91.00953333333334,9.972033333333329
2023-06-30 03:00:00,90.94756666666666,9.343108333333333
2023-06-30 03:30:00,91.51486666666666,9.435433333333322
2023-06-30 04:00:00,92.19126666666668,9.311966666666663
2023-06-30 04:30:00,92.38386666666668,8.784266666666667
2023-06-30 05:00:00,92.22323333333333,10.141849999999977
2023-06-30 05:30:00,92.0124,9.003941666666677
2023-06-30 06:00:00,92.22943333333333,9.027883333333335
2023-06-30 06:30:00,90.19440000000002,10.436758333333316
2023-06-30 07:00:00,85.86103333333332,13.596733333333361
2023-06-30 07:30:00,80.36543333333333,11.917916666666684
2023-06-30 08:00:00,74.67053333333334,12.998733333333334
2023-06-30 08:30:00,70.76286666666667,15.42015
2023-06-30 09:00:00,68.59776666666667,14.63109999999999
2023-06-30 09:30:00,65.9407,15.58421666666667
2023-06-30 10:00:00,63.7841,19.536766666666658
2023-06-30 10:30:00,62.01156666666667,17.743483333333323
2023-06-30 11:00:00,60.81316666666667,17.330941666666668
2023-06-30 11:30:00,60.05246666666667,17.544741666666674
2023-06-30 12:00:00,59.3033,18.34841666666668
2023-06-30 12:30:00,58.614733333333334,18.81470833333332
2023-06-30 13:00:00,60.6933,19.57605833333333
2023-06-30 13:30:00,60.702466666666666,18.441966666666666
2023-06-30 14:00:00,61.805666666666674,21.613116666666677
2023-06-30 14:30:00,62.0144,22.816424999999995
2023-06-30 15:00:00,63.00106666666667,21.048858333333328
2023-06-30 15:30:00,64.04703333333333,19.900349999999996
2023-06-30 16:00:00,66.47543333333333,21.207766666666664
2023-06-30 16:30:00,69.53956666666667,19.896725000000004
2023-06-30 17:00:00,72.9131,18.303391666666663
2023-06-30 17:30:00,76.56713333333333,17.82794166666666
2023-06-30 18:00:00,80.06733333333334,16.924908333333335
2023-06-30 18:30:00,82.11436666666668,15.137333333333345
2023-06-30 19:00:00,83.15729999999999,14.125766666666678
2023-06-30 19:30:00,84.17763333333333,13.796641666666659
2023-06-30 20:00:00,84.92896666666665,13.416308333333333
2023-06-30 20:30:00,85.15749999999998,13.263983333333343
2023-06-30 21:00:00,85.5977,12.687783333333329
2023-06-30 21:30:00,85.47286666666666,13.132725000000008
2023-06-30 22:00:00,85.43203333333334,11.494508333333343
2023-06-30 22:30:00,86.47246666666666,8.459133333333327
2023-06-30 23:00:00,87.36873333333334,9.199275000000014
2023-06-30 23:30:00,88.37153333333333,10.183108333333351
2023-07-01 00:00:00,88.79939999999999,9.533149999999992
2023-07-01 00:30:00,88.54366666666667,9.019933333333327
2023-07-01 01:00:00,89.45160000000001,9.608283333333333
2023-07-01 01:30:00,90.37723333333334,9.761333333333326
2023-07-01 02:00:00,90.80393333333333,9.573774999999983
2023-07-01 02:30:00,90.8133,7.930891666666668
2023-07-01 03:00:00,91.22373333333334,8.656974999999989
2023-07-01 03:30:00,91.5719,9.321191666666664
2023-07-01 04:00:00,91.82360000000001,8.447349999999972
2023-07-01 04:30:00,91.94833333333334,8.04205833333333
2023-07-01 05:00:00,91.95843333333332,8.952983333333322
2023-07-01 05:30:00,91.681,8.648391666666683
2023-07-01 06:00:00,91.52736666666667,10.018225000000015
2023-07-01 06:30:00,89.07083333333333,11.002099999999984
2023-07-01 07:00:00,84.88413333333332,13.027925000000025
2023-07-01 07:30:00,82.31783333333333,11.452083333333334
2023-07-01 08:00:00,82.00973333333332,10.42324166666667
2023-07-01 08:30:00,79.27843333333333,9.462341666666674
2023-07-01 09:00:00,72.15093333333334,12.05864166666666
2023-07-01 09:30:00,68.98686666666666,13.102233333333324
2023-07-01 10:00:00,67.97466666666665,17.814433333333326
2023-07-01 10:30:00,67.21606666666668,21.258183333333335
2023-07-01 11:00:00,67.3665,20.31132499999999
2023-07-01 11:30:00,68.49676666666667,20.290083333333328
2023-07-01 12:00:00,72.0247,15.205883333333318
2023-07-01 12:30:00,71.04156666666668,17.956624999999995
2023-07-01 13:00:00,69.32356666666666,17.85086666666666
2023-07-01 13:30:00,68.7181,19.567866666666667
2023-07-01 14:00:00,66.21423333333334,19.890700000000002
2023-07-01 14:30:00,65.83813333333333,18.473849999999985
2023-07-01 15:00:00,67.05080000000001,17.50276666666666
2023-07-01 15:30:00,67.89336666666668,21.00793333333332
2023-07-01 16:00:00,69.97040000000001,19.969600000000007
2023-07-01 16:30:00,73.39063333333334,17.405791666666644
2023-07-01 17:00:00,78.13973333333334,13.79258333333334
2023-07-01 17:30:00,82.33746666666666,13.267174999999995
2023-07-01 18:00:00,84.99263333333334,12.322550000000007
2023-07-01 18:30:00,86.59736666666666,12.178108333333341
2023-07-01 19:00:00,87.87143333333334,13.175650000000005
2023-07-01 19:30:00,88.4603,12.707850000000008
2023-07-01 20:00:00,87.90813333333332,12.336675
2023-07-01 20:30:00,87.51003333333333,13.65295833333333
2023-07-01 21:00:00,87.00999999999999,12.557741666666672
2023-07-01 21:30:00,87.08506666666668,12.67675833333334
2023-07-01 22:00:00,87.87073333333333,12.415575000000004
2023-07-01 22:30:00,88.58189999999999,10.37781666666666
2023-07-01 23:00:00,88.94640000000001,9.86445000000002
2023-07-01 23:30:00,88.93046666666666,8.570975000000004
2023-07-02 00:00:00,89.11236666666666,8.731916666666677
2023-07-02 00:30:00,89.82773333333333,9.151283333333325
2023-07-02 01:00:00,89.88360000000002,8.864908333333346
2023-07-02 01:30:00,89.75136666666666,8.951433333333355
2023-07-02 02:00:00,89.26620000000001,9.310249999999968
2023-07-02 02:30:00,88.91423333333333,9.753649999999993
2023-07-02 03:00:00,89.17733333333334,10.320149999999984
2023-07-02 03:30:00,89.98953333333333,8.829308333333344
2023-07-02 04:00:00,90.57579999999999,8.23553333333335
2023-07-02 04:30:00,91.40756666666667,8.723883333333333
2023-07-02 05:00:00,91.84336666666668,8.59314999999998
2023-07-02 05:30:00,92.21923333333334,8.473741666666655
2023-07-02 06:00:00,92.09546666666668,8.804600000000008
2023-07-02 06:30:00,90.0943,11.33234166666665
2023-07-02 07:00:00,87.33500000000001,10.458100000000016
2023-07-02 07:30:00,83.60706666666667,11.472416666666689
2023-07-02 08:00:00,80.17379999999999,14.995383333333365
2023-07-02 08:30:00,75.27099999999999,12.063616666666661
2023-07-02 09:00:00,72.8155,14.237425000000016
2023-07-02 09:30:00,71.43056666666668,17.351875000000007
2023-07-02 10:00:00,69.9721,11.875649999999993
2023-07-02 10:30:00,66.73316666666668,16.31744166666666
2023-07-02 11:00:00,66.43243333333332,17.890525000000004
2023-07-02 11:30:00,66.92153333333333,15.494474999999994
2023-07-02 12:00:00,68.48216666666667,13.261575
2023-07-02 12:30:00,65.79256666666666,16.581399999999995
2023-07-02 13:00:00,64.49053333333333,21.11672500000001
2023-07-02 13:30:00,65.75340000000001,18.561391666666665
2023-07-02 14:00:00,67.31233333333333,16.529966666666674
2023-07-02 14:30:00,69.59,15.42584166666667
2023-07-02 15:00:00,71.80603333333332,18.615991666666673
2023-07-02 15:30:00,74.66943333333333,17.539274999999975
2023-07-02 16:00:00,77.72226666666666,13.744974999999997
2023-07-02 16:30:00,79.3682,11.921091666666698
2023-07-02 17:00:00,82.02953333333335,9.820958333333351
2023-07-02 17:30:00,85.06596666666665,10.164758333333339
2023-07-02 18:00:00,86.83763333333333,10.055325000000025
2023-07-02 18:30:00,87.61796666666666,9.943708333333333
2023-07-02 19:00:00,87.91766666666668,10.08200833333332
2023-07-02 19:30:00,88.34,9.340033333333338
2023-07-02 20:00:00,88.40176666666667,9.937474999999992
2023-07-02 20:30:00,88.81506666666667,9.565291666666667
2023-07-02 21:00:00,89.24113333333334,9.58104166666665
2023-07-02 21:30:00,89.26276666666665,9.141374999999996
2023-07-02 22:00:00,88.84216666666666,8.31699166666668
2023-07-02 22:30:00,89.25463333333335,8.899866666666668
2023-07-02 23:00:00,89.5392,8.395891666666685
2023-07-02 23:30:00,90.025,8.034091666666654
2023-07-03 00:00:00,90.22423333333334,8.687441666666643
2023-07-03 00:30:00,89.5717,9.275708333333327
2023-07-03 01:00:00,89.11963333333333,10.541441666666671
2023-07-03 01:30:00,89.05120000000001,11.268074999999996
2023-07-03 02:00:00,89.02426666666665,10.242991666666668
2023-07-03 02:30:00,89.21636666666666,9.845274999999987
2023-07-03 03:00:00,89.94833333333334,9.51380833333333
2023-07-03 03:30:00,90.30806666666668,9.675224999999998
2023-07-03 04:00:00,90.45563333333334,8.741291666666669
2023-07-03 04:30:00,90.22996666666667,9.025883333333354
2023-07-03 05:00:00,89.98179999999999,9.01848333333335
2023-07-03 05:30:00,89.74693333333333,10.400783333333322
2023-07-03 06:00:00,88.9613,10.772724999999994
2023-07-03 06:30:00,87.88550000000001,9.381058333333328
2023-07-03 07:00:00,85.54593333333334,11.418333333333337
2023-07-03 07:30:00,81.79756666666667,13.583883333333318
2023-07-03 08:00:00,77.86403333333334,14.10720000000002
2023-07-03 08:30:00,74.6041,11.868391666666668
2023-07-03 09:00:00,70.60576666666665,14.615549999999999
2023-07-03 09:30:00,68.8006,15.054474999999982
2023-07-03 10:00:00,66.5524,12.80845
2023-07-03 10:30:00,64.64143333333332,13.54389166666666
2023-07-03 11:00:00,63.812266666666666,14.975783333333332
2023-07-03 11:30:00,62.21736666666667,18.180366666666664
2023-07-03 12:00:00,64.9045,14.264175000000002
2023-07-03 12:30:00,65.09063333333333,14.098250000000007
2023-07-03 13:00:00,65.44573333333334,18.256050000000016
2023-07-03 13:30:00,65.53326666666666,19.526875000000004
2023-07-03 14:00:00,64.25096666666667,20.468599999999988
2023-07-03 14:30:00,64.30403333333334,22.647983333333343
2023-07-03 15:00:00,64.44016666666667,22.907141666666668
2023-07-03 15:30:00,64.13083333333333,23.337141666666675
2023-07-03 16:00:00,65.36893333333333,24.183925000000002
2023-07-03 16:30:00,71.88993333333333,22.724941666666666
2023-07-03 17:00:00,77.3059,18.543758333333315
2023-07-03 17:30:00,81.21906666666666,15.392741666666666
2023-07-03 18:00:00,85.37406666666666,11.370383333333322
2023-07-03 18:30:00,87.58106666666666,9.556983333333335
2023-07-03 19:00:00,88.49319999999997,10.166416666666663
2023-07-03 19:30:00,88.85026666666666,8.833133333333336
2023-07-03 20:00:00,89.45176666666666,9.358100000000022
2023-07-03 20:30:00,88.84940000000002,9.349650000000011
2023-07-03 21:00:00,89.08113333333333,9.704149999999998
2023-07-03 21:30:00,89.40833333333335,10.941258333333323
2023-07-03 22:00:00,89.28623333333333,10.355266666666665
2023-07-03 22:30:00,89.60096666666666,9.599850000000004
2023-07-03 23:00:00,89.03333333333333,8.108699999999985
2023-07-03 23:30:00,88.68786666666668,9.085616666666667
2023-07-04 00:00:00,89.14586666666666,8.99185
2023-07-04 00:30:00,89.12890000000002,9.78047500000001
2023-07-04 01:00:00,89.65736666666669,9.188483333333338
2023-07-04 01:30:00,90.25026666666666,10.534491666666653
2023-07-04 02:00:00,91.21206666666667,10.592908333333327
2023-07-04 02:30:00,91.52849999999998,10.363775000000004
2023-07-04 03:00:00,92.07903333333333,9.929600000000008
2023-07-04 03:30:00,92.69899999999998,9.952116666666655
2023-07-04 04:00:00,92.4874,10.032074999999992
2023-07-04 04:30:00,92.09906666666667,9.472666666666655
2023-07-04 05:00:00,92.25443333333334,8.477625000000003
2023-07-04 05:30:00,91.78013333333334,8.384433333333305
2023-07-04 06:00:00,90.33680000000001,6.937058333333312
2023-07-04 06:30:00,88.12033333333333,6.6066
2023-07-04 07:00:00,84.66296666666666,9.59008333333334
2023-07-04 07:30:00,81.12863333333333,10.907591666666661
2023-07-04 08:00:00,78.29490000000001,11.496966666666665
2023-07-04 08:30:00,75.39146666666666,13.184799999999996
2023-07-04 09:00:00,72.02916666666667,12.121949999999998
2023-07-04 09:30:00,69.8713,11.051683333333337
2023-07-04 10:00:00,65.92913333333334,14.926533333333332
2023-07-04 10:30:00,63.18373333333333,15.976091666666669
2023-07-04 11:00:00,63.336299999999994,20.00970000000001
2023-07-04 11:30:00,64.2813,20.286483333333337
2023-07-04 12:00:00,63.41083333333332,21.534558333333337
2023-07-04 12:30:00,66.31323333333333,20.532516666666666
2023-07-04 13:00:00,68.96153333333334,15.668708333333342
2023-07-04 13:30:00,70.95416666666668,13.869849999999985
2023-07-04 14:00:00,70.5966,16.330574999999982
2023-07-04 14:30:00,71.63306666666668,16.612349999999992
2023-07-04 15:00:00,75.69720000000001,14.507416666666671
2023-07-04 15:30:00,79.66046666666668,15.632149999999996
2023-07-04 16:00:00,82.1516,20.704958333333323
2023-07-04 16:30:00,83.46996666666668,20.233491666666666
2023-07-04 17:00:00,82.97333333333333,21.078466666666685
2023-07-04 17:30:00,83.3588,20.214616666666657
2023-07-04 18:00:00,83.78726666666667,18.81920833333332
2023-07-04 18:30:00,83.71323333333333,17.51615000000001
2023-07-04 19:00:00,83.5549,17.873933333333326
2023-07-04 19:30:00,84.36513333333333,17.353183333333334
2023-07-04 20:00:00,85.87063333333333,15.07169166666668
2023-07-04 20:30:00,86.29406666666667,13.561966666666663
2023-07-04 21:00:00,87.13356666666667,12.490025000000003
2023-07-04 21:30:00,88.27686666666668,12.317266666666683
2023-07-04 22:00:00,89.16553333333333,12.344783333333353
2023-07-04 22:30:00,89.89223333333334,12.550033333333332
2023-07-04 23:00:00,89.31703333333334,11.654716666666673
2023-07-04 23:30:00,88.59663333333334,11.775191666666686
2023-07-05 00:00:00,89.19306666666667,11.494841666666673
2023-07-05 00:30:00,89.81756666666665,10.06817500000001
2023-07-05 01:00:00,90.66163333333336,8.05479166666666
2023-07-05 01:30:00,90.62913333333333,8.695050000000009
2023-07-05 02:00:00,90.61233333333332,8.709875000000011
2023-07-05 02:30:00,90.47810000000001,9.069016666666684
2023-07-05 03:00:00,90.38686666666665,10.274883333333321
2023-07-05 03:30:00,90.45283333333333,10.903891666666652
2023-07-05 04:00:00,90.07386666666666,11.208583333333323
2023-07-05 04:30:00,89.89906666666666,11.765816666666666
2023-07-05 05:00:00,90.32289999999999,11.398733333333325
2023-07-05 05:30:00,90.47220000000002,11.420133333333325
2023-07-05 06:00:00,90.35326666666667,12.118141666666673
2023-07-05 06:30:00,89.46399999999998,12.533766666666665
2023-07-05 07:00:00,87.73886666666667,11.689716666666683
2023-07-05 07:30:00,85.37,13.757683333333347
2023-07-05 08:00:00,81.06993333333335,14.806600000000003
2023-07-05 08:30:00,75.54080000000002,15.989649999999997
2023-07-05 09:00:00,69.23146666666666,16.43072499999999
2023-07-05 09:30:00,68.07336666666667,15.727191666666656
2023-07-05 10:00:00,67.5585,15.883591666666653
2023-07-05 10:30:00,66.68126666666669,16.07131666666666
2023-07-05 11:00:00,64.89263333333334,16.334841666666662
2023-07-05 11:30:00,63.79806666666667,17.554199999999994
2023-07-05 12:00:00,63.9433,19.548241666666677
2023-07-05 12:30:00,64.04166666666667,20.028841666666658
2023-07-05 13:00:00,62.8331,23.414116666666672
2023-07-05 13:30:00,62.678,23.621983333333326
2023-07-05 14:00:00,60.477766666666675,20.114191666666656
2023-07-05 14:30:00,61.166,20.108100000000007
2023-07-05 15:00:00,62.42959999999999,21.13257499999999
2023-07-05 15:30:00,65.78836666666666,18.502091666666665
2023-07-05 16:00:00,70.19483333333334,16.378199999999993
2023-07-05 16:30:00,74.0312,15.697833333333335
2023-07-05 17:00:00,78.72553333333335,14.914108333333346
2023-07-05 17:30:00,83.24406666666667,11.483258333333339
2023-07-05 18:00:00,85.80823333333333,10.56239166666667
2023-07-05 18:30:00,87.23313333333333,10.19879166666668
2023-07-05 19:00:00,88.4346,9.900233333333347
2023-07-05 19:30:00,89.02366666666667,9.27096666666668
2023-07-05 20:00:00,89.85350000000001,9.27043333333333
2023-07-05 20:30:00,90.19643333333335,8.848508333333342
2023-07-05 21:00:00,90.54036666666667,8.463099999999983
2023-07-05 21:30:00,90.62246666666668,8.254325000000009
2023-07-05 22:00:00,90.96306666666666,8.50456666666669
2023-07-05 22:30:00,91.32353333333336,7.240750000000006
2023-07-05 23:00:00,91.73773333333334,7.645666666666685
2023-07-05 23:30:00,92.15239999999999,7.576700000000017
2023-07-06 00:00:00,93.02053333333333,7.860649999999993
2023-07-06 00:30:00,93.46876666666667,7.786375000000007
2023-07-06 01:00:00,93.11613333333334,8.440300000000022
2023-07-06 01:30:00,93.86913333333334,8.25766666666668
2023-07-06 02:00:00,94.80196666666669,8.103466666666648
2023-07-06 02:30:00,95.18740000000001,7.63148333333335
2023-07-06 03:00:00,95.7526,7.352474999999984
2023-07-06 03:30:00,96.0875,9.683691666666661
2023-07-06 04:00:00,96.03703333333334,10.465591666666668
2023-07-06 04:30:00,96.42466666666668,10.152600000000007
2023-07-06 05:00:00,96.84566666666667,10.226324999999989
2023-07-06 05:30:00,96.892,10.593133333333341
2023-07-06 06:00:00,96.86240000000001,10.713041666666669
2023-07-06 06:30:00,96.4863,10.441208333333336
2023-07-06 07:00:00,95.36576666666667,10.974691666666672
2023-07-06 07:30:00,93.17786666666669,10.403824999999998
2023-07-06 08:00:00,91.30713333333334,12.663224999999983
2023-07-06 08:30:00,88.43216666666666,17.214725000000016
2023-07-06 09:00:00,87.72889999999998,16.805866666666688
2023-07-06 09:30:00,84.69813333333335,14.680016666666674
2023-07-06 10:00:00,79.9958,11.589833333333331
2023-07-06 10:30:00,77.08936666666668,10.379858333333331
2023-07-06 11:00:00,74.21563333333333,8.510341666666662
2023-07-06 11:30:00,72.15113333333333,10.23064166666667
2023-07-06 12:00:00,70.9275,10.191708333333324
2023-07-06 12:30:00,69.65233333333333,12.813583333333327
2023-07-06 13:00:00,69.95296666666667,14.421341666666684
2023-07-06 13:30:00,69.00096666666667,17.838483333333336
2023-07-06 14:00:00,69.40206666666667,17.237924999999976
2023-07-06 14:30:00,70.14653333333334,17.832125000000005
2023-07-06 15:00:00,71.35603333333333,16.004091666666675
2023-07-06 15:30:00,71.6856,16.871991666666673
2023-07-06 16:00:00,73.02286666666667,16.719616666666667
2023-07-06 16:30:00,75.8912,15.847066666666649
2023-07-06 17:00:00,78.49183333333332,13.961808333333337
2023-07-06 17:30:00,81.62570000000001,13.332899999999995
2023-07-06 18:00:00,84.46756666666667,12.38367500000001
2023-07-06 18:30:00,85.79723333333334,12.951741666666663
2023-07-06 19:00:00,86.86349999999999,12.778025
2023-07-06 19:30:00,87.34336666666665,12.700591666666668
2023-07-06 20:00:00,87.98920000000001,12.682516666666686
2023-07-06 20:30:00,88.9277,11.825983333333326
2023-07-06 21:00:00,89.42606666666667,10.926149999999993
2023-07-06 21:30:00,89.71756666666667,10.782441666666685
2023-07-06 22:00:00,89.92956666666667,11.058225000000007
2023-07-06 22:30:00,89.98403333333333,9.986358333333357
2023-07-06 23:00:00,90.11723333333333,9.588875000000016
2023-07-06 23:30:00,89.91316666666667,8.923125000000013
2023-07-07 00:00:00,89.7,8.888475000000014
2023-07-07 00:30:00,89.98143333333333,7.663350000000008
2023-07-07 01:00:00,90.47763333333333,7.588525000000004
2023-07-07 01:30:00,90.97033333333334,8.059858333333324
2023-07-07 02:00:00,91.41090000000001,7.89980833333334
2023-07-07 02:30:00,92.77626666666667,9.404966666666681
2023-07-07 03:00:00,95.22883333333334,8.127574999999993
2023-07-07 03:30:00,95.8967,11.701141666666686
2023-07-07 04:00:00,95.75563333333334,11.357725000000002
2023-07-07 04:30:00,95.84483333333334,11.590383333333335
2023-07-07 05:00:00,95.97383333333333,12.723475000000008
2023-07-07 05:30:00,95.78663333333333,12.569224999999975
2023-07-07 06:00:00,95.24076666666666,11.955175000000011
2023-07-07 06:30:00,93.86186666666666,11.860424999999992
2023-07-07 07:00:00,90.62046666666667,11.142508333333325
2023-07-07 07:30:00,84.842,8.077733333333342
2023-07-07 08:00:00,78.34357500000002,12.12720208333333
2023-07-07 08:30:00,73.56126666666665,13.023491666666672
2023-07-07 09:00:00,70.55596666666666,10.774541666666678
2023-07-07 09:30:00,70.88709999999999,12.456366666666653
2023-07-07 10:00:00,66.93718518518519,14.932533333333339
2023-07-07 10:30:00,64.38866666666667,17.59499999999999
2023-07-07 11:00:00,61.96881481481481,20.11993333333333
2023-07-07 11:30:00,62.300703703703704,18.845866666666673
2023-07-07 12:00:00,64.04896296296296,20.81566666666665
2023-07-07 12:30:00,66.67725925925926,19.9244
2023-07-07 13:00:00,66.6114074074074,15.601866666666673
2023-07-07 13:30:00,67.89433333333334,16.83226666666667
2023-07-07 14:00:00,66.84551851851853,16.47786666666667
2023-07-07 14:30:00,66.70662962962963,16.94866666666666
2023-07-07 15:00:00,66.31392592592593,17.479866666666666
2023-07-07 15:30:00,66.72140740740741,14.893533333333338
2023-07-07 16:00:00,70.80407407407407,14.336666666666652
2023-07-07 16:30:00,77.31451851851851,9.5852
2023-07-07 17:00:00,81.17737037037038,9.475733333333324
2023-07-07 17:30:00,82.20092592592592,11.252733333333325
2023-07-07 18:00:00,83.39033333333332,12.491466666666668
2023-07-07 18:30:00,84.9062962962963,11.496933333333331
2023-07-07 19:00:00,86.21466666666667,11.23993333333334
2023-07-07 19:30:00,87.14970370370371,11.397333333333336
2023-07-07 20:00:00,87.77511111111112,10.409000000000006
2023-07-07 20:30:00,87.73692592592593,9.208133333333336
2023-07-07 21:00:00,87.86288888888888,8.631533333333337
2023-07-07 21:30:00,87.77251851851851,7.714466666666681
2023-07-07 22:00:00,88.05892592592592,7.5290666666666795
2023-07-07 22:30:00,88.6058888888889,8.79719999999999
2023-07-07 23:00:00,88.94588888888889,8.175400000000025
2023-07-07 23:30:00,89.02137037037036,7.908933333333366
2023-07-08 00:00:00,88.57329629629629,6.65633333333335
2023-07-08 00:30:00,88.69218518518521,6.934599999999975
2023-07-08 01:00:00,89.6708888888889,7.5792
2023-07-08 01:30:00,89.81562962962964,7.49666666666667
2023-07-08 02:00:00,90.16788888888891,7.291333333333327
2023-07-08 02:30:00,90.68522222222222,8.979066666666668
2023-07-08 03:00:00,91.14814814814817,8.431066666666666
2023-07-08 03:30:00,90.997,9.463600000000014
2023-07-08 04:00:00,91.18777777777778,8.825999999999993
2023-07-08 04:30:00,91.05044444444444,8.467733333333342
2023-07-08 05:00:00,90.59470370370371,8.666666666666671
2023-07-08 05:30:00,90.18188888888888,8.381200000000007
2023-07-08 06:00:00,90.21148148148148,8.05273333333335
2023-07-08 06:30:00,89.43555555555555,9.071666666666644
2023-07-08 07:00:00,87.76429629629631,9.742533333333313
2023-07-08 07:30:00,85.82566666666668,10.73893333333335
2023-07-08 08:00:00,84.59574074074074,10.634866666666653
2023-07-08 08:30:00,83.03729629629629,11.06813333333335
2023-07-08 09:00:00,81.26625925925926,9.271933333333337
2023-07-08 09:30:00,80.26107407407409,10.817933333333329
2023-07-08 10:00:00,78.46055555555557,10.67846666666668
2023-07-08 10:30:00,76.21244444444446,8.78886666666665
2023-07-08 11:00:00,73.74274074074076,9.317266666666654
2023-07-08 11:30:00,73.35392592592592,8.84226666666666
2023-07-08 12:00:00,72.28685185185185,9.899733333333344
2023-07-08 12:30:00,73.76766666666667,10.953333333333333
2023-07-08 13:00:00,75.35966666666667,10.784533333333329
2023-07-08 13:30:00,73.64474074074072,13.040866666666659
2023-07-08 14:00:00,72.76762962962964,16.308400000000006
2023-07-08 14:30:00,69.41103703703703,16.69466666666667
2023-07-08 15:00:00,70.37392592592593,16.542199999999994
2023-07-08 15:30:00,73.65051851851851,15.193799999999982
2023-07-08 16:00:00,76.21200000000002,13.507533333333342
2023-07-08 16:30:00,80.1817037037037,10.909600000000012
2023-07-08 17:00:00,83.49677777777778,10.401866666666677
2023-07-08 17:30:00,86.35940740740742,8.898533333333333
2023-07-08 18:00:00,87.52966666666667,8.894133333333329
2023-07-08 18:30:00,87.73711111111112,8.819599999999994
2023-07-08 19:00:00,87.80911111111112,9.126933333333312
2023-07-08 19:30:00,87.73251851851852,9.997133333333338
2023-07-08 20:00:00,87.45370370370371,6.1384000000000185
2023-07-08 20:30:00,91.24625925925926,15.529133333333348
2023-07-08 21:00:00,94.09851851851853,15.49273333333332
2023-07-08 21:30:00,95.7911111111111,12.516933333333327
2023-07-08 22:00:00,97.44903703703703,11.791933333333347
2023-07-08 22:30:00,97.82507407407407,11.47666666666666
2023-07-08 23:00:00,98.1954074074074,10.385333333333335
2023-07-08 23:30:00,97.8678148148148,8.903866666666673
2023-07-09 00:00:00,97.84374074074074,8.781733333333335
2023-07-09 00:30:00,97.9841851851852,9.000599999999991
2023-07-09 01:00:00,97.66692592592592,10.125799999999984
2023-07-09 01:30:00,97.66011111111112,10.38506666666666
2023-07-09 02:00:00,97.5258888888889,10.016333333333336
2023-07-09 02:30:00,97.19092592592592,9.070066666666676
2023-07-09 03:00:00,97.5065185185185,9.372
2023-07-09 03:30:00,97.96944444444445,9.11686666666668
2023-07-09 04:00:00,98.03866666666667,10.337600000000009
2023-07-09 04:30:00,98.35388888888889,9.768666666666661
2023-07-09 05:00:00,98.61933333333333,9.959333333333348
2023-07-09 05:30:00,98.62159259259259,10.195733333333322
2023-07-09 06:00:00,98.30133333333333,11.292866666666669
2023-07-09 06:30:00,98.279,12.017333333333326
2023-07-09 07:00:00,97.75818518518518,12.697533333333325
2023-07-09 07:30:00,95.53837037037037,11.930266666666682
2023-07-09 08:00:00,91.78062962962963,15.810266666666678
2023-07-09 08:30:00,86.05385185185185,17.90353333333333
2023-07-09 09:00:00,77.64992592592591,24.38299999999998
2023-07-09 09:30:00,74.13296296296296,17.10553333333334
2023-07-09 10:00:00,69.27818518518518,15.538733333333319
2023-07-09 10:30:00,70.51203703703703,15.58426666666665
2023-07-09 11:00:00,76.81740740740742,21.477400000000017
2023-07-09 11:30:00,86.34103703703704,23.563333333333333
2023-07-09 12:00:00,92.18962962962964,25.273333333333312
2023-07-09 12:30:00,93.17185185185186,31.258000000000024
2023-07-09 13:00:00,94.85174074074074,22.875466666666668
2023-07-09 13:30:00,95.70918518518519,16.2838
2023-07-09 14:00:00,95.99796296296296,17.7522666666667
2023-07-09 14:30:00,96.04414814814815,16.49926666666667
2023-07-09 15:00:00,95.73207407407409,16.583799999999997
2023-07-09 15:30:00,93.77059259259259,18.444933333333324
2023-07-09 16:00:00,91.86429629629629,21.509733333333344
2023-07-09 16:30:00,89.90092592592593,22.97420000000001
2023-07-09 17:00:00,89.69185185185184,22.466733333333337
2023-07-09 17:30:00,91.53348148148149,18.54586666666664
2023-07-09 18:00:00,92.54222222222222,16.43679999999999
2023-07-09 18:30:00,93.545,15.155333333333331
2023-07-09 19:00:00,94.31474074074076,13.78466666666668
2023-07-09 19:30:00,94.98499999999999,13.437600000000032
2023-07-09 20:00:00,95.7778148148148,12.811799999999991
2023-07-09 20:30:00,96.20796296296297,12.167333333333318
2023-07-09 21:00:00,96.79144444444444,12.08019999999999
2023-07-09 21:30:00,97.24974074074075,12.14239999999998
2023-07-09 22:00:00,97.12255555555556,11.526666666666642
2023-07-09 22:30:00,97.03307407407407,11.044933333333347
2023-07-09 23:00:00,96.61688888888888,12.514533333333333
2023-07-09 23:30:00,96.62637037037037,12.427933333333328
2023-07-10 00:00:00,96.25496296296295,12.26939999999999
2023-07-10 00:30:00,96.66755555555557,11.49666666666667
2023-07-10 01:00:00,96.83800000000001,11.799933333333328
2023-07-10 01:30:00,96.93351851851853,11.837466666666657
2023-07-10 02:00:00,97.35285185185185,12.020933333333332
2023-07-10 02:30:00,97.58255555555556,11.658600000000007
2023-07-10 03:00:00,98.03181481481482,11.793199999999999
2023-07-10 03:30:00,98.22522222222223,11.419400000000024
2023-07-10 04:00:00,98.28448148148146,11.308866666666674
2023-07-10 04:30:00,98.38955555555556,11.548333333333332
2023-07-10 05:00:00,98.20385185185185,11.760666666666665
2023-07-10 05:30:00,98.21785185185185,11.839333333333329
2023-07-10 06:00:00,98.15529629629629,12.042000000000002
2023-07-10 06:30:00,97.99022222222223,12.372600000000006
2023-07-10 07:00:00,96.26735185185186,14.770266666666657
2023-07-10 07:30:00,92.85762962962964,20.986733333333333
2023-07-10 08:00:00,89.81074074074075,21.831466666666657
2023-07-10 08:30:00,85.43766666666667,22.321533333333335
2023-07-10 09:00:00,81.19614814814815,25.633999999999986
2023-07-10 09:30:00,77.04640740740741,17.111800000000017
2023-07-10 10:00:00,74.89307407407406,11.877466666666677
2023-07-10 10:30:00,71.53837037037037,15.118066666666664
2023-07-10 11:00:00,70.57033333333334,14.055733333333336
2023-07-10 11:30:00,70.03492592592593,15.714666666666666
2023-07-10 12:00:00,68.87448148148148,16.244333333333323
2023-07-10 12:30:00,69.612,11.817866666666674
2023-07-10 13:00:00,68.51840740740741,14.073733333333323
2023-07-10 13:30:00,68.1255185185185,17.64226666666667
2023-07-10 14:00:00,70.16707407407407,16.813599999999994
2023-07-10 14:30:00,70.72366666666666,16.198466666666654
2023-07-10 15:00:00,70.84899999999999,16.272200000000012
2023-07-10 15:30:00,72.3558148148148,14.66640000000001
2023-07-10 16:00:00,73.6114074074074,17.259266666666676
2023-07-10 16:30:00,76.44318518518519,18.795933333333338
2023-07-10 17:00:00,80.23307407407407,12.520799999999994
2023-07-10 17:30:00,82.6228888888889,11.089933333333335
2023-07-10 18:00:00,84.97385185185185,9.263733333333334
2023-07-10 18:30:00,86.1194814814815,8.965466666666671
2023-07-10 19:00:00,86.72470370370371,9.797333333333327
2023-07-10 19:30:00,87.43848148148147,8.873133333333328
2023-07-10 20:00:00,87.92418518518518,8.533666666666676
2023-07-10 20:30:00,88.60777777777777,8.34493333333333
2023-07-10 21:00:00,89.18851851851849,8.852999999999994
2023-07-10 21:30:00,89.93992592592593,7.696066666666667
2023-07-10 22:00:00,90.10325925925926,7.673199999999994
2023-07-10 22:30:00,90.0458888888889,7.162666666666652
2023-07-10 23:00:00,90.32262962962963,7.853733333333338
2023-07-10 23:30:00,90.40862962962963,7.272000000000006
2023-07-11 00:00:00,90.7632962962963,7.524599999999992
2023-07-11 00:30:00,91.69662962962963,7.8433333333333195
2023-07-11 01:00:00,92.13062962962961,8.0398
2023-07-11 01:30:00,92.46792592592594,7.0217333333333585
2023-07-11 02:00:00,92.65137037037037,6.646000000000001
2023-07-11 02:30:00,92.40937037037037,7.022999999999996
2023-07-11 03:00:00,91.69396296296297,7.9157333333333355
2023-07-11 03:30:00,91.23544444444444,8.02986666666665
2023-07-11 04:00:00,90.9547037037037,8.419933333333319
2023-07-11 04:30:00,90.99248148148146,8.091466666666676
2023-07-11 05:00:00,91.50781481481482,7.41279999999999
2023-07-11 05:30:00,92.28533333333331,8.599400000000003
2023-07-11 06:00:00,92.64014814814816,8.01066666666668
2023-07-11 06:30:00,92.22774074074073,7.519133333333329
2023-07-11 07:00:00,88.69237037037038,10.350866666666647
2023-07-11 07:30:00,84.22862962962962,6.602400000000003
2023-07-11 08:00:00,84.05133333333333,7.590333333333334
2023-07-11 08:30:00,84.46396296296297,10.368066666666664
2023-07-11 09:00:00,81.60066666666667,17.440866666666665
2023-07-11 09:30:00,78.84992592592593,18.153533333333357
2023-07-11 10:00:00,75.02533333333334,14.735600000000005
2023-07-11 10:30:00,70.71814814814815,15.302066666666661
2023-07-11 11:00:00,71.52333333333334,15.192799999999991
2023-07-11 11:30:00,70.92807407407408,15.223066666666675
2023-07-11 12:00:00,68.62222222222222,15.546133333333337
2023-07-11 12:30:00,67.68059259259259,16.788466666666658
2023-07-11 13:00:00,68.41255555555556,19.668333333333337
2023-07-11 13:30:00,71.83233333333334,18.71126666666666
2023-07-11 14:00:00,73.81192592592592,15.334800000000001
2023-07-11 14:30:00,71.23014814814815,12.26700000000001
2023-07-11 15:00:00,70.55348148148148,10.972733333333323
2023-07-11 15:30:00,71.93607407407409,11.22386666666668
2023-07-11 16:00:00,75.16074074074075,12.581400000000002
2023-07-11 16:30:00,77.71062962962964,11.727733333333333
2023-07-11 17:00:00,79.7502962962963,10.59999999999998
2023-07-11 17:30:00,81.41533333333334,11.201266666666669
2023-07-11 18:00:00,83.36562962962964,11.571400000000025
2023-07-11 18:30:00,85.19448148148149,11.393133333333353
2023-07-11 19:00:00,86.40877777777777,10.867799999999988
2023-07-11 19:30:00,86.73822222222222,10.708133333333336
2023-07-11 20:00:00,86.91174074074075,8.774733333333344
2023-07-11 20:30:00,87.07011111111112,9.314666666666668
2023-07-11 21:00:00,88.09551851851853,9.263400000000004
2023-07-11 21:30:00,88.76962962962963,10.029333333333327
2023-07-11 22:00:00,89.03088888888891,9.667199999999994
2023-07-11 22:30:00,89.06314814814816,8.28106666666666
2023-07-11 23:00:00,89.25977777777777,8.185533333333339
2023-07-11 23:30:00,89.89166666666668,7.899333333333331
2023-07-12 00:00:00,90.10196296296299,7.585400000000007
2023-07-12 00:30:00,90.63281481481482,7.797466666666665
2023-07-12 01:00:00,90.9928888888889,7.204666666666654
2023-07-12 01:30:00,90.60300000000001,7.469466666666676
2023-07-12 02:00:00,90.97788888888888,8.475466666666662
2023-07-12 02:30:00,90.94670370370369,9.12426666666667
2023-07-12 03:00:00,91.44774074074073,7.837466666666671
2023-07-12 03:30:00,91.46014814814815,7.516533333333328
2023-07-12 04:00:00,91.25462962962962,7.525599999999997
2023-07-12 04:30:00,91.68177777777778,7.01133333333334
2023-07-12 05:00:00,92.63388888888888,8.789933333333337
2023-07-12 05:30:00,93.42785185185186,10.15039999999999
2023-07-12 06:00:00,94.41348148148148,13.645600000000002
2023-07-12 06:30:00,94.27222222222224,12.252866666666648
2023-07-12 07:00:00,93.58670370370369,9.030066666666684
2023-07-12 07:30:00,91.83874074074075,9.321066666666681
2023-07-12 08:00:00,89.26985185185185,10.560199999999995
2023-07-12 08:30:00,87.61566666666667,10.102400000000003
2023-07-12 09:00:00,86.86899999999997,10.32820000000001
2023-07-12 09:30:00,86.93777777777777,11.06946666666667
2023-07-12 10:00:00,88.54555555555555,12.016999999999996
2023-07-12 10:30:00,89.29029629629632,13.490133333333318
2023-07-12 11:00:00,88.31359259259258,12.477733333333333
2023-07-12 11:30:00,87.4035925925926,11.336533333333335
2023-07-12 12:00:00,87.9284074074074,11.3082
2023-07-12 12:30:00,92.52118518518517,14.131866666666681
2023-07-12 13:00:00,96.43948148148148,10.399933333333323
2023-07-12 13:30:00,98.11307407407406,13.87426666666667
2023-07-12 14:00:00,98.64340740740741,14.803733333333327
2023-07-12 14:30:00,98.76185185185184,13.46560000000001
2023-07-12 15:00:00,98.78633333333333,9.960666666666668
2023-07-12 15:30:00,99.03762962962963,9.49093333333333
2023-07-12 16:00:00,101.31277777777778,27.030199999999994
2023-07-12 16:30:00,101.37018518518519,26.65013333333333
2023-07-12 17:00:00,101.36562962962961,26.603133333333318
2023-07-12 17:30:00,101.49870370370371,26.667533333333324
2023-07-12 18:00:00,101.49748148148146,26.762666666666647
2023-07-12 18:30:00,101.39737037037038,26.625866666666653
2023-07-12 19:00:00,101.49674074074075,27.02919999999999
2023-07-12 19:30:00,101.30925925925925,26.697000000000003
2023-07-12 20:00:00,101.34407407407407,27.000866666666653
2023-07-12 20:30:00,101.68477777777778,26.458066666666653
2023-07-12 21:00:00,101.47377777777777,27.181399999999996
2023-07-12 21:30:00,101.64451851851852,26.95559999999999
2023-07-12 22:00:00,101.83588888888889,26.47266666666664
2023-07-12 22:30:00,101.97559259259259,26.601466666666653
2023-07-12 23:00:00,101.76907407407408,26.466599999999985
2023-07-12 23:30:00,101.95611111111111,26.80473333333333
2023-07-13 00:00:00,102.02303703703704,26.506799999999984
2023-07-13 00:30:00,102.1525925925926,26.305533333333315
2023-07-13 01:00:00,102.22225925925926,26.60506666666666
2023-07-13 01:30:00,102.1917037037037,26.216199999999986
2023-07-13 02:00:00,102.3011111111111,26.575199999999995
2023-07-13 02:30:00,102.24281481481482,26.997266666666647
2023-07-13 03:00:00,102.33337037037035,26.505999999999986
2023-07-13 03:30:00,102.39011111111112,26.729266666666646
2023-07-13 04:00:00,102.28888888888886,27.219200000000015
2023-07-13 04:30:00,102.39692592592593,27.0026
2023-07-13 05:00:00,102.24770370370369,27.335933333333344
2023-07-13 05:30:00,102.23855555555556,27.135133333333314
2023-07-13 06:00:00,102.20544444444445,27.447399999999988
2023-07-13 06:30:00,101.98951851851852,27.645333333333326
2023-07-13 07:00:00,101.79903703703702,28.77813333333333
2023-07-13 07:30:00,100.53007407407408,32.18539999999999
2023-07-13 08:00:00,96.24937037037037,16.256866666666667
2023-07-13 08:30:00,91.2752962962963,24.147666666666666
2023-07-13 09:00:00,83.23403703703703,38.839866666666666
2023-07-13 09:30:00,79.78848148148148,34.08326666666666
2023-07-13 10:00:00,75.82292592592593,20.28113333333333
2023-07-13 10:30:00,72.81277777777778,12.373466666666658
2023-07-13 11:00:00,71.08451851851851,14.24033333333334
2023-07-13 11:30:00,68.91340740740742,14.150133333333336
2023-07-13 12:00:00,66.514,15.00820000000001
2023-07-13 12:30:00,65.80133333333333,14.461133333333322
2023-07-13 13:00:00,65.51266666666668,16.251733333333327
2023-07-13 13:30:00,65.44348148148147,19.1072
2023-07-13 14:00:00,66.56251851851852,18.773266666666657
2023-07-13 14:30:00,66.84677777777777,19.073999999999984
2023-07-13 15:00:00,68.20233333333334,18.403400000000005
2023-07-13 15:30:00,68.50525925925926,17.740799999999993
2023-07-13 16:00:00,70.21944444444445,16.772666666666666
2023-07-13 16:30:00,74.14922222222222,14.57520000000001
2023-07-13 17:00:00,77.29722222222222,13.7094666666667
2023-07-13 17:30:00,81.04288888888888,11.683066666666676
2023-07-13 18:00:00,84.30325925925928,9.599066666666658
2023-07-13 18:30:00,86.14296296296297,9.218133333333327
2023-07-13 19:00:00,87.18096296296295,10.691066666666657
2023-07-13 19:30:00,87.60785185185186,9.076666666666668
2023-07-13 20:00:00,87.94662962962963,8.506133333333338
2023-07-13 20:30:00,88.37818518518517,9.747200000000007
2023-07-13 21:00:00,89.27181481481483,9.642733333333325
2023-07-13 21:30:00,89.8702962962963,8.056999999999988
2023-07-13 22:00:00,90.42859259259258,8.177400000000006
2023-07-13 22:30:00,90.46207407407407,8.04600000000002
2023-07-13 23:00:00,91.34607407407407,8.703599999999994
2023-07-13 23:30:00,92.1405185185185,8.686733333333322
2023-07-14 00:00:00,92.93862962962963,10.931466666666665
2023-07-14 00:30:00,93.40466666666666,11.073666666666682
2023-07-14 01:00:00,93.34125925925926,9.4148
2023-07-14 01:30:00,94.24833333333335,9.697399999999973
2023-07-14 02:00:00,94.57803703703706,11.049933333333342
2023-07-14 02:30:00,94.71944444444443,11.106600000000014
2023-07-14 03:00:00,94.78662962962963,10.54440000000001
2023-07-14 03:30:00,94.37774074074075,9.873933333333326
2023-07-14 04:00:00,94.09607407407407,9.608866666666657
2023-07-14 04:30:00,94.12788888888889,9.693399999999997
2023-07-14 05:00:00,94.55388888888889,9.687600000000003
2023-07-14 05:30:00,94.90792592592592,9.988666666666674
2023-07-14 06:00:00,95.05274074074073,8.476333333333343
2023-07-14 06:30:00,95.52722222222222,7.978799999999978
2023-07-14 07:00:00,94.6697037037037,9.643
2023-07-14 07:30:00,92.58162962962962,12.945599999999985
2023-07-14 08:00:00,87.65777777777778,18.797266666666687
2023-07-14 08:30:00,81.32374074074075,18.910066666666665
2023-07-14 09:00:00,77.44603703703703,17.35213333333334
2023-07-14 09:30:00,74.69418518518518,14.940799999999996
2023-07-14 10:00:00,71.14459259259259,16.289800000000007
2023-07-14 10:30:00,67.71848148148148,17.01193333333333
2023-07-14 11:00:00,65.29414814814815,19.486466666666658
2023-07-14 11:30:00,63.07640740740741,22.18653333333333
2023-07-14 12:00:00,60.518,21.36966666666666
2023-07-14 12:30:00,59.351444444444446,22.333733333333328
2023-07-14 13:00:00,59.162962962962965,23.260733333333334
2023-07-14 13:30:00,60.69388888888889,25.425999999999995
2023-07-14 14:00:00,63.27066666666667,17.821866666666658
2023-07-14 14:30:00,64.43100000000001,17.446066666666653
2023-07-14 15:00:00,65.45092592592593,18.44326666666668
2023-07-14 15:30:00,67.51122222222222,18.515199999999986
2023-07-14 16:00:00,69.71344444444445,16.91166666666666
2023-07-14 16:30:00,70.62937037037038,17.62979999999999
2023-07-14 17:00:00,72.18166666666667,14.654200000000003
2023-07-14 17:30:00,75.51562962962963,14.648800000000008
2023-07-14 18:00:00,79.822,12.305266666666668
2023-07-14 18:30:00,82.74974074074075,11.480133333333342
2023-07-14 19:00:00,84.6348888888889,11.164266666666677
2023-07-14 19:30:00,86.14381481481482,11.427266666666668
2023-07-14 20:00:00,87.15744444444445,11.214666666666673
2023-07-14 20:30:00,87.807,10.896733333333344
2023-07-14 21:00:00,88.55603703703703,9.71253333333334
2023-07-14 21:30:00,89.31685185185185,9.481200000000001
2023-07-14 22:00:00,90.1211851851852,8.785399999999996
2023-07-14 22:30:00,90.5827037037037,7.940799999999996
2023-07-14 23:00:00,90.85511111111111,9.192466666666661
2023-07-14 23:30:00,91.54674074074074,9.786933333333337
2023-07-15 00:00:00,92.21455555555556,10.215733333333347
2023-07-15 00:30:00,93.07503703703703,11.371866666666662
2023-07-15 01:00:00,93.19574074074075,12.745333333333335
2023-07-15 01:30:00,93.60618518518518,11.96459999999999
2023-07-15 02:00:00,93.49100000000001,12.9035333333333
2023-07-15 02:30:00,93.00914814814816,11.387199999999993
2023-07-15 03:00:00,92.54392592592592,9.400533333333328
2023-07-15 03:30:00,92.60333333333332,8.79113333333332
2023-07-15 04:00:00,92.64081481481482,9.113733333333343
2023-07-15 04:30:00,92.5938148148148,8.32486666666665
2023-07-15 05:00:00,92.9205925925926,9.172266666666673
2023-07-15 05:30:00,92.88525925925926,8.988466666666682
2023-07-15 06:00:00,92.64425925925926,8.061333333333366
2023-07-15 06:30:00,91.99577777777777,10.8382
2023-07-15 07:00:00,88.81951851851852,14.537266666666667
2023-07-15 07:30:00,84.67611111111111,10.484866666666676
2023-07-15 08:00:00,79.63096296296295,15.036933333333323
2023-07-15 08:30:00,75.93251851851852,13.971133333333313
2023-07-15 09:00:00,71.72218518518518,16.352200000000003
2023-07-15 09:30:00,70.11181481481482,15.373066666666674
2023-07-15 10:00:00,70.61818518518518,14.012799999999999
2023-07-15 10:30:00,69.44692592592592,18.47233333333334
2023-07-15 11:00:00,68.2994074074074,19.502600000000008
2023-07-15 11:30:00,66.25296296296295,17.983999999999995
2023-07-15 12:00:00,65.90029629629629,18.37079999999999
2023-07-15 12:30:00,65.31040740740742,19.162133333333315
2023-07-15 13:00:00,66.66174074074074,16.927800000000012
2023-07-15 13:30:00,65.29966666666667,18.307999999999993
2023-07-15 14:00:00,63.132740740740736,18.352399999999996
2023-07-15 14:30:00,61.900925925925925,23.145866666666663
2023-07-15 15:00:00,63.24422222222222,24.365666666666677
2023-07-15 15:30:00,65.26444444444445,21.018666666666668
2023-07-15 16:00:00,68.98340740740741,19.467133333333337
2023-07-15 16:30:00,73.60014814814814,15.016599999999997
2023-07-15 17:00:00,77.35681481481481,16.513266666666638
2023-07-15 17:30:00,80.89355555555557,13.157666666666671
2023-07-15 18:00:00,82.11003703703703,12.684533333333334
2023-07-15 18:30:00,83.66203703703702,11.817399999999992
2023-07-15 19:00:00,85.16440740740741,11.337466666666685
2023-07-15 19:30:00,85.37411111111109,10.842066666666668
2023-07-15 20:00:00,86.25377777777778,10.299866666666674
2023-07-15 20:30:00,87.14551851851853,10.016999999999996
2023-07-15 21:00:00,87.92766666666667,10.830266666666674
2023-07-15 21:30:00,88.25351851851853,10.094999999999999
2023-07-15 22:00:00,88.57929629629629,9.532200000000017
2023-07-15 22:30:00,88.93503703703703,8.967333333333343
2023-07-15 23:00:00,89.53329629629629,10.264933333333346
2023-07-15 23:30:00,89.74848148148149,8.976799999999983
2023-07-16 00:00:00,90.29307407407408,8.880799999999994
2023-07-16 00:30:00,91.00385185185183,8.574666666666673
2023-07-16 01:00:00,91.71855555555555,7.949399999999983
2023-07-16 01:30:00,91.81866666666667,8.42573333333334
2023-07-16 02:00:00,92.33555555555556,8.545333333333346
2023-07-16 02:30:00,92.64192592592593,8.772999999999996
2023-07-16 03:00:00,93.15044444444445,9.545066666666656
2023-07-16 03:30:00,93.5427037037037,9.20446666666669
2023-07-16 04:00:00,93.97255555555557,10.41360000000003
2023-07-16 04:30:00,94.55000000000001,11.548866666666669
2023-07-16 05:00:00,94.75096296296296,11.727066666666644
2023-07-16 05:30:00,94.81985185185187,12.182333333333347
2023-07-16 06:00:00,94.68322222222224,11.255600000000015
2023-07-16 06:30:00,92.74103703703703,13.80813333333333
2023-07-16 07:00:00,90.24688888888889,12.864866666666671
2023-07-16 07:30:00,84.7558888888889,13.71860000000001
2023-07-16 08:00:00,82.04003703703704,11.477933333333354
2023-07-16 08:30:00,77.49625925925926,11.874466666666663
2023-07-16 09:00:00,72.34192592592592,15.64906666666667
2023-07-16 09:30:00,69.59837037037038,17.095066666666654
2023-07-16 10:00:00,67.28503703703704,18.295133333333332
2023-07-16 10:30:00,67.65455555555555,17.543933333333328
2023-07-16 11:00:00,65.98948148148148,17.885133333333336
2023-07-16 11:30:00,64.93548148148149,18.1066
2023-07-16 12:00:00,65.40151851851851,19.505866666666662
2023-07-16 12:30:00,69.78155555555556,21.218399999999995
2023-07-16 13:00:00,70.55518518518518,19.207399999999993
2023-07-16 13:30:00,68.89837037037039,16.904000000000018
2023-07-16 14:00:00,68.80666666666667,15.156933333333342
2023-07-16 14:30:00,69.64781481481481,14.713466666666676
2023-07-16 15:00:00,71.89603703703705,15.987733333333324
2023-07-16 15:30:00,73.46214814814815,15.095199999999991
2023-07-16 16:00:00,76.0727037037037,13.87366666666665
2023-07-16 16:30:00,78.81522222222222,15.047133333333335
2023-07-16 17:00:00,81.10096296296295,14.63966666666667
2023-07-16 17:30:00,82.61700000000002,12.880600000000001
2023-07-16 18:00:00,82.739,9.051466666666684
2023-07-16 18:30:00,82.7852962962963,9.702866666666665
2023-07-16 19:00:00,83.16418518518519,10.652266666666662
2023-07-16 19:30:00,84.19555555555556,12.167999999999992
2023-07-16 20:00:00,85.78244444444445,12.221200000000039
2023-07-16 20:30:00,86.29107407407406,12.137999999999991
2023-07-16 21:00:00,86.98425925925926,11.84886666666668
2023-07-16 21:30:00,87.2841111111111,11.029133333333348
2023-07-16 22:00:00,87.73059259259259,10.203866666666698
2023-07-16 22:30:00,88.18148148148147,11.142266666666671
2023-07-16 23:00:00,88.80025925925926,9.738333333333344
2023-07-16 23:30:00,89.68537037037038,9.429266666666663
2023-07-17 00:00:00,89.9194074074074,9.293399999999991
2023-07-17 00:30:00,90.64033333333333,8.911999999999992
2023-07-17 01:00:00,91.46614814814816,7.647933333333327
2023-07-17 01:30:00,92.08166666666666,7.917000000000002
2023-07-17 02:00:00,91.96518518518519,7.585533333333331
2023-07-17 02:30:00,91.6654074074074,7.845999999999989
2023-07-17 03:00:00,92.13803703703704,7.823466666666661
2023-07-17 03:30:00,92.22922222222223,7.102866666666671
2023-07-17 04:00:00,92.82955555555556,7.542000000000016
2023-07-17 04:30:00,92.81303703703705,7.874333333333354
2023-07-17 05:00:00,92.75040740740741,7.891266666666667
2023-07-17 05:30:00,92.57692592592593,8.227666666666664
2023-07-17 06:00:00,91.94681481481483,8.519133333333315
2023-07-17 06:30:00,90.69051851851853,9.245999999999981
2023-07-17 07:00:00,86.85077777777776,13.340000000000003
2023-07-17 07:30:00,82.48196296296298,6.747333333333344
2023-07-17 08:00:00,81.38425925925927,9.51473333333334
2023-07-17 08:30:00,80.46437037037037,9.040400000000005
2023-07-17 09:00:00,77.10248148148146,15.203866666666684
2023-07-17 09:30:00,72.92044444444444,16.790066666666675
2023-07-17 10:00:00,72.48040740740743,15.181066666666666
2023-07-17 10:30:00,69.9016388888889,16.391800000000003
2023-07-17 11:00:00,67.62196296296298,21.9262
2023-07-17 11:30:00,64.17337037037038,27.67713333333333
2023-07-17 12:00:00,64.91233333333334,21.2044
2023-07-17 12:30:00,69.71748148148147,19.576999999999984
2023-07-17 13:00:00,74.86704166666667,20.472199999999994
2023-07-17 13:30:00,75.12775,33.80201666666667
2023-07-17 14:00:00,76.49408333333332,26.182049999999997
2023-07-17 14:30:00,80.70762500000001,16.60671666666667
2023-07-17 15:00:00,83.37775000000002,12.40972499999998
2023-07-17 15:30:00,86.20341666666667,13.450691666666657
2023-07-17 16:00:00,87.50520833333333,15.584383333333335
2023-07-17 16:30:00,88.31183333333333,17.184924999999993
2023-07-17 17:00:00,87.504125,18.778808333333345
2023-07-17 17:30:00,87.50362499999999,20.933291666666676
2023-07-17 18:00:00,87.88612499999999,20.36862500000001
2023-07-17 18:30:00,88.87683333333332,16.15100833333335
2023-07-17 19:00:00,89.59545833333334,14.280791666666673
2023-07-17 19:30:00,89.88125,13.298325000000006
2023-07-17 20:00:00,90.25808333333333,12.440150000000003
2023-07-17 20:30:00,90.40775000000001,11.515991666666665
2023-07-17 21:00:00,90.58454166666667,12.737200000000001
2023-07-17 21:30:00,90.30924999999999,13.227508333333319
2023-07-17 22:00:00,90.26808333333334,12.812166666666641
2023-07-17 22:30:00,90.095375,11.30253333333333
2023-07-17 23:00:00,90.51404166666666,10.70800833333331
2023-07-17 23:30:00,90.87941666666666,10.72448333333331
2023-07-18 00:00:00,91.27695833333333,10.858566666666661
2023-07-18 00:30:00,91.470875,11.614091666666653
2023-07-18 01:00:00,91.514125,11.948525000000004
2023-07-18 01:30:00,91.81070833333332,10.355091666666652
2023-07-18 02:00:00,91.73870833333334,9.746091666666672
2023-07-18 02:30:00,91.58883333333333,8.319441666666677
2023-07-18 03:00:00,91.56529166666665,8.566874999999996
2023-07-18 03:30:00,92.00704166666665,8.759983333333338
2023-07-18 04:00:00,92.439875,8.069391666666647
2023-07-18 04:30:00,93.116875,8.41669166666668
2023-07-18 05:00:00,93.50241666666666,7.6831333333333305
2023-07-18 05:30:00,93.44083333333334,8.653000000000006
2023-07-18 06:00:00,93.48695833333335,8.065375000000017
2023-07-18 06:30:00,92.40533333333335,10.118858333333336
2023-07-18 07:00:00,89.70645833333333,15.865724999999998
2023-07-18 07:30:00,85.88608333333333,16.39185833333336
2023-07-18 08:00:00,82.13716666666667,19.130308333333318
2023-07-18 08:30:00,79.62695833333333,17.008950000000013
2023-07-18 09:00:00,76.12583333333333,20.504066666666674
2023-07-18 09:30:00,75.47470833333334,23.01534166666667
2023-07-18 10:00:00,75.87916666666666,13.589749999999981
2023-07-18 10:30:00,71.66479166666667,20.41946666666665
2023-07-18 11:00:00,69.52466666666666,19.520716666666665
2023-07-18 11:30:00,69.610875,17.93975833333333
2023-07-18 12:00:00,71.02633333333333,13.102483333333325
2023-07-18 12:30:00,71.94845833333333,17.521424999999986
2023-07-18 13:00:00,70.99020833333334,15.700191666666655
2023-07-18 13:30:00,72.18829166666667,13.685083333333324
2023-07-18 14:00:00,72.33020833333333,14.617458333333332
2023-07-18 14:30:00,71.63624999999999,16.908616666666667
2023-07-18 15:00:00,71.63575,16.11573333333334
2023-07-18 15:30:00,71.92229166666667,16.13761666666666
2023-07-18 16:00:00,73.35545833333333,15.007074999999986
2023-07-18 16:30:00,74.72912500000001,16.635075
2023-07-18 17:00:00,76.94045833333334,16.90745833333331
2023-07-18 17:30:00,80.33925,12.195141666666686
2023-07-18 18:00:00,82.11274999999998,10.335108333333338
2023-07-18 18:30:00,83.10466666666667,9.238908333333328
2023-07-18 19:00:00,84.08991666666667,8.739808333333343
2023-07-18 19:30:00,85.118375,8.304133333333354
2023-07-18 20:00:00,85.74249999999999,7.9786583333333425
2023-07-18 20:30:00,86.37829166666666,8.46764166666668
2023-07-18 21:00:00,86.99258333333333,7.427125000000004
2023-07-18 21:30:00,87.23816666666667,7.369058333333356
2023-07-18 22:00:00,87.493,7.283208333333334
2023-07-18 22:30:00,88.00104166666668,7.539308333333352
2023-07-18 23:00:00,87.981,7.364949999999979
2023-07-18 23:30:00,88.22412499999999,6.992641666666643
2023-07-19 00:00:00,87.95674999999999,7.184816666666663
2023-07-19 00:30:00,88.44816666666667,7.491025000000008
2023-07-19 01:00:00,88.286125,8.265308333333323
2023-07-19 01:30:00,88.373875,9.858925000000013
2023-07-19 02:00:00,87.66358333333335,10.704125000000047
2023-07-19 02:30:00,87.75687500000001,9.69960833333333
2023-07-19 03:00:00,87.75424999999998,9.30165000000001
2023-07-19 03:30:00,87.28529166666667,10.032158333333342
2023-07-19 04:00:00,86.99020833333333,11.137058333333357
2023-07-19 04:30:00,86.88012499999999,10.893375000000006
2023-07-19 05:00:00,87.16212499999999,9.83079166666667
2023-07-19 05:30:00,87.40141666666668,9.002983333333319
2023-07-19 06:00:00,87.52854166666667,9.624983333333347
2023-07-19 06:30:00,86.67470833333334,10.592308333333335
2023-07-19 07:00:00,85.18954166666667,12.34268333333334
2023-07-19 07:30:00,83.25783333333332,14.387941666666649
2023-07-19 08:00:00,79.5235,17.80653333333332
2023-07-19 08:30:00,76.34879166666667,17.90417500000001
2023-07-19 09:00:00,72.00887499999999,23.585083333333323
2023-07-19 09:30:00,72.37116666666667,23.49793333333333
2023-07-19 10:00:00,76.40633333333334,19.51955833333335
2023-07-19 10:30:00,80.41595833333332,14.480983333333327
2023-07-19 11:00:00,78.5915,21.78296666666668
2023-07-19 11:30:00,72.13958333333333,17.500991666666657
2023-07-19 12:00:00,67.389125,15.201391666666659
2023-07-19 12:30:00,65.09679166666668,19.363408333333332
2023-07-19 13:00:00,63.85025,20.578699999999998
2023-07-19 13:30:00,64.34904166666668,19.87968333333334
2023-07-19 14:00:00,67.03783333333334,20.796750000000003
2023-07-19 14:30:00,69.78366666666668,18.53978333333331
2023-07-19 15:00:00,70.17270833333335,16.003733333333336
2023-07-19 15:30:00,69.83745833333333,16.618058333333337
2023-07-19 16:00:00,70.39779166666666,19.17014166666666
2023-07-19 16:30:00,72.94566666666667,17.479158333333345
2023-07-19 17:00:00,76.459375,13.82811666666666
2023-07-19 17:30:00,79.84808333333334,11.596033333333324
2023-07-19 18:00:00,83.03725,10.03595833333334
2023-07-19 18:30:00,85.09525,8.70727500000001
2023-07-19 19:00:00,86.01650000000001,9.286633333333342
2023-07-19 19:30:00,86.67395833333332,8.92513333333332
2023-07-19 20:00:00,87.60791666666667,9.195583333333346
2023-07-19 20:30:00,87.72441666666667,8.19726666666665
2023-07-19 21:00:00,88.06845833333333,7.8946083333333235
2023-07-19 21:30:00,88.11170833333333,8.348091666666676
2023-07-19 22:00:00,88.58533333333334,7.896358333333339
2023-07-19 22:30:00,88.93704166666667,7.9531166666666735
2023-07-19 23:00:00,89.4205,7.65754166666666
2023-07-19 23:30:00,89.39366666666668,7.823633333333319
2023-07-20 00:00:00,89.57408333333333,8.128908333333328
2023-07-20 00:30:00,89.72091666666665,7.828666666666663
2023-07-20 01:00:00,89.9285,7.859758333333332
2023-07-20 01:30:00,90.32720833333332,7.603191666666675
2023-07-20 02:00:00,90.26733333333334,6.77921666666667
2023-07-20 02:30:00,90.23183333333336,6.20535000000001
2023-07-20 03:00:00,89.83241666666667,5.952933333333334
2023-07-20 03:30:00,90.11958333333334,6.117916666666659
2023-07-20 04:00:00,90.31604166666666,5.4330916666666695
2023-07-20 04:30:00,90.58758333333333,4.871216666666669
2023-07-20 05:00:00,90.507875,4.934983333333335
2023-07-20 05:30:00,90.10870833333333,5.234049999999996
2023-07-20 06:00:00,90.29295833333333,5.750141666666664
2023-07-20 06:30:00,90.69416666666667,8.032699999999991
2023-07-20 07:00:00,90.27529166666666,9.689583333333317
2023-07-20 07:30:00,89.59966666666666,11.497566666666671
2023-07-20 08:00:00,88.5195,12.935275000000004
2023-07-20 08:30:00,86.53629166666667,12.440149999999988
2023-07-20 09:00:00,80.836625,20.13615
2023-07-20 09:30:00,75.97504166666667,22.49537500000001
2023-07-20 10:00:00,73.51237499999999,22.222058333333337
2023-07-20 10:30:00,72.29283333333333,18.493650000000002
2023-07-20 11:00:00,72.30304166666667,17.375133333333338
2023-07-20 11:30:00,74.55333333333333,15.383283333333324
2023-07-20 12:00:00,75.36579166666667,15.924791666666664
2023-07-20 12:30:00,73.47895833333332,17.80483333333332
2023-07-20 13:00:00,73.82395833333332,16.27351666666665
2023-07-20 13:30:00,74.50870833333332,14.542449999999988
2023-07-20 14:00:00,74.52229166666666,15.405750000000012
2023-07-20 14:30:00,76.67120833333334,17.38604166666667
2023-07-20 15:00:00,75.46220833333334,17.13685833333335
2023-07-20 15:30:00,73.96158333333334,16.6049
2023-07-20 16:00:00,74.90133333333333,15.617841666666664
2023-07-20 16:30:00,77.13741666666667,15.352316666666653
2023-07-20 17:00:00,78.50758333333334,13.239008333333373
2023-07-20 17:30:00,80.26504166666668,12.845300000000009
2023-07-20 18:00:00,82.16870833333334,11.453175000000016
2023-07-20 18:30:00,83.442,9.897483333333327
2023-07-20 19:00:00,84.79545833333333,8.81465
2023-07-20 19:30:00,86.08454166666668,8.07864166666667
2023-07-20 20:00:00,87.04329166666668,6.9494833333333474
2023-07-20 20:30:00,87.21787499999999,6.3545416666666625
2023-07-20 21:00:00,87.658125,7.040833333333339
2023-07-20 21:30:00,87.897125,6.865575000000007
2023-07-20 22:00:00,87.98620833333332,6.545066666666671
2023-07-20 22:30:00,88.19054166666666,6.898933333333332
2023-07-20 23:00:00,88.23416666666665,6.726874999999993
2023-07-20 23:30:00,88.15291666666666,6.638724999999994
2023-07-21 00:00:00,88.262,5.994650000000007
2023-07-21 00:30:00,88.6505,6.650375000000011
2023-07-21 01:00:00,88.89174999999999,6.706708333333324
2023-07-21 01:30:00,89.51975000000002,7.055750000000003
2023-07-21 02:00:00,89.679875,6.809708333333333
2023-07-21 02:30:00,89.97575,6.284074999999987
2023-07-21 03:00:00,90.02741666666668,6.7980500000000035
2023-07-21 03:30:00,90.30275,7.160141666666661
2023-07-21 04:00:00,91.19145833333333,7.4673166666666475
2023-07-21 04:30:00,91.42383333333333,6.961541666666676
2023-07-21 05:00:00,91.762875,6.421591666666686
2023-07-21 05:30:00,92.808625,5.715000000000018
2023-07-21 06:00:00,94.60904166666666,7.213300000000004
2023-07-21 06:30:00,94.84004166666666,7.283541666666665
2023-07-21 07:00:00,94.65975,9.634791666666658
2023-07-21 07:30:00,93.687875,11.396491666666662
2023-07-21 08:00:00,92.03691666666668,14.226566666666685
2023-07-21 08:30:00,89.71479166666667,11.449399999999997
2023-07-21 09:00:00,90.00319047619048,14.264650000000003
2023-07-21 09:30:00,89.48442857142858,18.55516666666668
2023-07-21 10:00:00,86.09042857142857,17.85036666666666
2023-07-21 10:30:00,80.465875,14.454025000000001
2023-07-21 11:00:00,77.72875,16.737141666666673
2023-07-21 11:30:00,76.24418750000001,20.12804583333336
2023-07-21 12:00:00,75.55766666666668,15.578066666666658
2023-07-21 12:30:00,78.14145833333335,21.18123333333334
2023-07-21 13:00:00,79.16466666666666,26.016541666666654
2023-07-21 13:30:00,79.694375,26.81169166666666
2023-07-21 14:00:00,79.63991666666668,24.891641666666686
2023-07-21 14:30:00,83.74666666666667,26.228750000000005
2023-07-21 15:00:00,86.27912500000002,27.014441666666684
2023-07-21 15:30:00,84.542625,23.603908333333322
2023-07-21 16:00:00,82.93483333333332,21.75976666666668
2023-07-21 16:30:00,83.18837500000001,18.577591666666677
2023-07-21 17:00:00,83.16233333333332,16.92655833333332
2023-07-21 17:30:00,85.85954166666667,15.569266666666664
2023-07-21 18:00:00,87.83612499999998,14.091375
2023-07-21 18:30:00,89.32999999999998,12.205741666666682
2023-07-21 19:00:00,89.96408333333333,11.331700000000026
2023-07-21 19:30:00,90.09766666666668,10.768533333333338
2023-07-21 20:00:00,90.42095833333335,10.767508333333339
2023-07-21 20:30:00,90.48233333333332,10.087175000000016
2023-07-21 21:00:00,90.46962500000001,9.628641666666653
2023-07-21 21:30:00,90.42945833333334,9.053866666666664
2023-07-21 22:00:00,91.13691666666668,9.37592500000001
2023-07-21 22:30:00,92.11612500000001,10.042141666666666
2023-07-21 23:00:00,92.31087500000001,10.369958333333315
2023-07-21 23:30:00,92.33758333333334,10.521108333333316
2023-07-22 00:00:00,92.52641666666666,10.329199999999972
2023-07-22 00:30:00,92.44491666666667,10.094758333333317
2023-07-22 01:00:00,93.03620833333332,9.964774999999975
2023-07-22 01:30:00,93.47858333333333,10.12910833333332
2023-07-22 02:00:00,94.23954166666667,9.40135833333332
2023-07-22 02:30:00,94.28987500000001,9.032850000000025
2023-07-22 03:00:00,94.46479166666666,9.832408333333348
2023-07-22 03:30:00,94.26691666666667,9.595875000000007
2023-07-22 04:00:00,94.52170833333334,9.893608333333347
2023-07-22 04:30:00,94.78391666666666,9.947408333333328
2023-07-22 05:00:00,95.25049999999999,9.530333333333346
2023-07-22 05:30:00,95.66216666666668,9.244375000000005
2023-07-22 06:00:00,96.04666666666665,9.44358333333335
2023-07-22 06:30:00,95.42841666666666,9.090608333333336
2023-07-22 07:00:00,94.30666666666666,10.17689999999999
2023-07-22 07:30:00,92.60095833333334,12.29385000000002
2023-07-22 08:00:00,91.69516666666667,13.19746666666667
2023-07-22 08:30:00,92.24345833333334,12.902725000000018
2023-07-22 09:00:00,93.81245833333332,9.644074999999987
2023-07-22 09:30:00,93.90579166666666,9.542391666666674
2023-07-22 10:00:00,92.82870833333332,13.36259166666666
2023-07-22 10:30:00,91.01629166666666,13.767466666666678
2023-07-22 11:00:00,90.5285,12.317941666666684
2023-07-22 11:30:00,89.12016666666668,17.603116666666665
2023-07-22 12:00:00,87.11933333333334,20.002775
2023-07-22 12:30:00,86.94941666666666,19.367941666666667
2023-07-22 13:00:00,87.76466666666666,17.066216666666648
2023-07-22 13:30:00,85.623875,23.442674999999994
2023-07-22 14:00:00,84.09333333333333,22.9161
2023-07-22 14:30:00,85.87129166666668,18.83714166666668
2023-07-22 15:00:00,86.43166666666667,19.338158333333354
2023-07-22 15:30:00,87.19391666666667,17.410691666666665
2023-07-22 16:00:00,87.99041666666666,18.526758333333333
2023-07-22 16:30:00,88.94895833333332,18.065683333333354
2023-07-22 17:00:00,90.51579166666667,17.062658333333346
2023-07-22 17:30:00,91.10104166666667,15.410391666666683
2023-07-22 18:00:00,91.4535,14.352125000000001
2023-07-22 18:30:00,91.9025,13.732899999999987
2023-07-22 19:00:00,92.14766666666668,12.494741666666656
2023-07-22 19:30:00,92.660875,11.99925833333333
2023-07-22 20:00:00,92.65783333333333,10.320549999999997
2023-07-22 20:30:00,93.02020833333333,9.130266666666671
2023-07-22 21:00:00,92.18091666666666,11.199274999999986
2023-07-22 21:30:00,91.4675,11.423883333333336
2023-07-22 22:00:00,91.00141666666667,11.508858333333336
2023-07-22 22:30:00,91.04166666666666,12.019575000000003
2023-07-22 23:00:00,91.15475,11.525208333333325
2023-07-22 23:30:00,91.422625,10.678716666666645
2023-07-23 00:00:00,91.87329166666666,10.841016666666661
2023-07-23 00:30:00,92.00370833333332,11.252283333333324
2023-07-23 01:00:00,92.17616666666666,10.155875000000009
2023-07-23 01:30:00,92.33083333333333,10.710274999999982
2023-07-23 02:00:00,92.50083333333333,11.322991666666667
2023-07-23 02:30:00,92.45033333333333,10.80272500000001
2023-07-23 03:00:00,92.50566666666666,10.349591666666669
2023-07-23 03:30:00,92.52966666666666,9.467650000000006
2023-07-23 04:00:00,92.73691666666666,8.96197500000001
2023-07-23 04:30:00,92.94195833333332,8.97656666666667
2023-07-23 05:00:00,93.05858333333333,8.613466666666682
2023-07-23 05:30:00,93.1215,7.945799999999991
2023-07-23 06:00:00,93.37604166666665,7.848691666666667
2023-07-23 06:30:00,92.77554166666665,7.793900000000008
2023-07-23 07:00:00,91.75929166666666,8.206408333333314
2023-07-23 07:30:00,89.82941666666667,9.891833333333324
2023-07-23 08:00:00,87.36958333333334,11.344949999999997
2023-07-23 08:30:00,84.23833333333334,13.321249999999992
2023-07-23 09:00:00,81.83995833333333,14.067258333333342
2023-07-23 09:30:00,80.16,14.5518
2023-07-23 10:00:00,80.7005,12.603224999999995
2023-07-23 10:30:00,81.08066666666667,12.205574999999982
2023-07-23 11:00:00,78.06579166666668,14.307966666666672
2023-07-23 11:30:00,76.51820833333333,12.013225000000006
2023-07-23 12:00:00,78.28529166666667,10.523216666666684
2023-07-23 12:30:00,80.51491666666666,14.14584166666667
2023-07-23 13:00:00,81.93483333333334,13.082941666666684
2023-07-23 13:30:00,82.54954166666667,14.721074999999999
2023-07-23 14:00:00,80.722,19.032408333333322
2023-07-23 14:30:00,80.88879166666668,14.565100000000001
2023-07-23 15:00:00,81.79466666666666,15.712566666666675
2023-07-23 15:30:00,82.622625,17.439016666666646
2023-07-23 16:00:00,84.07170833333335,15.870066666666673
2023-07-23 16:30:00,84.75091666666667,16.06734999999999
2023-07-23 17:00:00,84.81554166666666,14.150133333333343
2023-07-23 17:30:00,85.94558333333333,13.947758333333326
2023-07-23 18:00:00,87.05916666666667,13.77900000000001
2023-07-23 18:30:00,88.04995833333334,12.846675000000019
2023-07-23 19:00:00,88.34920833333332,12.43044999999998
2023-07-23 19:30:00,88.08466666666666,11.05991666666668
2023-07-23 20:00:00,87.83970833333335,9.429516666666672
2023-07-23 20:30:00,87.82033333333334,9.519083333333342
2023-07-23 21:00:00,88.68433333333334,9.89165833333334
2023-07-23 21:30:00,89.00133333333333,9.166349999999994
2023-07-23 22:00:00,89.078375,9.278966666666676
2023-07-23 22:30:00,88.84787500000002,8.949600000000004
2023-07-23 23:00:00,89.14675000000001,9.405833333333334
2023-07-23 23:30:00,89.708875,8.076191666666674
2023-07-24 00:00:00,90.23141666666666,8.342766666666662
2023-07-24 00:30:00,90.55258333333333,8.820849999999993
2023-07-24 01:00:00,91.05366666666666,9.077074999999994
2023-07-24 01:30:00,91.03279166666667,8.434591666666677
2023-07-24 02:00:00,91.21687499999999,8.586491666666674
2023-07-24 02:30:00,91.43779166666667,7.893775000000005
2023-07-24 03:00:00,91.56904166666666,7.370816666666656
2023-07-24 03:30:00,91.909625,7.6166583333333335
2023-07-24 04:00:00,92.38904166666667,7.49078333333334
2023-07-24 04:30:00,92.48116666666667,7.4269583333333316
2023-07-24 05:00:00,92.77725000000001,7.633708333333345
2023-07-24 05:30:00,92.71741666666667,7.728225000000009
2023-07-24 06:00:00,92.67287499999999,7.722449999999995
2023-07-24 06:30:00,92.06933333333333,7.944649999999996
2023-07-24 07:00:00,90.94866666666667,7.151224999999982
2023-07-24 07:30:00,88.993625,6.892558333333341
2023-07-24 08:00:00,87.34966666666664,9.718400000000003
2023-07-24 08:30:00,85.41666666666667,9.726000000000028
2023-07-24 09:00:00,82.37757142857143,10.52588333333334
2023-07-24 09:30:00,78.87009523809525,12.079116666666678
2023-07-24 10:00:00,73.93890476190475,12.364000000000004
2023-07-24 10:30:00,68.679125,10.018724999999982
2023-07-24 11:00:00,67.88354166666667,11.781649999999985
2023-07-24 11:30:00,67.289875,15.54238333333334
2023-07-24 12:00:00,68.304125,18.123199999999997
2023-07-24 12:30:00,68.962625,14.567558333333324
2023-07-24 13:00:00,71.22304166666666,15.55328333333334
2023-07-24 13:30:00,73.21841666666666,16.16509166666667
2023-07-24 14:00:00,76.79691666666668,15.390650000000008
2023-07-24 14:30:00,79.15291666666667,9.391983333333329
2023-07-24 15:00:00,81.92933333333335,12.297799999999995
2023-07-24 15:30:00,84.59829166666665,18.55441666666667
2023-07-24 16:00:00,84.15470833333333,17.605108333333334
2023-07-24 16:30:00,84.04991666666666,15.107450000000014
2023-07-24 17:00:00,85.71116666666667,13.03262500000001
2023-07-24 17:30:00,87.38550000000001,12.411175
2023-07-24 18:00:00,88.97345833333333,10.294699999999992
2023-07-24 18:30:00,89.64087500000001,8.382766666666669
2023-07-24 19:00:00,91.00995833333333,9.076000000000008
2023-07-24 19:30:00,91.792,9.445816666666673
2023-07-24 20:00:00,92.50075,8.444400000000016
2023-07-24 20:30:00,93.12816666666667,6.822925000000012
2023-07-24 21:00:00,93.56708333333333,6.047183333333351
2023-07-24 21:30:00,93.45745833333334,6.5916500000000156
2023-07-24 22:00:00,93.93295833333335,7.36245833333335
2023-07-24 22:30:00,94.05154166666667,5.734925000000018
2023-07-24 23:00:00,94.18045833333335,5.152325000000005
2023-07-24 23:30:00,94.17266666666667,5.088716666666656
2023-07-25 00:00:00,94.09137500000001,5.825483333333338
2023-07-25 00:30:00,94.10512500000002,6.114583333333343
2023-07-25 01:00:00,94.08370833333335,5.539641666666654
2023-07-25 01:30:00,94.05604166666666,6.210583333333332
2023-07-25 02:00:00,93.90841666666667,5.9398000000000195
2023-07-25 02:30:00,93.999,6.358116666666689
2023-07-25 03:00:00,94.01441666666668,5.6337666666666735
2023-07-25 03:30:00,93.97091666666667,6.939300000000003
2023-07-25 04:00:00,94.16016666666667,7.130725000000012
2023-07-25 04:30:00,94.182625,7.432316666666665
2023-07-25 05:00:00,94.10791666666668,6.195741666666677
2023-07-25 05:30:00,93.89320833333333,7.469175000000007
2023-07-25 06:00:00,93.58208333333333,7.3078416666666755
2023-07-25 06:30:00,93.14520833333334,7.521208333333334
2023-07-25 07:00:00,92.53604166666668,8.500041666666661
2023-07-25 07:30:00,91.76341666666667,8.047774999999987
2023-07-25 08:00:00,90.91645833333334,8.430291666666662
2023-07-25 08:30:00,89.41004166666666,10.463358333333332
2023-07-25 09:00:00,87.47475,13.624974999999992
2023-07-25 09:30:00,85.49408333333332,14.413583333333335
2023-07-25 10:00:00,85.92824999999999,15.148441666666656
2023-07-25 10:30:00,85.42020833333333,18.743883333333343
2023-07-25 11:00:00,83.44329166666665,18.354508333333328
2023-07-25 11:30:00,81.96016666666667,20.572691666666657
2023-07-25 12:00:00,79.21875,23.81261666666667
2023-07-25 12:30:00,78.50445833333332,16.45883333333333
2023-07-25 13:00:00,76.77904166666666,16.00869999999999
2023-07-25 13:30:00,76.75291666666666,15.76017499999999
2023-07-25 14:00:00,73.316,19.378925000000002
2023-07-25 14:30:00,74.53083333333333,15.631991666666664
2023-07-25 15:00:00,76.66120833333333,12.663025000000019
2023-07-25 15:30:00,79.63454166666666,12.470349999999996
2023-07-25 16:00:00,81.8935,10.090808333333356
2023-07-25 16:30:00,84.29270833333332,9.028649999999999
2023-07-25 17:00:00,86.67791666666666,9.334950000000006
2023-07-25 17:30:00,88.75183333333334,9.536224999999988
2023-07-25 18:00:00,89.92570833333335,7.958133333333336
2023-07-25 18:30:00,91.171625,8.11900833333334
2023-07-25 19:00:00,91.53695833333335,7.575358333333327
2023-07-25 19:30:00,91.51904166666667,8.330258333333333
2023-07-25 20:00:00,92.47850000000001,7.3372750000000195
2023-07-25 20:30:00,92.77983333333333,7.290366666666685
2023-07-25 21:00:00,92.18820833333334,9.129925
2023-07-25 21:30:00,92.32875,8.667316666666665
2023-07-25 22:00:00,92.94466666666668,6.863766666666692
2023-07-25 22:30:00,93.51791666666666,6.0861500000000035
2023-07-25 23:00:00,93.69858333333335,6.579650000000015
2023-07-25 23:30:00,93.80054166666666,6.334024999999997
2023-07-26 00:00:00,94.18958333333333,5.822524999999985
2023-07-26 00:30:00,94.29008333333333,5.730066666666687
2023-07-26 01:00:00,94.38079166666667,5.14992500000001
2023-07-26 01:30:00,94.48408333333333,5.521466666666669
2023-07-26 02:00:00,94.46691666666666,4.812108333333342
2023-07-26 02:30:00,94.60666666666667,5.646991666666679
2023-07-26 03:00:00,94.87983333333334,4.900833333333338
2023-07-26 03:30:00,95.17354166666667,5.212858333333344
2023-07-26 04:00:00,95.12833333333333,4.904975000000022
2023-07-26 04:30:00,94.92225,5.038266666666658
2023-07-26 05:00:00,95.15495833333333,5.470333333333343
2023-07-26 05:30:00,95.31920833333334,3.6333500000000214
2023-07-26 06:00:00,95.67258333333332,4.762541666666678
2023-07-26 06:30:00,95.76374999999999,5.559991666666662
2023-07-26 07:00:00,94.56799999999998,6.711841666666686
2023-07-26 07:30:00,93.02050000000001,8.878266666666661
2023-07-26 08:00:00,91.782875,10.50170833333334
2023-07-26 08:30:00,90.30054166666666,10.80060833333333
2023-07-26 09:00:00,87.30662499999998,15.573566666666665
2023-07-26 09:30:00,84.23279166666666,17.448925000000017
2023-07-26 10:00:00,79.17133333333332,14.435874999999982
2023-07-26 10:30:00,76.32025,12.738858333333326
2023-07-26 11:00:00,74.74245833333333,15.854974999999996
2023-07-26 11:30:00,76.13816666666668,10.741649999999993
2023-07-26 12:00:00,75.09904166666666,13.132625000000004
2023-07-26 12:30:00,74.47879166666667,15.475899999999982
2023-07-26 13:00:00,74.09058333333334,15.29312499999999
2023-07-26 13:30:00,74.37983333333334,14.101433333333318
2023-07-26 14:00:00,74.34979166666666,13.87029166666666
2023-07-26 14:30:00,74.76783333333333,13.381191666666666
2023-07-26 15:00:00,75.70062499999999,12.284066666666646
2023-07-26 15:30:00,77.71604166666667,10.355250000000012
2023-07-26 16:00:00,79.78658333333334,8.831158333333349
2023-07-26 16:30:00,81.34158333333333,10.651583333333335
2023-07-26 17:00:00,83.36591666666666,10.799499999999995
2023-07-26 17:30:00,85.34866666666666,10.454591666666673
2023-07-26 18:00:00,86.92429166666668,10.872808333333325
2023-07-26 18:30:00,88.4685,10.505149999999986
2023-07-26 19:00:00,89.05958333333334,10.36833333333334
2023-07-26 19:30:00,89.36149999999999,9.946200000000005
2023-07-26 20:00:00,89.95812500000001,9.903783333333337
2023-07-26 20:30:00,89.9115,10.056275
2023-07-26 21:00:00,90.16083333333333,10.378800000000012
2023-07-26 21:30:00,90.69566666666667,8.927741666666662
2023-07-26 22:00:00,91.04641666666667,8.466900000000024
2023-07-26 22:30:00,91.21029166666668,8.005241666666663
2023-07-26 23:00:00,91.46391666666665,7.754299999999986
2023-07-26 23:30:00,91.47645833333333,7.667416666666682
2023-07-27 00:00:00,91.9485,7.383183333333321
2023-07-27 00:30:00,91.881125,7.698633333333319
2023-07-27 01:00:00,91.54404166666667,8.321491666666674
2023-07-27 01:30:00,91.37925,7.790508333333335
2023-07-27 02:00:00,91.62179166666667,8.063183333333328
2023-07-27 02:30:00,91.8355,7.099491666666665
2023-07-27 03:00:00,92.02241666666667,8.57156666666667
2023-07-27 03:30:00,92.01120833333334,7.043824999999998
2023-07-27 04:00:00,92.265125,6.772866666666673
2023-07-27 04:30:00,92.51304166666667,7.619100000000017
2023-07-27 05:00:00,92.52254166666667,7.38190000000003
2023-07-27 05:30:00,92.52008333333333,8.230808333333371
2023-07-27 06:00:00,93.36879166666667,6.769508333333334
2023-07-27 06:30:00,95.44845833333335,9.457791666666665
2023-07-27 07:00:00,98.3825,21.67980833333334
2023-07-27 07:30:00,99.95791666666665,28.091366666666673
2023-07-27 08:00:00,100.29050000000001,28.796108333333336
2023-07-27 08:30:00,98.07466666666666,36.48601666666667
2023-07-27 09:00:00,92.52670833333333,28.328000000000017
2023-07-27 09:30:00,90.43995833333334,22.41924166666665
2023-07-27 10:00:00,88.68795833333333,20.937141666666662
2023-07-27 10:30:00,85.375,23.448366666666672
2023-07-27 11:00:00,84.56920833333335,19.308300000000017
2023-07-27 11:30:00,85.48604166666667,14.714483333333334
2023-07-27 12:00:00,81.89345833333333,14.99322500000001
2023-07-27 12:30:00,77.766375,11.676133333333325
2023-07-27 13:00:00,77.69687499999999,10.418991666666656
2023-07-27 13:30:00,79.19975,11.526375000000016
2023-07-27 14:00:00,78.5195,10.365391666666667
2023-07-27 14:30:00,81.14108333333331,9.829266666666669
2023-07-27 15:00:00,82.92845833333332,10.71964166666666
2023-07-27 15:30:00,82.557125,9.717883333333333
2023-07-27 16:00:00,83.74966666666666,9.736516666666645
2023-07-27 16:30:00,84.89545833333332,8.607850000000013
2023-07-27 17:00:00,86.13220833333332,10.511908333333338
2023-07-27 17:30:00,87.84795833333334,9.64195833333332
2023-07-27 18:00:00,89.02475000000001,9.565816666666649
2023-07-27 18:30:00,89.80975,9.510325000000009
2023-07-27 19:00:00,89.8765,9.389591666666675
2023-07-27 19:30:00,90.17583333333332,9.261250000000004
2023-07-27 20:00:00,90.30691666666668,9.435191666666668
2023-07-27 20:30:00,91.76670833333336,9.228516666666678
2023-07-27 21:00:00,94.46529166666666,11.375691666666668
2023-07-27 21:30:00,97.38858333333334,28.63859166666667
2023-07-27 22:00:00,97.943625,30.983916666666673
2023-07-27 22:30:00,97.67108333333334,30.947166666666675
2023-07-27 23:00:00,97.490125,30.437741666666668
2023-07-27 23:30:00,97.30595833333334,30.273983333333334
2023-07-28 00:00:00,97.34658333333333,30.238883333333334
2023-07-28 00:30:00,97.64750000000001,29.830075000000008
2023-07-28 01:00:00,97.67133333333334,30.776433333333344
2023-07-28 01:30:00,97.72004166666666,31.389416666666676
2023-07-28 02:00:00,98.29845833333333,31.112541666666672
2023-07-28 02:30:00,99.122125,30.094183333333334
2023-07-28 03:00:00,99.80970833333333,27.519058333333334
2023-07-28 03:30:00,100.16629166666667,28.296525000000003
2023-07-28 04:00:00,101.01891666666666,27.09089166666668
2023-07-28 04:30:00,101.04091666666666,27.188816666666682
2023-07-28 05:00:00,100.95129166666666,27.998850000000004
2023-07-28 05:30:00,101.03516666666667,28.00334166666667
2023-07-28 06:00:00,100.667875,28.13392499999999
2023-07-28 06:30:00,100.12862500000001,29.062700000000007
2023-07-28 07:00:00,99.569625,30.127658333333343
2023-07-28 07:30:00,98.759625,31.458366666666677
2023-07-28 08:00:00,96.36495833333336,22.28426666666668
2023-07-28 08:30:00,96.024375,26.816475000000025
2023-07-28 09:00:00,92.598375,14.281899999999993
2023-07-28 09:30:00,91.02741666666667,16.613908333333328
2023-07-28 10:00:00,89.40508333333334,16.42675833333334
2023-07-28 10:30:00,88.89604166666668,17.119233333333327
2023-07-28 11:00:00,85.55475,16.57855833333332
2023-07-28 11:30:00,82.01720833333334,14.977666666666664
2023-07-28 12:00:00,79.92241666666666,14.954958333333352
2023-07-28 12:30:00,78.19274999999999,11.948391666666666
2023-07-28 13:00:00,77.52954166666666,11.821299999999994
2023-07-28 13:30:00,78.57354166666667,10.253883333333334
2023-07-28 14:00:00,79.62300000000002,12.169608333333343
2023-07-28 14:30:00,81.49891666666666,12.71841666666667
2023-07-28 15:00:00,82.47633333333334,10.087649999999996
2023-07-28 15:30:00,83.0115,10.253783333333331
2023-07-28 16:00:00,83.91729166666667,9.415666666666667
2023-07-28 16:30:00,85.65004166666667,9.602883333333352
2023-07-28 17:00:00,87.19366666666664,9.390975000000026
2023-07-28 17:30:00,88.32600000000001,9.648258333333345
2023-07-28 18:00:00,88.77083333333334,10.226941666666661
2023-07-28 18:30:00,89.48975,11.87821666666666
2023-07-28 19:00:00,89.50870833333335,12.508941666666672
2023-07-28 19:30:00,89.49695833333334,9.805033333333341
2023-07-28 20:00:00,89.95070833333334,11.002358333333333
2023-07-28 20:30:00,89.88195833333333,10.152350000000013
2023-07-28 21:00:00,90.11483333333332,9.356958333333338
2023-07-28 21:30:00,90.388375,9.309233333333324
2023-07-28 22:00:00,90.64512500000001,9.611408333333344
2023-07-28 22:30:00,90.59916666666668,9.71379166666668
2023-07-28 23:00:00,90.81224999999999,10.868025000000003
2023-07-28 23:30:00,91.18116666666667,10.178533333333334
2023-07-29 00:00:00,91.2995,9.383899999999997
2023-07-29 00:30:00,91.49220833333334,9.821041666666673
2023-07-29 01:00:00,91.39779166666668,9.763741666666661
2023-07-29 01:30:00,91.49266666666668,9.336308333333335
2023-07-29 02:00:00,91.39562500000002,9.84444999999998
2023-07-29 02:30:00,91.58541666666666,10.297899999999998
2023-07-29 03:00:00,92.09420833333334,9.610691666666654
2023-07-29 03:30:00,92.12458333333333,9.342758333333336
2023-07-29 04:00:00,92.26479166666668,8.59942500000001
2023-07-29 04:30:00,92.44975,9.58450000000002
2023-07-29 05:00:00,92.56887499999999,10.071191666666707
2023-07-29 05:30:00,92.67583333333333,10.612549999999985
2023-07-29 06:00:00,92.33041666666668,10.315158333333343
2023-07-29 06:30:00,91.75483333333334,9.973833333333332
2023-07-29 07:00:00,90.92183333333332,10.32623333333332
2023-07-29 07:30:00,88.99654166666666,12.107825000000005
2023-07-29 08:00:00,85.85554166666665,12.69986666666668
2023-07-29 08:30:00,82.09504166666666,10.55916666666667
2023-07-29 09:00:00,77.824625,12.195450000000008
2023-07-29 09:30:00,74.06483333333334,13.798541666666651
2023-07-29 10:00:00,70.97362499999998,16.044816666666655
2023-07-29 10:30:00,70.2555,14.125025000000015
2023-07-29 11:00:00,70.437,12.241149999999998
2023-07-29 11:30:00,70.988625,9.229500000000002
2023-07-29 12:00:00,72.61375,8.865775
2023-07-29 12:30:00,74.09670833333334,16.890458333333328
2023-07-29 13:00:00,72.34008333333334,10.046583333333345
2023-07-29 13:30:00,71.82254166666667,9.871641666666648
2023-07-29 14:00:00,75.19641666666668,11.05935000000001
2023-07-29 14:30:00,76.39520833333333,11.964091666666661
2023-07-29 15:00:00,72.97758333333333,17.161441666666647
2023-07-29 15:30:00,73.406,15.048383333333334
2023-07-29 16:00:00,76.59825000000001,11.668966666666648
2023-07-29 16:30:00,80.50574999999999,9.22241666666666
2023-07-29 17:00:00,83.31916666666666,8.729983333333337
2023-07-29 17:30:00,84.87975,10.405200000000008
2023-07-29 18:00:00,86.965625,9.676083333333338
2023-07-29 18:30:00,88.88629166666666,10.521091666666663
2023-07-29 19:00:00,89.89187500000001,9.918425
2023-07-29 19:30:00,90.13520833333331,8.19195000000002
2023-07-29 20:00:00,90.07154166666666,8.188966666666673
2023-07-29 20:30:00,90.52254166666667,8.606033333333315
2023-07-29 21:00:00,90.26195833333334,9.958950000000002
2023-07-29 21:30:00,90.60416666666666,11.802441666666681
2023-07-29 22:00:00,89.9815,10.091383333333326
2023-07-29 22:30:00,89.68066666666667,12.421158333333366
2023-07-29 23:00:00,89.59783333333334,10.61256666666668
2023-07-29 23:30:00,89.266875,9.830291666666682
2023-07-30 00:00:00,89.81533333333333,9.582833333333355
2023-07-30 00:30:00,89.96783333333333,9.179325000000006
2023-07-30 01:00:00,90.54779166666665,10.836849999999998
2023-07-30 01:30:00,90.59429166666668,9.990849999999995
2023-07-30 02:00:00,90.69691666666667,9.906566666666663
2023-07-30 02:30:00,90.61104166666668,9.304741666666672
2023-07-30 03:00:00,90.42808333333333,10.294783333333328
2023-07-30 03:30:00,90.32458333333334,10.004499999999993
2023-07-30 04:00:00,90.51670833333334,9.712791666666675
2023-07-30 04:30:00,90.47975000000001,10.386333333333326
2023-07-30 05:00:00,90.46437500000002,11.748183333333344
2023-07-30 05:30:00,90.52649999999998,11.12315833333335
2023-07-30 06:00:00,90.70741666666666,12.297341666666668
2023-07-30 06:30:00,90.32962500000001,12.47629166666664
2023-07-30 07:00:00,89.085875,11.88615
2023-07-30 07:30:00,86.542,11.244266666666661
2023-07-30 08:00:00,81.01025000000001,13.51925
2023-07-30 08:30:00,77.924375,11.052241666666674
2023-07-30 09:00:00,76.00958333333334,8.52239999999999
2023-07-30 09:30:00,74.39325,10.467791666666656
2023-07-30 10:00:00,74.51629166666667,9.174383333333324
2023-07-30 10:30:00,74.139875,12.118099999999984
2023-07-30 11:00:00,74.11149999999999,12.55660833333333
2023-07-30 11:30:00,72.82741666666666,11.995374999999996
2023-07-30 12:00:00,73.25004166666666,11.941716666666679
2023-07-30 12:30:00,72.06508333333332,15.360099999999989
2023-07-30 13:00:00,71.82775,13.78905833333333
2023-07-30 13:30:00,71.03954166666668,16.149366666666644
2023-07-30 14:00:00,70.985875,14.12552500000001
2023-07-30 14:30:00,70.690375,18.019041666666688
2023-07-30 15:00:00,71.34995833333333,18.486999999999995
2023-07-30 15:30:00,73.760625,17.22865833333332
2023-07-30 16:00:00,76.12845833333331,16.8887
2023-07-30 16:30:00,78.962625,12.59790000000001
2023-07-30 17:00:00,81.08316666666667,12.467583333333337
2023-07-30 17:30:00,84.30908333333333,10.778933333333327
2023-07-30 18:00:00,86.408625,11.236983333333356
2023-07-30 18:30:00,88.36929166666668,11.185024999999996
2023-07-30 19:00:00,89.50533333333334,12.023124999999993
2023-07-30 19:30:00,90.365625,10.696524999999994
2023-07-30 20:00:00,90.78699999999999,11.338875000000002
2023-07-30 20:30:00,90.11904166666666,10.826741666666663
2023-07-30 21:00:00,90.36979166666666,10.06920833333335
2023-07-30 21:30:00,90.75925000000001,9.245583333333329
2023-07-30 22:00:00,90.31087500000001,9.706125
2023-07-30 22:30:00,90.33791666666666,9.153458333333361
2023-07-30 23:00:00,90.61770833333334,9.233083333333326
2023-07-30 23:30:00,90.96295833333332,8.188024999999996
2023-07-31 00:00:00,91.22154166666665,8.179300000000012
2023-07-31 00:30:00,91.26016666666666,8.403291666666675
2023-07-31 01:00:00,91.28641666666667,8.541325
2023-07-31 01:30:00,91.48804166666667,8.115508333333352
2023-07-31 02:00:00,91.866,8.175025000000005
2023-07-31 02:30:00,92.17675,8.699075000000008
2023-07-31 03:00:00,92.17366666666666,8.874166666666667
2023-07-31 03:30:00,91.631,9.409249999999972
2023-07-31 04:00:00,91.54641666666666,9.145691666666664
2023-07-31 04:30:00,91.49795833333333,8.951891666666654
2023-07-31 05:00:00,92.73483333333333,8.655533333333338
2023-07-31 05:30:00,93.984,7.89830000000002
2023-07-31 06:00:00,97.44020833333335,21.810391666666675
2023-07-31 06:30:00,98.79462500000001,29.523674999999997
2023-07-31 07:00:00,97.995,31.085250000000016
2023-07-31 07:30:00,95.90270833333334,33.659475000000015
2023-07-31 08:00:00,91.72029166666665,22.97129166666666
2023-07-31 08:30:00,89.729,16.07958333333336
2023-07-31 09:00:00,89.69149999999999,17.006625
2023-07-31 09:30:00,89.75533333333333,14.796908333333363
2023-07-31 10:00:00,88.96433333333333,17.152350000000027
2023-07-31 10:30:00,86.65979166666666,14.194400000000002
2023-07-31 11:00:00,87.04058333333333,16.879916666666688
2023-07-31 11:30:00,87.941875,16.749591666666674
2023-07-31 12:00:00,87.63516666666666,10.768291666666684
2023-07-31 12:30:00,84.17962499999999,13.606774999999999
2023-07-31 13:00:00,84.32408333333333,12.584216666666677
2023-07-31 13:30:00,82.17179166666665,12.204900000000023
2023-07-31 14:00:00,80.37095833333333,12.519716666666667
2023-07-31 14:30:00,79.09225,14.14929166666667
2023-07-31 15:00:00,79.98958333333333,10.716150000000013
2023-07-31 15:30:00,83.78404166666667,9.623458333333332
2023-07-31 16:00:00,86.484,10.728916666666692
2023-07-31 16:30:00,87.04908333333334,11.818075000000022
2023-07-31 17:00:00,87.72329166666665,11.51688333333334
2023-07-31 17:30:00,88.65408333333333,10.619458333333341
2023-07-31 18:00:00,89.71529166666667,11.058174999999991
2023-07-31 18:30:00,90.38670833333333,10.052450000000022
2023-07-31 19:00:00,90.60604166666667,10.29215000000005
2023-07-31 19:30:00,90.68812500000001,10.840358333333327
2023-07-31 20:00:00,90.35845833333333,10.496075000000005
2023-07-31 20:30:00,90.36020833333332,10.610683333333355
2023-07-31 21:00:00,90.70758333333333,9.32545833333333
2023-07-31 21:30:00,91.20475000000002,9.943483333333319
2023-07-31 22:00:00,91.64070833333334,10.374025000000017
2023-07-31 22:30:00,92.11058333333332,9.744283333333343
2023-07-31 23:00:00,92.52879166666666,9.758558333333326
2023-07-31 23:30:00,92.55595833333332,9.26129166666668
2023-08-01 00:00:00,92.78408333333334,9.347233333333321
2023-08-01 00:30:00,93.33504166666667,9.919341666666668
2023-08-01 01:00:00,93.31233333333333,8.495541666666668
2023-08-01 01:30:00,94.3325,9.522091666666668
2023-08-01 02:00:00,98.14816666666667,21.760608333333323
2023-08-01 02:30:00,99.87666666666667,28.160791666666654
2023-08-01 03:00:00,100.45904166666666,26.594233333333335
2023-08-01 03:30:00,101.00758333333333,26.770116666666652
2023-08-01 04:00:00,101.24120833333335,27.512375000000006
2023-08-01 04:30:00,101.35216666666666,26.89126666666668
2023-08-01 05:00:00,101.4715,27.10134166666667
2023-08-01 05:30:00,101.18525,27.79843333333332
2023-08-01 06:00:00,101.28404166666668,27.760899999999992
2023-08-01 06:30:00,100.972875,28.407124999999994
2023-08-01 07:00:00,101.2615,28.717191666666665
2023-08-01 07:30:00,101.338,28.633233333333337
2023-08-01 08:00:00,101.445625,27.602108333333334
2023-08-01 08:30:00,101.38058333333333,28.655200000000008
2023-08-01 09:00:00,100.61716666666668,31.342
2023-08-01 09:30:00,99.11583333333334,35.55398333333332
2023-08-01 10:00:00,97.55166666666668,38.988725
2023-08-01 10:30:00,96.18729166666665,40.747141666666664
2023-08-01 11:00:00,90.66337499999999,31.381758333333337
2023-08-01 11:30:00,85.39733333333335,22.157075000000006
2023-08-01 12:00:00,80.30045833333334,20.41424166666667
2023-08-01 12:30:00,79.95279166666667,17.192008333333305
2023-08-01 13:00:00,80.79541666666665,20.490016666666662
2023-08-01 13:30:00,76.75858333333333,17.28204166666667
2023-08-01 14:00:00,77.10491666666665,15.618025000000017
2023-08-01 14:30:00,78.64266666666667,13.363125000000025
2023-08-01 15:00:00,80.777125,12.800674999999998
2023-08-01 15:30:00,82.02179166666667,10.855016666666671
2023-08-01 16:00:00,83.608125,10.457924999999989
2023-08-01 16:30:00,85.28783333333334,10.918608333333339
2023-08-01 17:00:00,86.53729166666666,9.995766666666654
2023-08-01 17:30:00,87.85141666666668,9.784774999999996
2023-08-01 18:00:00,89.27354166666667,9.945825000000013
2023-08-01 18:30:00,89.87029166666669,9.517408333333307
2023-08-01 19:00:00,90.21766666666666,10.078608333333335
2023-08-01 19:30:00,90.58283333333333,10.03692500000001
2023-08-01 20:00:00,91.28579166666665,10.330399999999997
2023-08-01 20:30:00,92.74704166666666,11.17562500000001
2023-08-01 21:00:00,94.88874999999999,17.927500000000023
2023-08-01 21:30:00,97.150875,31.854991666666663
2023-08-01 22:00:00,96.6245,29.515050000000002
2023-08-01 22:30:00,96.94816666666667,29.4718
2023-08-01 23:00:00,97.513625,30.71535
2023-08-01 23:30:00,97.764,30.993125000000006
2023-08-02 00:00:00,97.91354166666666,30.077325000000002
2023-08-02 00:30:00,97.91633333333334,29.24585833333333
2023-08-02 01:00:00,98.15979166666666,29.121183333333335
2023-08-02 01:30:00,98.23658333333334,29.340591666666683
2023-08-02 02:00:00,98.57333333333334,27.724291666666673
2023-08-02 02:30:00,98.45283333333333,28.087416666666684
2023-08-02 03:00:00,98.56766666666667,28.320225000000008
2023-08-02 03:30:00,98.965125,27.929725000000005
2023-08-02 04:00:00,99.24350000000001,28.315983333333335
2023-08-02 04:30:00,99.39204166666666,28.759625000000014
2023-08-02 05:00:00,99.55749999999999,28.549016666666674
2023-08-02 05:30:00,99.58291666666666,28.96055833333334
2023-08-02 06:00:00,99.77000000000001,28.984116666666665
2023-08-02 06:30:00,99.78841666666666,30.06134166666665
2023-08-02 07:00:00,99.39491666666666,31.363283333333328
2023-08-02 07:30:00,98.48391666666667,32.790049999999994
2023-08-02 08:00:00,98.99529166666666,28.70519166666668
2023-08-02 08:30:00,99.22441666666667,29.289650000000023
2023-08-02 09:00:00,97.34445833333332,25.645316666666687
2023-08-02 09:30:00,99.18691666666668,29.18237500000002
2023-08-02 10:00:00,100.01041666666667,27.89289166666667
2023-08-02 10:30:00,99.65958333333333,29.646233333333342
2023-08-02 11:00:00,96.42258333333334,37.253416666666666
2023-08-02 11:30:00,89.90679166666666,23.539758333333353
2023-08-02 12:00:00,85.77395833333333,26.706341666666674
2023-08-02 12:30:00,82.80229166666668,19.39518333333335
2023-08-02 13:00:00,81.447625,16.14193333333334
2023-08-02 13:30:00,81.15354166666667,13.353108333333324
2023-08-02 14:00:00,82.09687500000001,11.956141666666667
2023-08-02 14:30:00,83.34670833333332,11.104283333333342
2023-08-02 15:00:00,83.35841666666667,10.91746666666667
2023-08-02 15:30:00,83.04775,11.850641666666675
2023-08-02 16:00:00,82.84304166666666,11.58189999999999
2023-08-02 16:30:00,83.94366666666667,10.762208333333334
2023-08-02 17:00:00,85.77529166666667,9.911991666666665
2023-08-02 17:30:00,86.74754166666668,10.231191666666675
2023-08-02 18:00:00,87.60195833333334,9.274241666666668
2023-08-02 18:30:00,88.28904166666666,10.917366666666695
2023-08-02 19:00:00,89.64229166666667,12.055649999999986
2023-08-02 19:30:00,91.25766666666667,12.015891666666647
2023-08-02 20:00:00,91.36391666666668,11.834024999999997
2023-08-02 20:30:00,91.45766666666665,11.496858333333321
2023-08-02 21:00:00,91.70125,11.216849999999994
2023-08-02 21:30:00,92.02129166666667,12.002358333333305
2023-08-02 22:00:00,92.00958333333332,12.948400000000007
2023-08-02 22:30:00,92.14616666666666,12.145074999999991
2023-08-02 23:00:00,93.89333333333332,17.868658333333357
2023-08-02 23:30:00,95.760625,31.995491666666652
2023-08-03 00:00:00,95.66208333333331,31.823775000000012
2023-08-03 00:30:00,95.76791666666668,32.06056666666667
2023-08-03 01:00:00,94.79516666666666,27.245208333333352
2023-08-03 01:30:00,94.474625,24.29598333333334
2023-08-03 02:00:00,95.23245833333333,27.31617500000003
2023-08-03 02:30:00,95.06266666666666,26.86440833333336
2023-08-03 03:00:00,95.144375,26.483466666666686
2023-08-03 03:30:00,95.17337500000001,27.214083333333306
2023-08-03 04:00:00,95.29691666666668,26.48675833333334
2023-08-03 04:30:00,95.67037499999999,27.356033333333343
2023-08-03 05:00:00,96.018375,28.677508333333336
2023-08-03 05:30:00,96.28841666666666,30.26846666666667
2023-08-03 06:00:00,96.48933333333332,30.915658333333354
2023-08-03 06:30:00,97.34129166666666,30.33104166666668
2023-08-03 07:00:00,95.18295833333333,24.314116666666663
2023-08-03 07:30:00,89.85595833333333,11.780491666666677
2023-08-03 08:00:00,87.337875,13.850274999999996
2023-08-03 08:30:00,84.87733333333333,13.734266666666684
2023-08-03 09:00:00,84.117625,11.938474999999997
2023-08-03 09:30:00,83.74137499999999,16.56591666666668
2023-08-03 10:00:00,82.24929166666666,14.288016666666678
2023-08-03 10:30:00,81.13079166666667,12.884524999999996
2023-08-03 11:00:00,81.08825000000002,13.30642499999999
2023-08-03 11:30:00,78.22691666666665,11.328683333333359
2023-08-03 12:00:00,74.97483333333334,11.465716666666665
2023-08-03 12:30:00,74.288,9.618049999999997
2023-08-03 13:00:00,72.97945833333333,9.348700000000008
2023-08-03 13:30:00,74.00266666666666,9.540800000000004
2023-08-03 14:00:00,74.75383333333333,11.806516666666681
2023-08-03 14:30:00,75.43420833333333,9.884675000000001
2023-08-03 15:00:00,76.77175,7.201349999999991
2023-08-03 15:30:00,78.207875,8.846066666666644
2023-08-03 16:00:00,80.00483333333334,9.432825000000008
2023-08-03 16:30:00,82.082,8.290783333333366
2023-08-03 17:00:00,83.94433333333332,7.472333333333339
2023-08-03 17:30:00,85.83695833333333,8.765166666666659
2023-08-03 18:00:00,87.16416666666667,7.891424999999998
2023-08-03 18:30:00,88.92750000000001,8.848033333333333
2023-08-03 19:00:00,90.02250000000001,9.015066666666641
2023-08-03 19:30:00,91.71462499999998,19.750800000000012
2023-08-03 20:00:00,92.48945833333333,23.453591666666654
2023-08-03 20:30:00,92.8195,24.207108333333338
2023-08-03 21:00:00,93.189,28.492058333333347
2023-08-03 21:30:00,92.55208333333334,28.801133333333354
2023-08-03 22:00:00,90.90820833333333,15.480241666666672
2023-08-03 22:30:00,92.12241666666667,22.03802500000002
2023-08-03 23:00:00,93.15450000000001,26.057391666666675
2023-08-03 23:30:00,93.23429166666668,26.720258333333348
2023-08-04 00:00:00,94.54475,30.643699999999995
2023-08-04 00:30:00,95.45816666666666,34.294766666666675
2023-08-04 01:00:00,95.739,34.27225833333334
2023-08-04 01:30:00,95.58291666666668,32.356008333333335
2023-08-04 02:00:00,95.08516666666668,30.956858333333344
2023-08-04 02:30:00,95.00045833333334,30.04694999999998
2023-08-04 03:00:00,95.43845833333333,32.78439166666668
2023-08-04 03:30:00,95.14745833333333,34.65537500000001
2023-08-04 04:00:00,94.62583333333333,34.26069166666669
2023-08-04 04:30:00,95.07725,33.001774999999995
2023-08-04 05:00:00,95.08354166666666,33.16785833333334
2023-08-04 05:30:00,94.77558333333334,31.860424999999978
2023-08-04 06:00:00,93.99887500000001,27.803416666666664
2023-08-04 06:30:00,92.89225,25.710808333333333
2023-08-04 07:00:00,90.45783333333333,19.914891666666662
2023-08-04 07:30:00,87.54675,15.00389166666666
2023-08-04 08:00:00,83.57408333333333,11.158816666666667
2023-08-04 08:30:00,80.326625,14.603258333333315
2023-08-04 09:00:00,75.98890476190476,13.309716666666645
2023-08-04 09:30:00,72.6802857142857,16.594966666666664
2023-08-04 10:00:00,72.89383333333333,16.97277499999997
2023-08-04 10:30:00,73.33649999999999,14.18854166666668
2023-08-04 11:00:00,73.8616111111111,11.020708333333346
2023-08-04 11:30:00,77.22627777777778,11.781458333333333
2023-08-04 12:00:00,79.32544444444444,13.091625000000022
2023-08-04 12:30:00,80.75772222222223,10.945000000000007
2023-08-04 13:00:00,82.35194444444444,13.243958333333353
2023-08-04 13:30:00,80.82655555555556,13.815958333333356
2023-08-04 14:00:00,76.9036111111111,13.884166666666658
2023-08-04 14:30:00,73.96077777777778,11.935041666666663
2023-08-04 15:00:00,73.77844444444445,11.834291666666658
2023-08-04 15:30:00,76.71555555555555,6.690791666666669
2023-08-04 16:00:00,77.55327777777778,10.588375000000013
2023-08-04 16:30:00,78.75094444444444,11.883750000000006
2023-08-04 17:00:00,79.96522222222222,12.565583333333336
2023-08-04 17:30:00,82.57266666666665,10.423416666666654
2023-08-04 18:00:00,86.58044444444444,9.298749999999998
2023-08-04 18:30:00,88.80422222222222,11.062958333333327
2023-08-04 19:00:00,92.00627777777777,25.689000000000007
2023-08-04 19:30:00,93.35877777777777,32.03483333333335
2023-08-04 20:00:00,93.99194444444443,32.165583333333316
2023-08-04 20:30:00,94.74400000000001,33.967541666666676
2023-08-04 21:00:00,95.17044444444446,35.240291666666664
2023-08-04 21:30:00,95.07194444444444,35.41516666666668
2023-08-04 22:00:00,93.50861111111112,29.795833333333334
2023-08-04 22:30:00,91.46644444444443,18.94525
2023-08-04 23:00:00,90.87477777777777,18.042916666666642
2023-08-04 23:30:00,90.70127777777776,17.427666666666667
2023-08-05 00:00:00,93.45311111111111,28.49533333333335
2023-08-05 00:30:00,95.04872222222222,35.126458333333346
2023-08-05 01:00:00,95.0503888888889,35.167124999999984
2023-08-05 01:30:00,95.09077777777777,34.677291666666676
2023-08-05 02:00:00,94.90749999999998,33.37629166666666
2023-08-05 02:30:00,94.74322222222223,31.263583333333344
2023-08-05 03:00:00,94.75772222222223,30.704333333333338
2023-08-05 03:30:00,94.35027777777778,29.042708333333323
2023-08-05 04:00:00,94.44216666666667,28.31658333333334
2023-08-05 04:30:00,94.56394444444443,28.627499999999998
2023-08-05 05:00:00,94.86094444444444,30.875166666666644
2023-08-05 05:30:00,95.74916666666667,35.75087499999998
2023-08-05 06:00:00,95.24922222222222,34.94854166666667
2023-08-05 06:30:00,95.10172222222222,36.21279166666666
2023-08-05 07:00:00,92.08061111111111,30.137541666666664
2023-08-05 07:30:00,85.98816666666666,13.189458333333334
2023-08-05 08:00:00,82.89744444444445,15.812166666666656
2023-08-05 08:30:00,83.08588888888889,13.646083333333323
2023-08-05 09:00:00,81.94850000000001,13.012333333333345
2023-08-05 09:30:00,80.27877777777779,13.652250000000024
2023-08-05 10:00:00,78.2712777777778,17.55862500000002
2023-08-05 10:30:00,77.03183333333335,19.189250000000015
2023-08-05 11:00:00,76.02483333333333,18.048291666666685
2023-08-05 11:30:00,75.45944444444444,13.889875000000004
2023-08-05 12:00:00,76.1955,12.651291666666665
2023-08-05 12:30:00,74.33822222222223,13.197541666666652
2023-08-05 13:00:00,72.90816666666667,15.381750000000011
2023-08-05 13:30:00,72.3575,18.32520833333333
2023-08-05 14:00:00,71.26683333333334,16.144958333333335
2023-08-05 14:30:00,73.73766666666667,12.866875000000022
2023-08-05 15:00:00,75.51577777777779,14.463708333333315
2023-08-05 15:30:00,75.27722222222222,16.05000000000001
2023-08-05 16:00:00,76.9516111111111,11.924249999999986
2023-08-05 16:30:00,80.36766666666668,11.654958333333354
2023-08-05 17:00:00,83.39822222222223,8.65658333333333
2023-08-05 17:30:00,84.59616666666666,8.88229166666666
2023-08-05 18:00:00,86.81666666666665,10.606875000000002
2023-08-05 18:30:00,88.27422222222224,11.332875000000016
2023-08-05 19:00:00,88.867,11.36675000000001
2023-08-05 19:30:00,92.1798888888889,20.72762499999999
2023-08-05 20:00:00,95.72655555555555,32.721875
2023-08-05 20:30:00,96.01461111111111,33.63341666666666
2023-08-05 21:00:00,94.6025,30.789458333333357
2023-08-05 21:30:00,91.60688888888889,15.013541666666654
2023-08-05 22:00:00,91.97722222222222,13.979833333333318
2023-08-05 22:30:00,93.67961111111111,19.765708333333322
2023-08-05 23:00:00,94.51666666666665,22.682791666666674
2023-08-05 23:30:00,94.05461111111111,21.61799999999998
2023-08-06 00:00:00,93.9227222222222,20.414833333333334
2023-08-06 00:30:00,94.94055555555555,25.785916666666665
2023-08-06 01:00:00,95.521,29.750166666666644
2023-08-06 01:30:00,95.86761111111112,30.29612499999999
2023-08-06 02:00:00,96.27327777777778,30.298749999999984
2023-08-06 02:30:00,96.02355555555556,29.265208333333305
2023-08-06 03:00:00,96.06727777777776,28.851916666666668
2023-08-06 03:30:00,97.82811111111111,32.25116666666666
2023-08-06 04:00:00,98.32255555555555,31.399791666666673
2023-08-06 04:30:00,98.80077777777778,31.023916666666665
2023-08-06 05:00:00,99.02155555555555,31.72104166666665
2023-08-06 05:30:00,99.0556111111111,31.736333333333334
2023-08-06 06:00:00,99.50905555555555,31.40095833333332
2023-08-06 06:30:00,99.4543888888889,32.15766666666666
2023-08-06 07:00:00,99.09361111111112,30.108041666666665
2023-08-06 07:30:00,97.0905,23.637
2023-08-06 08:00:00,92.92133333333332,14.58441666666667
2023-08-06 08:30:00,91.48655555555554,12.769874999999999
2023-08-06 09:00:00,88.35116666666666,17.088958333333338
2023-08-06 09:30:00,87.176,20.43283333333332
2023-08-06 10:00:00,91.87516666666666,42.51270833333331
2023-08-06 10:30:00,88.13616666666667,50.01804166666666
2023-08-06 11:00:00,86.47755555555555,48.403208333333325
2023-08-06 11:30:00,84.02211111111112,39.409499999999994
2023-08-06 12:00:00,81.10983333333333,22.15404166666667
2023-08-06 12:30:00,79.45133333333332,14.307500000000005
2023-08-06 13:00:00,76.66944444444444,14.082666666666682
2023-08-06 13:30:00,75.55272222222223,13.927208333333326
2023-08-06 14:00:00,74.29599999999999,17.294374999999974
2023-08-06 14:30:00,72.98788888888889,14.609624999999994
2023-08-06 15:00:00,72.806,12.258499999999998
2023-08-06 15:30:00,74.66883333333332,12.49062499999998
2023-08-06 16:00:00,76.72822222222221,11.54787499999999
2023-08-06 16:30:00,79.8305,13.282708333333332
2023-08-06 17:00:00,82.93999999999998,12.243041666666656
2023-08-06 17:30:00,86.32516666666668,11.703958333333333
2023-08-06 18:00:00,89.38594444444443,12.736541666666682
2023-08-06 18:30:00,90.44077777777778,11.746250000000003
2023-08-06 19:00:00,90.40955555555554,12.50670833333335
2023-08-06 19:30:00,90.6523888888889,10.960624999999993
2023-08-06 20:00:00,90.86894444444444,11.18441666666665
2023-08-06 20:30:00,90.81372222222222,11.21883333333335
2023-08-06 21:00:00,90.2481111111111,11.653750000000002
2023-08-06 21:30:00,91.05955555555556,9.647791666666663
2023-08-06 22:00:00,93.6653888888889,16.991000000000014
2023-08-06 22:30:00,98.52583333333332,32.04029166666666
2023-08-06 23:00:00,100.17238888888888,30.342916666666653
2023-08-06 23:30:00,100.98077777777779,28.99900000000001
2023-08-07 00:00:00,101.57244444444444,28.62058333333333
2023-08-07 00:30:00,101.76688888888889,28.708249999999992
2023-08-07 01:00:00,102.117,28.70920833333335
2023-08-07 01:30:00,102.13611111111112,28.597833333333327
2023-08-07 02:00:00,101.75799999999998,30.05487500000001
2023-08-07 02:30:00,101.62055555555555,30.29029166666666
2023-08-07 03:00:00,101.4515,29.94416666666666
2023-08-07 03:30:00,101.11827777777778,30.794041666666658
2023-08-07 04:00:00,101.71072222222222,28.83995833333333
2023-08-07 04:30:00,101.8971111111111,27.836541666666648
2023-08-07 05:00:00,101.79916666666668,28.215208333333337
2023-08-07 05:30:00,101.65472222222222,29.4195
2023-08-07 06:00:00,101.60916666666667,30.25958333333334
2023-08-07 06:30:00,101.43577777777779,31.497458333333313
2023-08-07 07:00:00,100.81422222222221,32.829875
2023-08-07 07:30:00,99.78977777777777,34.556124999999994
2023-08-07 08:00:00,99.39355555555557,34.478458333333336
2023-08-07 08:30:00,96.31057142857142,37.39994999999999
2023-08-07 09:00:00,93.23361904761906,41.88034999999999
2023-08-07 09:30:00,89.57580952380953,38.28113333333333
2023-08-07 10:00:00,82.07919047619048,25.470316666666676
2023-08-07 10:30:00,77.15266666666666,21.41236666666667
2023-08-07 11:00:00,76.68133333333333,16.52981666666666
2023-08-07 11:30:00,76.89800000000001,13.504866666666658
2023-08-07 12:00:00,77.29999999999998,14.565683333333325
2023-08-07 12:30:00,77.23538095238096,13.712850000000003
2023-08-07 13:00:00,77.66323809523809,13.484183333333306
2023-08-07 13:30:00,76.3252857142857,16.08475
2023-08-07 14:00:00,76.4827142857143,14.957850000000008
2023-08-07 14:30:00,77.29295238095237,16.468766666666653
2023-08-07 15:00:00,78.38080952380952,18.312749999999994
2023-08-07 15:30:00,79.91790476190475,16.14826666666667
2023-08-07 16:00:00,81.11619047619047,14.237183333333348
2023-08-07 16:30:00,83.30442857142857,12.897833333333324
2023-08-07 17:00:00,85.65566666666666,13.901299999999992
2023-08-07 17:30:00,87.81719047619049,13.838066666666691
2023-08-07 18:00:00,89.12195238095238,14.028433333333354
2023-08-07 18:30:00,89.9287619047619,12.675266666666673
2023-08-07 19:00:00,90.44371428571428,11.945283333333364
2023-08-07 19:30:00,90.87685714285713,12.455616666666671
2023-08-07 20:00:00,91.78228571428572,14.476866666666652
2023-08-07 20:30:00,93.89657142857142,24.219983333333317
2023-08-07 21:00:00,94.48652380952383,26.636549999999986
2023-08-07 21:30:00,95.09866666666666,28.086466666666652
2023-08-07 22:00:00,95.03476190476191,30.04426666666666
2023-08-07 22:30:00,94.89704761904761,30.68031666666664
2023-08-07 23:00:00,95.1797142857143,30.112499999999983
2023-08-07 23:30:00,95.41271428571427,29.597783333333325
2023-08-08 00:00:00,95.62566666666667,29.87748333333333
2023-08-08 00:30:00,95.65185714285714,29.270350000000008
2023-08-08 01:00:00,95.74476190476189,28.33923333333334
2023-08-08 01:30:00,95.3994761904762,27.23655000000001
2023-08-08 02:00:00,95.76085714285713,27.21168333333334
2023-08-08 02:30:00,95.58876190476191,28.236716666666666
2023-08-08 03:00:00,95.80776190476192,29.282283333333353
2023-08-08 03:30:00,95.79361904761903,28.764049999999983
2023-08-08 04:00:00,96.19838095238096,28.564399999999992
2023-08-08 04:30:00,97.02585714285715,30.00891666666665
2023-08-08 05:00:00,97.78461904761905,31.426333333333304
2023-08-08 05:30:00,97.96504761904761,31.471533333333312
2023-08-08 06:00:00,97.74671428571428,31.44923333333331
2023-08-08 06:30:00,97.09785714285715,31.87553333333331
2023-08-08 07:00:00,95.86609523809524,32.6561833333333
2023-08-08 07:30:00,94.73309523809526,33.248816666666656
2023-08-08 08:00:00,92.56590476190476,29.994016666666653
2023-08-08 08:30:00,91.7,28.863416666666666
2023-08-08 09:00:00,91.76895238095237,33.908683333333315
2023-08-08 09:30:00,90.17999999999999,39.833266666666646
2023-08-08 10:00:00,87.076,43.49786666666665
2023-08-08 10:30:00,82.55271428571429,33.15984999999998
2023-08-08 11:00:00,77.41128571428571,25.660983333333334
2023-08-08 11:30:00,76.13138095238095,22.40116666666667
2023-08-08 12:00:00,76.40766666666666,17.920916666666685
2023-08-08 12:30:00,76.7867619047619,17.02958333333335
2023-08-08 13:00:00,79.42004761904762,18.930699999999987
2023-08-08 13:30:00,79.84238095238095,16.6104
2023-08-08 14:00:00,77.80295238095239,14.344166666666666
2023-08-08 14:30:00,80.37371428571429,12.983033333333324
2023-08-08 15:00:00,81.26047619047618,12.932633333333328
2023-08-08 15:30:00,82.65733333333334,13.61445000000002
2023-08-08 16:00:00,84.52109523809523,15.098766666666663
2023-08-08 16:30:00,86.04866666666666,16.667316666666665
2023-08-08 17:00:00,86.98533333333333,17.093416666666684
2023-08-08 17:30:00,88.36738095238096,16.072450000000003
2023-08-08 18:00:00,89.30390476190476,18.904766666666674
2023-08-08 18:30:00,89.35347619047619,18.325850000000003
2023-08-08 19:00:00,89.90009523809522,18.719499999999982
2023-08-08 19:30:00,90.57366666666667,21.337500000000006
2023-08-08 20:00:00,92.16852380952382,25.499616666666668
2023-08-08 20:30:00,93.88071428571428,29.875416666666638
2023-08-08 21:00:00,95.29528571428571,33.949416666666664
2023-08-08 21:30:00,95.86838095238093,34.37183333333331
2023-08-08 22:00:00,96.07904761904763,34.0182333333333
2023-08-08 22:30:00,96.31838095238095,33.33331666666665
2023-08-08 23:00:00,96.51980952380953,33.661916666666656
2023-08-08 23:30:00,96.26242857142857,33.98799999999997
2023-08-09 00:00:00,96.11480952380953,33.78801666666665
2023-08-09 00:30:00,96.22900000000001,33.709749999999985
2023-08-09 01:00:00,96.82728571428571,33.41686666666665
2023-08-09 01:30:00,97.48438095238096,32.675916666666666
2023-08-09 02:00:00,97.51609523809523,31.969433333333313
2023-08-09 02:30:00,97.33428571428571,31.65715
2023-08-09 03:00:00,97.29295238095237,31.628783333333303
2023-08-09 03:30:00,97.30276190476191,31.05209999999998
2023-08-09 04:00:00,97.29423809523811,30.985249999999965
2023-08-09 04:30:00,97.69057142857143,31.25339999999997
2023-08-09 05:00:00,98.22661904761904,30.980949999999993
2023-08-09 05:30:00,98.45957142857142,31.089183333333338
2023-08-09 06:00:00,98.50842857142855,31.01266666666666
2023-08-09 06:30:00,98.27819047619047,30.99476666666665
2023-08-09 07:00:00,97.25928571428571,31.75266666666667
2023-08-09 07:30:00,95.12080952380951,34.66391666666664
2023-08-09 08:00:00,91.907,30.283750000000012
2023-08-09 08:30:00,89.91152380952381,25.36151666666666
2023-08-09 09:00:00,88.08361904761905,23.212916666666672
2023-08-09 09:30:00,85.07790476190476,22.619433333333333
2023-08-09 10:00:00,83.7117142857143,17.595750000000024
2023-08-09 10:30:00,86.16047619047619,18.10515000000001
2023-08-09 11:00:00,86.89199999999998,16.934216666666686
2023-08-09 11:30:00,89.52147619047619,15.51230000000001
2023-08-09 12:00:00,84.83500000000001,19.402699999999996
2023-08-09 12:30:00,80.3532380952381,17.98733333333334
2023-08-09 13:00:00,85.23495238095236,18.70323333333333
2023-08-09 13:30:00,92.35028571428572,28.922900000000027
2023-08-09 14:00:00,94.68519047619047,30.739266666666666
2023-08-09 14:30:00,90.44766666666668,28.93204999999999
2023-08-09 15:00:00,86.57785714285716,26.76809999999999
2023-08-09 15:30:00,84.48833333333333,26.454216666666653
2023-08-09 16:00:00,84.33,23.31756666666668
2023-08-09 16:30:00,85.12390476190475,22.617166666666662
2023-08-09 17:00:00,87.581,22.812366666666662
2023-08-09 17:30:00,91.4127619047619,25.162116666666662
2023-08-09 18:00:00,92.02295238095238,21.6096
2023-08-09 18:30:00,92.79295238095237,25.827616666666657
2023-08-09 19:00:00,93.58247619047619,29.99646666666665
2023-08-09 19:30:00,93.43914285714287,28.899633333333327
2023-08-09 20:00:00,93.69723809523809,27.79886666666664
2023-08-09 20:30:00,93.52576190476191,28.049849999999992
2023-08-09 21:00:00,93.3577619047619,27.877283333333338
2023-08-09 21:30:00,92.65757142857142,26.120199999999997
2023-08-09 22:00:00,92.24161904761904,25.113150000000005
2023-08-09 22:30:00,92.05261904761905,24.32611666666665
2023-08-09 23:00:00,92.06257142857143,24.07591666666667
2023-08-09 23:30:00,92.18895238095239,24.224683333333317
2023-08-10 00:00:00,92.45671428571428,24.318216666666657
2023-08-10 00:30:00,94.76442857142857,23.747149999999976
2023-08-10 01:00:00,97.43528571428571,24.542133333333325
2023-08-10 01:30:00,99.20776190476191,27.58286666666666
2023-08-10 02:00:00,99.54104761904762,29.757033333333325
2023-08-10 02:30:00,99.8224761904762,30.104816666666665
2023-08-10 03:00:00,99.43014285714285,31.141166666666663
2023-08-10 03:30:00,98.98814285714286,32.05066666666666
2023-08-10 04:00:00,99.05614285714286,32.48424999999996
2023-08-10 04:30:00,98.88109523809523,33.39163333333333
2023-08-10 05:00:00,98.38576190476192,32.25363333333331
2023-08-10 05:30:00,97.93419047619048,29.74943333333333
2023-08-10 06:00:00,98.69390476190475,28.135316666666668
2023-08-10 06:30:00,99.46400000000001,27.37000000000002
2023-08-10 07:00:00,99.62490476190476,30.54944999999998
2023-08-10 07:30:00,99.70490476190476,31.290083333333328
2023-08-10 08:00:00,98.66257142857144,33.44276666666666
2023-08-10 08:30:00,96.42009523809523,36.586
2023-08-10 09:00:00,92.47685714285716,37.34019999999998
2023-08-10 09:30:00,86.80057142857142,19.959766666666667
2023-08-10 10:00:00,86.30595238095239,26.45559999999999
2023-08-10 10:30:00,83.6002380952381,19.19433333333332
2023-08-10 11:00:00,76.02552380952382,21.67683333333335
2023-08-10 11:30:00,71.33404761904762,21.355383333333343
2023-08-10 12:00:00,69.07185714285714,21.404383333333328
2023-08-10 12:30:00,69.41866666666667,19.934533333333313
2023-08-10 13:00:00,68.61057142857142,22.410233333333338
2023-08-10 13:30:00,70.39442857142856,17.864166666666648
2023-08-10 14:00:00,71.848,15.965549999999979
2023-08-10 14:30:00,72.73919047619047,13.85284999999999
2023-08-10 15:00:00,75.46914285714286,12.495016666666658
2023-08-10 15:30:00,77.96180952380952,15.277183333333312
2023-08-10 16:00:00,78.90890476190475,14.687783333333343
2023-08-10 16:30:00,81.04842857142857,16.720566666666684
2023-08-10 17:00:00,83.00057142857143,17.764833333333343
2023-08-10 17:30:00,85.19000000000001,16.53126666666668
2023-08-10 18:00:00,86.81271428571428,16.371950000000012
2023-08-10 18:30:00,88.42938095238094,20.653933333333356
2023-08-10 19:00:00,88.98776190476191,20.171000000000006
2023-08-10 19:30:00,89.66842857142856,20.27146666666667
2023-08-10 20:00:00,90.24595238095239,21.657416666666663
2023-08-10 20:30:00,90.42657142857142,21.94011666666667
2023-08-10 21:00:00,90.84638095238097,21.85603333333333
2023-08-10 21:30:00,91.9955238095238,25.779600000000002
2023-08-10 22:00:00,92.58614285714286,27.420749999999984
2023-08-10 22:30:00,93.20547619047618,26.628133333333324
2023-08-10 23:00:00,93.56257142857142,28.645049999999983
2023-08-10 23:30:00,93.80257142857143,29.76891666666664
2023-08-11 00:00:00,93.64604761904762,30.09524999999998
2023-08-11 00:30:00,93.44342857142858,29.439166666666665
2023-08-11 01:00:00,92.73195238095238,25.780900000000003
2023-08-11 01:30:00,92.34361904761906,23.569366666666667
2023-08-11 02:00:00,92.6965238095238,24.160749999999993
2023-08-11 02:30:00,92.56442857142856,22.782966666666653
2023-08-11 03:00:00,92.90161904761905,22.789899999999975
2023-08-11 03:30:00,93.62704761904762,25.198333333333323
2023-08-11 04:00:00,94.41271428571429,28.520933333333318
2023-08-11 04:30:00,94.89561904761906,29.61608333333332
2023-08-11 05:00:00,95.28280952380952,30.677949999999996
2023-08-11 05:30:00,96.04909523809523,34.41351666666665
2023-08-11 06:00:00,96.44714285714288,34.0966833333333
2023-08-11 06:30:00,96.2385238095238,34.029649999999975
2023-08-11 07:00:00,94.46261904761904,36.629033333333325
2023-08-11 07:30:00,90.76514285714286,33.66101666666667
2023-08-11 08:00:00,86.69628571428571,24.18201666666667
2023-08-11 08:30:00,81.62795238095238,21.492916666666673
2023-08-11 09:00:00,76.93509523809523,19.49038333333334
2023-08-11 09:30:00,72.79914285714285,18.487649999999995
2023-08-11 10:00:00,71.36766666666666,19.867633333333316
2023-08-11 10:30:00,70.58171428571428,17.9794
2023-08-11 11:00:00,70.65461904761905,17.95491666666667
2023-08-11 11:30:00,71.38309523809525,16.61504999999999
2023-08-11 12:00:00,72.54766666666666,16.769066666666646
2023-08-11 12:30:00,74.8582857142857,14.517866666666677
2023-08-11 13:00:00,74.63471428571428,13.176299999999983
2023-08-11 13:30:00,70.82452380952381,16.039833333333334
2023-08-11 14:00:00,69.31204761904762,13.42486666666668
2023-08-11 14:30:00,70.44866666666665,14.146149999999992
2023-08-11 15:00:00,72.08390476190475,14.17458333333333
2023-08-11 15:30:00,73.25776190476189,14.274933333333323
2023-08-11 16:00:00,74.93128571428572,15.054516666666657
2023-08-11 16:30:00,77.37009523809523,15.874850000000023
2023-08-11 17:00:00,80.46138095238095,15.604133333333323
2023-08-11 17:30:00,83.9852380952381,15.538849999999996
2023-08-11 18:00:00,87.07895238095237,17.83398333333332
2023-08-11 18:30:00,89.75023809523807,22.595566666666656
2023-08-11 19:00:00,91.15038095238096,25.79594999999999
2023-08-11 19:30:00,91.93809523809523,27.684799999999996
2023-08-11 20:00:00,92.09323809523809,29.206816666666654
2023-08-11 20:30:00,91.39323809523809,26.806066666666666
2023-08-11 21:00:00,90.76128571428572,23.557150000000007
2023-08-11 21:30:00,90.74790476190476,22.6652
2023-08-11 22:00:00,91.36299999999999,23.36333333333333
2023-08-11 22:30:00,91.80976190476188,23.091966666666664
2023-08-11 23:00:00,92.04880952380951,22.75433333333332
2023-08-11 23:30:00,92.6970476190476,25.22534999999999
2023-08-12 00:00:00,93.8907619047619,27.193833333333302
2023-08-12 00:30:00,95.1952380952381,29.129483333333326
2023-08-12 01:00:00,95.85042857142857,31.407449999999997
2023-08-12 01:30:00,96.39033333333334,32.82306666666665
2023-08-12 02:00:00,96.49699999999999,32.18929999999999
2023-08-12 02:30:00,96.05595238095236,32.76738333333333
2023-08-12 03:00:00,95.89909523809524,33.20394999999998
2023-08-12 03:30:00,96.41371428571428,32.569849999999974
2023-08-12 04:00:00,96.13685714285714,32.650499999999994
2023-08-12 04:30:00,96.22761904761903,32.158866666666654
2023-08-12 05:00:00,96.16747619047621,32.42245
2023-08-12 05:30:00,96.19200000000001,32.24193333333332
2023-08-12 06:00:00,96.11414285714285,32.519549999999995
2023-08-12 06:30:00,95.6195238095238,33.16869999999997
2023-08-12 07:00:00,94.66204761904761,32.31021666666665
2023-08-12 07:30:00,91.957,30.862316666666658
2023-08-12 08:00:00,87.15657142857143,26.113016666666653
2023-08-12 08:30:00,82.64166666666667,20.453216666666677
2023-08-12 09:00:00,81.53357142857145,19.768883333333335
2023-08-12 09:30:00,80.68000000000002,18.114549999999994
2023-08-12 10:00:00,80.11185714285715,18.55616666666667
2023-08-12 10:30:00,80.08980952380952,20.229366666666664
2023-08-12 11:00:00,80.0937619047619,18.41088333333333
2023-08-12 11:30:00,78.89780952380953,20.648200000000003
2023-08-12 12:00:00,75.64214285714286,22.416383333333343
2023-08-12 12:30:00,71.15095238095238,21.37245
2023-08-12 13:00:00,72.78495238095239,17.67965000000001
2023-08-12 13:30:00,73.54704761904762,15.852166666666662
2023-08-12 14:00:00,74.26471428571428,16.41926666666666
2023-08-12 14:30:00,75.6712857142857,20.335216666666668
2023-08-12 15:00:00,75.9977619047619,19.85424999999998
2023-08-12 15:30:00,76.82890476190475,18.15621666666665
2023-08-12 16:00:00,77.8427619047619,17.601483333333334
2023-08-12 16:30:00,78.58257142857143,17.87140000000001
2023-08-12 17:00:00,80.58433333333333,18.763066666666646
2023-08-12 17:30:00,83.23061904761904,17.022950000000023
2023-08-12 18:00:00,86.09409523809525,17.585150000000013
2023-08-12 18:30:00,88.91828571428572,21.733716666666652
2023-08-12 19:00:00,90.56676190476189,25.091549999999984
2023-08-12 19:30:00,91.38938095238096,27.62091666666666
2023-08-12 20:00:00,91.56195238095236,25.531733333333335
2023-08-12 20:30:00,92.66861904761906,26.014183333333335
2023-08-12 21:00:00,93.75514285714284,28.943983333333307
2023-08-12 21:30:00,94.37433333333333,30.0565
2023-08-12 22:00:00,94.39638095238095,30.11216666666664
2023-08-12 22:30:00,94.28185714285713,28.522899999999964
2023-08-12 23:00:00,94.2132857142857,27.940033333333332
2023-08-12 23:30:00,94.38461904761905,27.558949999999996
2023-08-13 00:00:00,94.59776190476191,26.422183333333322
2023-08-13 00:30:00,94.38595238095239,27.549549999999996
2023-08-13 01:00:00,94.253,27.190333333333328
2023-08-13 01:30:00,94.53971428571428,27.15979999999999
2023-08-13 02:00:00,94.65247619047621,28.388483333333326
2023-08-13 02:30:00,95.76642857142858,31.350633333333306
2023-08-13 03:00:00,96.69604761904762,31.86751666666666
2023-08-13 03:30:00,96.91104761904762,30.91158333333331
2023-08-13 04:00:00,97.04828571428571,30.928449999999984
2023-08-13 04:30:00,97.20566666666666,30.62699999999998
2023-08-13 05:00:00,97.13038095238096,31.04729999999998
2023-08-13 05:30:00,96.94957142857143,31.68849999999999
2023-08-13 06:00:00,96.48804761904762,31.61404999999999
2023-08-13 06:30:00,95.80219047619049,32.45269999999998
2023-08-13 07:00:00,93.77742857142857,33.80851666666665
2023-08-13 07:30:00,89.04657142857143,28.763316666666668
2023-08-13 08:00:00,84.87209523809524,23.381683333333328
2023-08-13 08:30:00,83.78085714285714,22.086549999999974
2023-08-13 09:00:00,81.1212380952381,19.025766666666655
2023-08-13 09:30:00,75.75366666666669,14.608666666666664
2023-08-13 10:00:00,71.39642857142857,16.190866666666665
2023-08-13 10:30:00,71.16261904761906,15.904783333333334
2023-08-13 11:00:00,72.90942857142856,15.628616666666659
2023-08-13 11:30:00,73.93642857142856,15.260416666666657
2023-08-13 12:00:00,74.37152380952382,16.54965
2023-08-13 12:30:00,71.66128571428571,19.66894999999998
2023-08-13 13:00:00,70.05280952380951,17.219716666666677
2023-08-13 13:30:00,72.61690476190476,20.39795000000001
2023-08-13 14:00:00,74.49261904761904,19.921933333333328
2023-08-13 14:30:00,72.80009523809524,12.379466666666659
2023-08-13 15:00:00,75.6444761904762,10.402366666666651
2023-08-13 15:30:00,78.63690476190477,11.061866666666688
2023-08-13 16:00:00,80.38904761904762,15.07483333333333
2023-08-13 16:30:00,83.04061904761906,15.825849999999974
2023-08-13 17:00:00,87.11928571428571,17.169116666666667
2023-08-13 17:30:00,91.23328571428571,27.724166666666648
2023-08-13 18:00:00,93.70590476190476,35.45348333333334
2023-08-13 18:30:00,95.22895238095238,34.57498333333331
2023-08-13 19:00:00,95.7067142857143,32.52204999999998
2023-08-13 19:30:00,95.40190476190477,31.717549999999974
2023-08-13 20:00:00,94.97028571428571,31.901633333333308
2023-08-13 20:30:00,94.6065238095238,31.35981666666666
2023-08-13 21:00:00,94.24019047619048,30.029333333333327
2023-08-13 21:30:00,94.37461904761903,29.61938333333333
2023-08-13 22:00:00,94.6267619047619,27.664249999999967
2023-08-13 22:30:00,94.92980952380951,28.009849999999958
2023-08-13 23:00:00,95.08785714285715,28.857899999999987
2023-08-13 23:30:00,94.37219047619048,26.830499999999986
2023-08-14 00:00:00,93.92704761904763,27.52633333333334
2023-08-14 00:30:00,93.06400000000001,26.09038333333332
2023-08-14 01:00:00,92.18385714285715,24.284966666666662
2023-08-14 01:30:00,91.94971428571428,23.204833333333326
2023-08-14 02:00:00,92.11766666666666,24.307549999999992
2023-08-14 02:30:00,92.31466666666665,25.114749999999987
2023-08-14 03:00:00,91.82090476190477,23.444733333333318
2023-08-14 03:30:00,91.51552380952378,23.300983333333335
2023-08-14 04:00:00,91.38514285714287,23.439749999999975
2023-08-14 04:30:00,91.76680952380953,23.800566666666626
2023-08-14 05:00:00,92.1205238095238,23.46560000000001
2023-08-14 05:30:00,92.88185714285714,24.322749999999985
2023-08-14 06:00:00,93.10871428571429,24.652966666666643
2023-08-14 06:30:00,93.0860476190476,25.264266666666643
2023-08-14 07:00:00,93.01619047619047,28.432449999999974
2023-08-14 07:30:00,91.62628571428571,28.720466666666653
2023-08-14 08:00:00,90.11247619047619,24.926183333333313
2023-08-14 08:30:00,89.00885714285714,23.486283333333347
2023-08-14 09:00:00,88.66647619047619,21.48741666666669
2023-08-14 09:30:00,85.59109523809522,20.766433333333325
2023-08-14 10:00:00,79.25204761904762,17.843166666666676
2023-08-14 10:30:00,76.18433333333333,16.17535000000001
2023-08-14 11:00:00,74.24209523809523,18.36840000000001
2023-08-14 11:30:00,73.01257142857143,20.432999999999993
2023-08-14 12:00:00,72.897,16.410016666666664
2023-08-14 12:30:00,73.38223809523811,20.22371666666666
2023-08-14 13:00:00,75.26057142857144,17.13688333333333
2023-08-14 13:30:00,78.68628571428572,15.274633333333355
2023-08-14 14:00:00,80.57523809523809,15.993650000000002
2023-08-14 14:30:00,82.13909523809524,16.595699999999994
2023-08-14 15:00:00,82.61252380952381,15.179633333333342
2023-08-14 15:30:00,83.69371428571428,12.788250000000005
2023-08-14 16:00:00,86.56028571428571,12.04934999999999
2023-08-14 16:30:00,88.02309523809524,14.624166666666682
2023-08-14 17:00:00,88.51819047619048,18.03935
2023-08-14 17:30:00,89.6645238095238,20.68928333333335
2023-08-14 18:00:00,91.12238095238096,23.96571666666665
2023-08-14 18:30:00,91.69976190476189,26.44786666666667
2023-08-14 19:00:00,91.90742857142857,25.665816666666657
2023-08-14 19:30:00,92.84947619047618,27.265316666666664
2023-08-14 20:00:00,93.24395238095238,31.709949999999992
2023-08-14 20:30:00,92.89852380952381,33.796216666666666
2023-08-14 21:00:00,92.82904761904761,32.75755000000001
2023-08-14 21:30:00,92.85909523809524,29.54294999999999
2023-08-14 22:00:00,93.70757142857143,27.782833333333343
2023-08-14 22:30:00,95.00661904761905,26.810099999999977
2023-08-14 23:00:00,95.56980952380952,28.941216666666662
2023-08-14 23:30:00,96.11419047619049,29.511149999999986
2023-08-15 00:00:00,96.13047619047619,30.031116666666648
2023-08-15 00:30:00,96.61066666666666,30.595249999999993
2023-08-15 01:00:00,96.77985714285714,31.311733333333322
2023-08-15 01:30:00,97.2762857142857,31.355050000000006
2023-08-15 02:00:00,97.46799999999999,31.078599999999994
2023-08-15 02:30:00,97.55733333333333,30.73115
2023-08-15 03:00:00,97.13209523809526,32.45579999999998
2023-08-15 03:30:00,96.60366666666667,32.69121666666665
2023-08-15 04:00:00,96.62585714285714,32.93608333333333
2023-08-15 04:30:00,96.65523809523809,32.86379999999997
2023-08-15 05:00:00,96.77333333333334,32.57069999999999
2023-08-15 05:30:00,96.79076190476191,32.26549999999999
2023-08-15 06:00:00,97.05619047619048,32.23949999999999
2023-08-15 06:30:00,96.66490476190475,33.102799999999974
2023-08-15 07:00:00,95.37009523809525,33.78091666666664
2023-08-15 07:30:00,93.78552380952382,35.178833333333316
2023-08-15 08:00:00,90.74252380952382,33.734049999999996
2023-08-15 08:30:00,86.21714285714287,24.636266666666685
2023-08-15 09:00:00,81.1942380952381,23.447999999999993
2023-08-15 09:30:00,75.61252380952381,24.235366666666664
2023-08-15 10:00:00,73.43447619047619,22.670966666666672
2023-08-15 10:30:00,73.53609523809526,16.109266666666656
2023-08-15 11:00:00,74.24690476190476,14.822066666666686
2023-08-15 11:30:00,69.93842857142857,16.448499999999996
2023-08-15 12:00:00,69.97138095238095,10.631933333333322
2023-08-15 12:30:00,71.03323809523809,12.465816666666683
2023-08-15 13:00:00,71.14790476190477,12.685549999999992
2023-08-15 13:30:00,72.3987619047619,16.118899999999982
2023-08-15 14:00:00,73.50009523809524,16.127783333333326
2023-08-15 14:30:00,73.03623809523809,11.797116666666653
2023-08-15 15:00:00,70.33538095238096,12.14543333333333
2023-08-15 15:30:00,72.7282857142857,11.17168333333332
2023-08-15 16:00:00,73.02233333333332,12.327916666666667
2023-08-15 16:30:00,77.11552380952381,11.0993
2023-08-15 17:00:00,80.30671428571429,12.40136666666666
2023-08-15 17:30:00,82.7617142857143,11.770150000000001
2023-08-15 18:00:00,85.14547619047619,13.261250000000018
2023-08-15 18:30:00,86.29080952380953,12.672150000000016
2023-08-15 19:00:00,87.8834761904762,15.536699999999996
2023-08-15 19:30:00,90.63495238095238,20.55853333333333
2023-08-15 20:00:00,92.97738095238095,27.317933333333315
2023-08-15 20:30:00,94.34561904761904,30.04858333333334
2023-08-15 21:00:00,95.21014285714286,30.38716666666666
2023-08-15 21:30:00,95.82566666666666,32.08921666666666
2023-08-15 22:00:00,96.5452380952381,32.632033333333325
2023-08-15 22:30:00,96.35571428571428,33.26311666666665
2023-08-15 23:00:00,96.47885714285714,32.909883333333326
2023-08-15 23:30:00,96.48090476190477,32.94164999999998
2023-08-16 00:00:00,96.74109523809524,32.315999999999974
2023-08-16 00:30:00,96.95747619047619,32.06699999999999
2023-08-16 01:00:00,96.98880952380952,32.427266666666654
2023-08-16 01:30:00,97.172,32.00489999999999
2023-08-16 02:00:00,97.29728571428572,32.13355
2023-08-16 02:30:00,97.03366666666666,31.728599999999986
2023-08-16 03:00:00,96.9342857142857,31.979499999999987
2023-08-16 03:30:00,97.08452380952382,32.18939999999998
2023-08-16 04:00:00,96.92147619047617,32.26971666666665
2023-08-16 04:30:00,96.84790476190476,32.27131666666665
2023-08-16 05:00:00,96.65957142857143,32.22659999999999
2023-08-16 05:30:00,96.81671428571428,31.39864999999999
2023-08-16 06:00:00,96.7937619047619,31.399216666666646
2023-08-16 06:30:00,96.24714285714285,31.739999999999995
2023-08-16 07:00:00,94.8695238095238,34.681416666666635
2023-08-16 07:30:00,93.01261904761905,34.82084999999998
2023-08-16 08:00:00,88.26190476190477,31.997749999999982
2023-08-16 08:30:00,79.58409523809523,23.393383333333333
2023-08-16 09:00:00,74.41380952380953,18.131183333333325
2023-08-16 09:30:00,72.63323809523808,16.019133333333315
2023-08-16 10:00:00,70.99595238095237,15.190849999999998
2023-08-16 10:30:00,67.75538095238096,17.896300000000004
2023-08-16 11:00:00,67.19509523809523,17.293466666666653
2023-08-16 11:30:00,64.70480952380953,20.989633333333323
2023-08-16 12:00:00,64.16461904761906,20.496349999999993
2023-08-16 12:30:00,65.54090476190477,13.232716666666668
2023-08-16 13:00:00,69.41657142857142,9.609499999999997
2023-08-16 13:30:00,70.99885714285713,12.82605000000001
2023-08-16 14:00:00,71.50152380952382,12.935983333333311
2023-08-16 14:30:00,72.59290476190476,13.071483333333333
2023-08-16 15:00:00,73.56419047619048,13.30276666666667
2023-08-16 15:30:00,75.74271428571429,13.866383333333332
2023-08-16 16:00:00,76.0472380952381,15.172050000000027
2023-08-16 16:30:00,76.57195238095237,18.892766666666674
2023-08-16 17:00:00,78.09838095238095,18.36248333333333
2023-08-16 17:30:00,82.37704761904762,16.087833333333336
2023-08-16 18:00:00,85.87819047619048,16.78388333333332
2023-08-16 18:30:00,88.20742857142857,20.943949999999987
2023-08-16 19:00:00,89.71752380952383,23.560233333333358
2023-08-16 19:30:00,90.09733333333334,21.439466666666675
2023-08-16 20:00:00,90.57509523809524,25.43214999999998
2023-08-16 20:30:00,91.25690476190475,26.461216666666658
2023-08-16 21:00:00,91.49671428571428,28.07334999999999
2023-08-16 21:30:00,91.5277619047619,29.346749999999986
2023-08-16 22:00:00,91.23104761904763,25.104449999999986
2023-08-16 22:30:00,91.72928571428572,25.50054999999999
2023-08-16 23:00:00,92.11414285714284,27.60686666666666
2023-08-16 23:30:00,92.26642857142858,28.92111666666665
2023-08-17 00:00:00,93.21457142857142,26.46004999999998
2023-08-17 00:30:00,93.21147619047619,23.969866666666633
2023-08-17 01:00:00,93.63185714285714,25.926916666666642
2023-08-17 01:30:00,94.03709523809523,27.2468333333333
2023-08-17 02:00:00,94.71690476190476,30.06491666666666
2023-08-17 02:30:00,94.82857142857144,31.29674999999999
2023-08-17 03:00:00,94.74647619047619,30.985683333333313
2023-08-17 03:30:00,95.19376190476191,31.182466666666656
2023-08-17 04:00:00,95.40290476190476,32.44101666666663
2023-08-17 04:30:00,96.76238095238095,33.91339999999998
2023-08-17 05:00:00,98.92323809523809,31.892833333333314
2023-08-17 05:30:00,100.16280952380953,28.739883333333324
2023-08-17 06:00:00,100.45619047619049,28.65371666666664
2023-08-17 06:30:00,100.8918095238095,27.909766666666656
2023-08-17 07:00:00,101.24480952380952,28.224683333333317
2023-08-17 07:30:00,100.94519047619049,30.338199999999986
2023-08-17 08:00:00,100.01819047619048,32.322299999999984
2023-08-17 08:30:00,99.50733333333334,35.10865
2023-08-17 09:00:00,97.52014285714286,37.551649999999995
2023-08-17 09:30:00,94.14519047619048,32.46696666666668
2023-08-17 10:00:00,87.6047619047619,23.719916666666677
2023-08-17 10:30:00,84.28138095238094,25.386899999999997
2023-08-17 11:00:00,79.75314285714286,24.90721666666667
2023-08-17 11:30:00,72.87795238095238,23.650333333333336
2023-08-17 12:00:00,68.92771428571429,16.851549999999996
2023-08-17 12:30:00,69.6232857142857,18.405416666666675
2023-08-17 13:00:00,70.00895238095238,18.050466666666665
2023-08-17 13:30:00,68.814,18.093899999999998
2023-08-17 14:00:00,66.85814285714285,18.5559
2023-08-17 14:30:00,66.17628571428571,15.629483333333333
2023-08-17 15:00:00,68.20633333333333,14.491716666666662
2023-08-17 15:30:00,69.85347619047619,15.951916666666655
2023-08-17 16:00:00,71.5042380952381,15.119966666666656
2023-08-17 16:30:00,74.085,16.02354999999997
2023-08-17 17:00:00,78.56719047619048,15.758350000000021
2023-08-17 17:30:00,83.80109523809524,15.003783333333331
2023-08-17 18:00:00,88.56304761904762,15.540299999999988
2023-08-17 18:30:00,91.23852380952381,21.967066666666653
2023-08-17 19:00:00,92.47309523809524,26.17631666666665
2023-08-17 19:30:00,93.72514285714286,29.74296666666666
2023-08-17 20:00:00,94.42938095238095,32.35209999999999
2023-08-17 20:30:00,95.12209523809523,33.38616666666664
2023-08-17 21:00:00,95.69128571428571,33.775999999999954
2023-08-17 21:30:00,95.99538095238096,32.892883333333316
2023-08-17 22:00:00,96.0984761904762,32.57536666666665
2023-08-17 22:30:00,95.65133333333334,34.552966666666634
2023-08-17 23:00:00,94.79100000000001,34.12253333333334
2023-08-17 23:30:00,93.98114285714284,33.070533333333344
2023-08-18 00:00:00,93.69980952380953,29.39345
2023-08-18 00:30:00,93.52180952380954,29.01519999999998
2023-08-18 01:00:00,93.25152380952382,28.367766666666654
2023-08-18 01:30:00,93.53547619047619,28.817483333333314
2023-08-18 02:00:00,93.41338095238096,29.362399999999994
2023-08-18 02:30:00,94.07209523809523,28.895300000000006
2023-08-18 03:00:00,95.95509523809525,28.389116666666652
2023-08-18 03:30:00,97.66890476190476,30.67156666666665
2023-08-18 04:00:00,98.26609523809523,32.0312
2023-08-18 04:30:00,98.41414285714286,32.44559999999997
2023-08-18 05:00:00,98.462,32.96241666666664
2023-08-18 05:30:00,98.12790476190476,33.42356666666666
2023-08-18 06:00:00,97.87652380952382,33.84719999999999
2023-08-18 06:30:00,97.90385714285715,33.25041666666665
2023-08-18 07:00:00,97.38728571428571,32.73306666666667
2023-08-18 07:30:00,96.37914285714285,31.18211666666666
2023-08-18 08:00:00,94.89861904761905,29.869583333333324
2023-08-18 08:30:00,91.82658333333333,29.84189166666667
2023-08-18 09:00:00,93.55749999999999,23.263116666666676
2023-08-18 09:30:00,96.7,27.249158333333327
2023-08-18 10:00:00,98.08579166666667,32.7603
2023-08-18 10:30:00,99.28820833333333,33.43976666666666
2023-08-18 11:00:00,98.88881481481482,33.797399999999996
2023-08-18 11:30:00,99.04211111111111,34.07519999999998
2023-08-18 12:00:00,99.45222222222223,32.14166666666664
2023-08-18 12:30:00,99.82766666666664,30.999800000000008
2023-08-18 13:00:00,100.47092592592591,30.398999999999987
2023-08-18 13:30:00,100.75903703703703,29.7188
2023-08-18 14:00:00,100.88618518518518,29.52839999999999
2023-08-18 14:30:00,100.82892592592592,28.780666666666676
2023-08-18 15:00:00,101.13248148148148,28.5
2023-08-18 15:30:00,101.28655555555557,28.20793333333333
2023-08-18 16:00:00,101.3797037037037,27.953933333333325
2023-08-18 16:30:00,101.2895185185185,28.377533333333318
2023-08-18 17:00:00,101.50411111111109,27.671933333333314
2023-08-18 17:30:00,101.6304074074074,27.632800000000017
2023-08-18 18:00:00,101.71518518518518,27.5642
2023-08-18 18:30:00,101.81907407407407,26.99546666666666
2023-08-18 19:00:00,102.33948148148147,27.777200000000008
2023-08-18 19:30:00,102.04959259259259,27.27173333333333
2023-08-18 20:00:00,102.16774074074074,26.62599999999999
2023-08-18 20:30:00,102.34914814814813,26.77006666666668
2023-08-18 21:00:00,102.27055555555553,26.477133333333327
2023-08-18 21:30:00,102.38585185185184,26.68719999999999
2023-08-18 22:00:00,102.41618518518518,26.636799999999994
2023-08-18 22:30:00,102.83062962962964,27.243799999999993
2023-08-18 23:00:00,103.6851111111111,29.13693333333333
2023-08-18 23:30:00,104.04266666666666,29.87293333333332
2023-08-19 00:00:00,104.217,29.813599999999994
2023-08-19 00:30:00,104.3168148148148,29.421666666666667
2023-08-19 01:00:00,104.19703703703702,29.177466666666675
2023-08-19 01:30:00,103.78807407407407,28.71513333333334
2023-08-19 02:00:00,103.55292592592593,27.75506666666668
2023-08-19 02:30:00,103.65622222222221,27.77133333333333
2023-08-19 03:00:00,103.33992592592593,27.68206666666667
2023-08-19 03:30:00,103.42396296296296,27.30579999999999
2023-08-19 04:00:00,103.15614814814815,27.6644
2023-08-19 04:30:00,103.41133333333333,27.634399999999985
2023-08-19 05:00:00,103.33344444444444,27.45819999999999
2023-08-19 05:30:00,103.3337777777778,27.510400000000004
2023-08-19 06:00:00,103.42533333333336,27.458733333333328
2023-08-19 06:30:00,103.91425925925927,28.610799999999998
2023-08-19 07:00:00,104.13825925925924,29.30153333333334
2023-08-19 07:30:00,103.42092592592593,29.97826666666667
2023-08-19 08:00:00,101.77400000000002,33.15999999999998
2023-08-19 08:30:00,99.68596296296298,37.68333333333334
2023-08-19 09:00:00,94.91551851851852,26.36026666666666
2023-08-19 09:30:00,92.5338888888889,22.12146666666669
2023-08-19 10:00:00,91.53340740740741,19.727000000000004
2023-08-19 10:30:00,91.30577777777779,21.70266666666666
2023-08-19 11:00:00,92.12440740740742,24.863000000000014
2023-08-19 11:30:00,94.06422222222221,29.192400000000006
2023-08-19 12:00:00,92.23996296296295,32.67120000000001
2023-08-19 12:30:00,85.91207407407408,24.67779999999999
2023-08-19 13:00:00,81.36303703703703,24.914266666666677
2023-08-19 13:30:00,80.82270370370371,23.274533333333352
2023-08-19 14:00:00,87.63222222222221,25.93440000000001
2023-08-19 14:30:00,95.8698888888889,27.89533333333334
2023-08-19 15:00:00,99.70081481481482,30.532066666666665
2023-08-19 15:30:00,100.70640740740741,30.153333333333336
2023-08-19 16:00:00,101.4102962962963,29.073733333333323
2023-08-19 16:30:00,101.73211111111111,28.50106666666666
2023-08-19 17:00:00,101.90733333333331,28.243733333333324
2023-08-19 17:30:00,102.1372222222222,27.971199999999996
2023-08-19 18:00:00,102.20711111111112,27.60426666666666
2023-08-19 18:30:00,102.35014814814816,27.55646666666665
2023-08-19 19:00:00,102.43462962962963,27.252800000000008
2023-08-19 19:30:00,102.55403703703703,27.251999999999995
2023-08-19 20:00:00,102.38751851851852,27.61233333333334
2023-08-19 20:30:00,102.44414814814814,27.040266666666668
2023-08-19 21:00:00,102.50237037037036,26.91513333333333
2023-08-19 21:30:00,102.79392592592593,27.69513333333333
2023-08-19 22:00:00,103.15962962962963,28.397533333333328
2023-08-19 22:30:00,103.07207407407408,28.423133333333325
2023-08-19 23:00:00,103.26292592592591,28.11073333333333
2023-08-19 23:30:00,103.09933333333333,28.369133333333323
2023-08-20 00:00:00,103.1754814814815,28.046066666666675
2023-08-20 00:30:00,103.35899999999998,28.525133333333315
2023-08-20 01:00:00,104.36718518518518,30.230733333333333
2023-08-20 01:30:00,104.27277777777778,30.311866666666674
2023-08-20 02:00:00,104.34540740740742,30.987066666666664
2023-08-20 02:30:00,104.27737037037036,31.15806666666667
2023-08-20 03:00:00,104.42496296296297,31.185666666666663
2023-08-20 03:30:00,103.16144444444444,28.78406666666666
2023-08-20 04:00:00,103.22122222222222,27.871799999999993
2023-08-20 04:30:00,103.22377777777777,28.320199999999986
2023-08-20 05:00:00,103.20162962962964,28.56753333333333
2023-08-20 05:30:00,103.23648148148148,28.258599999999987
2023-08-20 06:00:00,103.07977777777776,29.10726666666666
2023-08-20 06:30:00,103.03737037037037,28.820733333333322
2023-08-20 07:00:00,103.89270370370372,30.716400000000007
2023-08-20 07:30:00,103.988,33.11926666666666
2023-08-20 08:00:00,102.59759259259258,35.85480000000001
2023-08-20 08:30:00,96.87303703703704,37.54826666666666
2023-08-20 09:00:00,87.28537037037036,24.30213333333333
2023-08-20 09:30:00,82.7554074074074,17.374133333333333
2023-08-20 10:00:00,79.71425925925926,16.11173333333332
2023-08-20 10:30:00,76.2252962962963,17.368466666666677
2023-08-20 11:00:00,73.64814814814817,13.40613333333333
2023-08-20 11:30:00,73.18711111111111,12.65646666666666
2023-08-20 12:00:00,72.4725925925926,14.67486666666666
2023-08-20 12:30:00,73.11007407407408,16.921933333333335
2023-08-20 13:00:00,73.64737037037037,13.400933333333327
2023-08-20 13:30:00,72.32181481481481,11.527466666666655
2023-08-20 14:00:00,74.036,9.854133333333337
2023-08-20 14:30:00,74.78981481481482,11.72593333333333
2023-08-20 15:00:00,76.37903703703704,11.36353333333335
2023-08-20 15:30:00,76.6554074074074,16.119266666666675
2023-08-20 16:00:00,76.6264074074074,17.983133333333356
2023-08-20 16:30:00,78.66881481481482,13.556799999999996
2023-08-20 17:00:00,80.76388888888889,14.124533333333346
2023-08-20 17:30:00,84.02185185185185,13.804866666666655
2023-08-20 18:00:00,86.61955555555556,13.888733333333349
2023-08-20 18:30:00,88.5012962962963,15.087466666666685
2023-08-20 19:00:00,89.94625925925926,15.155466666666669
2023-08-20 19:30:00,90.83755555555554,16.25326666666669
2023-08-20 20:00:00,93.02118518518517,27.868866666666676
2023-08-20 20:30:00,93.77833333333332,32.16913333333332
2023-08-20 21:00:00,94.25022222222223,31.60673333333331
2023-08-20 21:30:00,94.80048148148147,30.844799999999992
2023-08-20 22:00:00,95.10318518518518,30.100066666666663
2023-08-20 22:30:00,95.62922222222223,29.743866666666662
2023-08-20 23:00:00,96.00329629629631,29.478799999999993
2023-08-20 23:30:00,96.32566666666668,29.28373333333333
2023-08-21 00:00:00,96.65414814814814,28.781599999999997
2023-08-21 00:30:00,96.59637037037038,28.833066666666667
2023-08-21 01:00:00,96.64985185185186,28.310133333333326
2023-08-21 01:30:00,96.70881481481483,28.190266666666673
2023-08-21 02:00:00,96.71714814814814,28.166466666666665
2023-08-21 02:30:00,96.63922222222222,28.02040000000001
2023-08-21 03:00:00,96.8668148148148,27.896866666666668
2023-08-21 03:30:00,97.27892592592592,27.504999999999995
2023-08-21 04:00:00,97.56407407407409,27.412333333333322
2023-08-21 04:30:00,97.37607407407407,27.861799999999988
2023-08-21 05:00:00,97.48722222222221,28.237733333333324
2023-08-21 05:30:00,97.36066666666666,28.345200000000006
2023-08-21 06:00:00,97.694,28.070866666666646
2023-08-21 06:30:00,97.74700000000001,27.66873333333332
2023-08-21 07:00:00,95.63737037037036,22.278999999999996
2023-08-21 07:30:00,92.28396296296297,12.837666666666664
2023-08-21 08:00:00,90.96774074074074,19.299599999999984
2023-08-21 08:30:00,88.32885185185185,29.65846666666667
2023-08-21 09:00:00,85.9705925925926,27.21086666666666
2023-08-21 09:30:00,84.08858333333335,23.927075000000002
2023-08-21 10:00:00,82.031125,22.38196666666667
2023-08-21 10:30:00,80.32804166666668,20.677633333333333
2023-08-21 11:00:00,80.61541666666666,20.237333333333325
2023-08-21 11:30:00,80.46220833333335,22.851675
2023-08-21 12:00:00,80.12766666666667,20.213808333333333
2023-08-21 12:30:00,79.15079166666666,23.006100000000004
2023-08-21 13:00:00,78.13629166666666,23.250091666666677
2023-08-21 13:30:00,77.26270833333334,22.649575
2023-08-21 14:00:00,77.75266666666666,22.569416666666683
2023-08-21 14:30:00,78.30166666666668,24.608649999999983
2023-08-21 15:00:00,80.31125,24.85020833333334
2023-08-21 15:30:00,81.82320833333333,23.47645833333334
2023-08-21 16:00:00,84.51616666666666,19.862174999999993
2023-08-21 16:30:00,87.32083333333333,16.72737500000001
2023-08-21 17:00:00,88.48891666666668,15.541116666666667
2023-08-21 17:30:00,89.39641666666667,16.092633333333353
2023-08-21 18:00:00,90.09258333333332,16.154200000000017
2023-08-21 18:30:00,91.03666666666666,17.264766666666674
2023-08-21 19:00:00,91.95404166666665,18.00422500000002
2023-08-21 19:30:00,92.33208333333333,18.788191666666677
2023-08-21 20:00:00,92.55404166666666,20.506625000000014
2023-08-21 20:30:00,92.91554166666666,20.49047499999999
2023-08-21 21:00:00,93.16491666666667,20.563699999999997
2023-08-21 21:30:00,94.110625,22.08815
2023-08-21 22:00:00,94.87533333333334,23.525341666666662
2023-08-21 22:30:00,94.91387499999999,23.87162499999998
2023-08-21 23:00:00,95.12220833333333,24.620725000000007
2023-08-21 23:30:00,95.21833333333333,25.514966666666695
2023-08-22 00:00:00,95.28979166666667,26.205650000000006
2023-08-22 00:30:00,95.05095833333333,26.59299166666665
2023-08-22 01:00:00,94.79662499999999,27.194333333333347
2023-08-22 01:30:00,95.01366666666667,26.749433333333343
2023-08-22 02:00:00,94.72720833333332,26.092625000000012
2023-08-22 02:30:00,94.82325,26.276949999999985
2023-08-22 03:00:00,94.98829166666667,25.545024999999995
2023-08-22 03:30:00,95.10345833333334,25.413466666666693
2023-08-22 04:00:00,95.14733333333334,26.142250000000004
2023-08-22 04:30:00,95.75729166666667,26.53092500000001
2023-08-22 05:00:00,96.08754166666667,27.289249999999996
2023-08-22 05:30:00,95.98829166666667,27.659541666666655
2023-08-22 06:00:00,96.05579166666666,28.55008333333332
2023-08-22 06:30:00,95.38874999999999,28.17089999999999
2023-08-22 07:00:00,93.00425,28.108325000000008
2023-08-22 07:30:00,89.90783333333333,30.704833333333326
2023-08-22 08:00:00,86.51620833333334,24.502708333333345
2023-08-22 08:30:00,83.65379166666668,21.583325000000002
2023-08-22 09:00:00,81.18358333333333,20.84320000000001
2023-08-22 09:30:00,79.53154166666667,21.849333333333334
2023-08-22 10:00:00,76.39858333333335,23.52355
2023-08-22 10:30:00,73.99066666666667,27.78245000000002
2023-08-22 11:00:00,73.33120833333332,24.798216666666676
2023-08-22 11:30:00,72.81483333333334,19.67821666666667
2023-08-22 12:00:00,71.38224999999998,17.84821666666666
2023-08-22 12:30:00,69.23183333333333,19.449749999999995
2023-08-22 13:00:00,68.43445833333334,18.57439999999999
2023-08-22 13:30:00,67.72995833333333,20.80179166666668
2023-08-22 14:00:00,68.06737500000001,21.09305833333333
2023-08-22 14:30:00,69.07841666666667,21.866583333333324
2023-08-22 15:00:00,69.89583333333334,22.562041666666666
2023-08-22 15:30:00,71.60879166666666,22.093899999999984
2023-08-22 16:00:00,73.59133333333332,22.803791666666697
2023-08-22 16:30:00,76.56583333333333,18.18334999999999
2023-08-22 17:00:00,80.62129166666665,17.110658333333348
2023-08-22 17:30:00,84.50295833333334,13.330641666666665
2023-08-22 18:00:00,87.0115,12.041966666666696
2023-08-22 18:30:00,88.45983333333332,12.081841666666662
2023-08-22 19:00:00,89.48879166666666,14.095291666666668
2023-08-22 19:30:00,90.11466666666666,14.70504166666666
2023-08-22 20:00:00,90.64908333333332,15.512191666666624
2023-08-22 20:30:00,91.15233333333332,18.631341666666657
2023-08-22 21:00:00,91.25424999999998,20.154733333333326
2023-08-22 21:30:00,90.76729166666668,20.044141666666675
2023-08-22 22:00:00,90.55666666666667,19.58579166666668
2023-08-22 22:30:00,90.35725000000001,19.954150000000013
2023-08-22 23:00:00,90.48095833333332,19.61488333333334
2023-08-22 23:30:00,91.26466666666666,19.54171666666666
2023-08-23 00:00:00,92.74245833333333,22.207424999999986
2023-08-23 00:30:00,94.18537500000001,25.55805833333332
2023-08-23 01:00:00,95.15070833333333,27.88366666666667
2023-08-23 01:30:00,95.80195833333335,29.151383333333328
2023-08-23 02:00:00,97.09004166666665,31.215550000000007
2023-08-23 02:30:00,97.11883333333333,31.985499999999988
2023-08-23 03:00:00,97.38554166666665,31.41357500000001
2023-08-23 03:30:00,97.37729166666666,31.336241666666666
2023-08-23 04:00:00,97.46037499999998,30.825408333333343
2023-08-23 04:30:00,97.04054166666666,31.301633333333342
2023-08-23 05:00:00,96.47391666666668,31.72252499999999
2023-08-23 05:30:00,96.16829166666666,32.394999999999996
2023-08-23 06:00:00,95.76954166666664,32.602233333333345
2023-08-23 06:30:00,95.58583333333333,32.631766666666664
2023-08-23 07:00:00,94.92420833333333,34.24285833333333
2023-08-23 07:30:00,93.9665,35.25781666666667
2023-08-23 08:00:00,91.74929166666666,38.583191666666664
2023-08-23 08:30:00,87.79066666666665,41.041091666666674
2023-08-23 09:00:00,82.10704166666666,28.526758333333333
2023-08-23 09:30:00,81.16508333333333,22.664916666666684
2023-08-23 10:00:00,81.82745833333333,22.92088333333335
2023-08-23 10:30:00,82.72662500000001,20.45586666666668
2023-08-23 11:00:00,80.55404166666668,20.736166666666676
2023-08-23 11:30:00,78.55108333333334,25.55397500000001
2023-08-23 12:00:00,74.82595833333335,23.484425
2023-08-23 12:30:00,72.79858333333334,22.56605000000002
2023-08-23 13:00:00,71.84891666666667,20.213775000000012
2023-08-23 13:30:00,72.91566666666667,18.77840833333336
2023-08-23 14:00:00,71.801625,26.124358333333355
2023-08-23 14:30:00,71.63675,25.990233333333343
2023-08-23 15:00:00,72.51783333333333,21.12797500000002
2023-08-23 15:30:00,74.328125,15.629866666666672
2023-08-23 16:00:00,75.56112499999999,17.12840833333334
2023-08-23 16:30:00,76.83158333333333,19.25093333333335
2023-08-23 17:00:00,80.20391666666667,16.871899999999997
2023-08-23 17:30:00,84.16579166666666,13.190233333333325
2023-08-23 18:00:00,86.92466666666668,12.04931666666667
2023-08-23 18:30:00,88.47741666666667,11.81290833333334
2023-08-23 19:00:00,89.239375,13.263291666666646
2023-08-23 19:30:00,89.96345833333334,15.388924999999986
2023-08-23 20:00:00,90.14970833333332,16.627058333333338
2023-08-23 20:30:00,89.79333333333334,18.187666666666658
2023-08-23 21:00:00,90.22495833333335,16.918491666666668
2023-08-23 21:30:00,90.72070833333333,16.94141666666667
2023-08-23 22:00:00,91.376125,18.371291666666664
2023-08-23 22:30:00,91.55579166666666,20.182366666666667
2023-08-23 23:00:00,91.51287500000001,20.41605
2023-08-23 23:30:00,91.87979166666666,20.301074999999983
2023-08-24 00:00:00,92.31695833333333,21.26493333333333
2023-08-24 00:30:00,92.62837499999999,21.489433333333338
2023-08-24 01:00:00,92.71766666666669,21.904491666666672
2023-08-24 01:30:00,93.34095833333333,23.66635833333332
2023-08-24 02:00:00,93.68333333333332,24.58862499999998
2023-08-24 02:30:00,93.76416666666665,24.228874999999988
2023-08-24 03:00:00,93.47416666666666,23.740175000000008
2023-08-24 03:30:00,93.32408333333333,23.746108333333325
2023-08-24 04:00:00,93.512625,24.65304166666668
2023-08-24 04:30:00,93.69562499999999,25.292633333333328
2023-08-24 05:00:00,94.00116666666666,25.555666666666667
2023-08-24 05:30:00,94.02245833333335,25.62630833333334
2023-08-24 06:00:00,93.70720833333333,25.84670833333334
2023-08-24 06:30:00,93.408875,26.19574999999999
2023-08-24 07:00:00,92.83375000000001,26.40542499999998
2023-08-24 07:30:00,92.23108333333334,26.710308333333316
2023-08-24 08:00:00,91.321,26.677400000000006
2023-08-24 08:30:00,90.51258333333334,27.041350000000023
2023-08-24 09:00:00,89.44883333333333,26.8673
2023-08-24 09:30:00,88.27804166666665,25.619024999999993
2023-08-24 10:00:00,86.58816666666665,24.053124999999994
2023-08-24 10:30:00,85.17691666666666,22.007583333333358
2023-08-24 11:00:00,85.10091666666668,20.966324999999983
2023-08-24 11:30:00,84.601625,21.40054166666667
2023-08-24 12:00:00,83.15570833333334,20.04491666666668
2023-08-24 12:30:00,83.85604166666667,18.884366666666693
2023-08-24 13:00:00,86.44024999999999,17.59044999999999
2023-08-24 13:30:00,87.49512500000002,18.858658333333338
2023-08-24 14:00:00,88.08537500000001,20.886733333333325
2023-08-24 14:30:00,87.58037499999999,22.312033333333346
2023-08-24 15:00:00,87.34208333333332,20.407449999999997
2023-08-24 15:30:00,86.98049999999999,18.347733333333352
2023-08-24 16:00:00,84.69120833333334,19.631899999999987
2023-08-24 16:30:00,83.254125,20.096649999999997
2023-08-24 17:00:00,84.0285,19.915308333333343
2023-08-24 17:30:00,85.872125,18.575675000000004
2023-08-24 18:00:00,88.366,16.694458333333344
2023-08-24 18:30:00,89.74158333333334,17.49047499999999
2023-08-24 19:00:00,90.18816666666667,18.084233333333344
2023-08-24 19:30:00,91.169125,18.545283333333316
2023-08-24 20:00:00,91.55270833333333,20.845024999999993
2023-08-24 20:30:00,91.67466666666667,21.593508333333347
2023-08-24 21:00:00,92.16949999999999,20.817091666666684
2023-08-24 21:30:00,92.89420833333332,20.45968333333333
2023-08-24 22:00:00,93.56491666666666,20.952783333333343
2023-08-24 22:30:00,93.56091666666667,24.677600000000027
2023-08-24 23:00:00,93.22787500000001,26.294858333333323
2023-08-24 23:30:00,93.6925,26.258925000000033
2023-08-25 00:00:00,94.03591666666667,27.963066666666677
2023-08-25 00:30:00,94.355375,28.35486666666671
2023-08-25 01:00:00,94.34654166666667,27.925966666666696
2023-08-25 01:30:00,94.32937499999998,27.70964166666667
2023-08-25 02:00:00,94.35666666666665,27.232658333333347
2023-08-25 02:30:00,94.41608333333333,26.978116666666665
2023-08-25 03:00:00,94.52270833333334,26.372799999999984
2023-08-25 03:30:00,94.45812499999998,26.183650000000014
2023-08-25 04:00:00,94.33687499999999,26.721258333333324
2023-08-25 04:30:00,94.62804166666665,26.907550000000015
2023-08-25 05:00:00,95.12808333333334,27.381683333333328
2023-08-25 05:30:00,95.72754166666668,28.370083333333326
2023-08-25 06:00:00,96.16241666666666,30.742791666666676
2023-08-25 06:30:00,96.05908333333333,31.940675000000013
2023-08-25 07:00:00,94.81287499999999,32.736308333333355
2023-08-25 07:30:00,93.13829166666667,34.360183333333325
2023-08-25 08:00:00,91.29408333333333,32.87499166666667
2023-08-25 08:30:00,89.10208333333334,30.06368333333336
2023-08-25 09:00:00,86.39874999999999,27.050724999999986
2023-08-25 09:30:00,83.17608333333334,24.266025
2023-08-25 10:00:00,79.25520833333334,22.74228333333332
2023-08-25 10:30:00,75.75570833333333,23.563675000000003
2023-08-25 11:00:00,73.94783333333334,22.313158333333334
2023-08-25 11:30:00,74.43433333333334,22.973124999999996
2023-08-25 12:00:00,73.07254166666667,25.175433333333316
2023-08-25 12:30:00,72.97175,22.83219999999998
2023-08-25 13:00:00,73.02004166666666,21.720549999999996
2023-08-25 13:30:00,73.26079166666666,21.462591666666682
2023-08-25 14:00:00,73.48724999999999,20.751683333333347
2023-08-25 14:30:00,74.20141666666666,21.77381666666666
2023-08-25 15:00:00,74.4295,22.582774999999998
2023-08-25 15:30:00,75.61716666666668,17.292841666666675
2023-08-25 16:00:00,78.02308333333335,16.242783333333335
2023-08-25 16:30:00,80.04429166666665,15.44875833333333
2023-08-25 17:00:00,82.63979166666665,13.741241666666653
2023-08-25 17:30:00,86.03258333333335,12.821775000000017
2023-08-25 18:00:00,88.16616666666668,11.609124999999992
2023-08-25 18:30:00,89.24720833333333,12.235150000000004
2023-08-25 19:00:00,90.14470833333334,14.070591666666658
2023-08-25 19:30:00,90.57162500000001,16.19153333333331
2023-08-25 20:00:00,90.81395833333333,17.898049999999998
2023-08-25 20:30:00,91.200125,19.255041666666656
2023-08-25 21:00:00,91.058875,20.69194999999999
2023-08-25 21:30:00,90.96379166666668,19.94499166666664
2023-08-25 22:00:00,90.680125,19.93761666666667
2023-08-25 22:30:00,90.674875,19.88419999999998
2023-08-25 23:00:00,91.62820833333332,19.04271666666665
2023-08-25 23:30:00,91.937625,20.02673333333334
2023-08-26 00:00:00,92.45070833333332,22.30716666666666
2023-08-26 00:30:00,93.60604166666667,23.62004166666668
2023-08-26 01:00:00,94.28287499999999,26.03033333333333
2023-08-26 01:30:00,94.29970833333333,27.53737500000001
2023-08-26 02:00:00,94.60612499999998,28.81120833333334
2023-08-26 02:30:00,94.44295833333334,27.989183333333358
2023-08-26 03:00:00,94.13591666666667,28.380566666666667
2023-08-26 03:30:00,93.9805,26.94996666666667
2023-08-26 04:00:00,94.494125,26.87899166666668
2023-08-26 04:30:00,94.81941666666665,26.457449999999994
2023-08-26 05:00:00,95.13804166666668,26.451525000000018
2023-08-26 05:30:00,95.25083333333333,27.15885833333334
2023-08-26 06:00:00,95.03295833333333,27.27465833333335
2023-08-26 06:30:00,94.66950000000001,27.33855833333334
2023-08-26 07:00:00,94.10866666666666,29.401791666666682
2023-08-26 07:30:00,92.81649999999999,31.235825000000006
2023-08-26 08:00:00,90.34870833333333,28.288416666666663
2023-08-26 08:30:00,87.93679166666665,22.36988333333332
2023-08-26 09:00:00,87.24483333333332,22.166008333333323
2023-08-26 09:30:00,85.98320833333332,23.047875000000005
2023-08-26 10:00:00,83.055875,25.965175000000002
2023-08-26 10:30:00,81.47833333333334,31.10453333333335
2023-08-26 11:00:00,79.00920833333333,28.62020000000001
2023-08-26 11:30:00,77.65225,24.810225000000017
2023-08-26 12:00:00,77.33883333333333,25.478250000000003
2023-08-26 12:30:00,78.92891666666667,24.507824999999997
2023-08-26 13:00:00,79.37466666666666,28.93376666666667
2023-08-26 13:30:00,77.10908333333333,36.900725
2023-08-26 14:00:00,75.95504166666667,39.86811666666667
2023-08-26 14:30:00,76.50208333333333,34.327666666666666
2023-08-26 15:00:00,76.08145833333334,32.32814166666667
2023-08-26 15:30:00,77.03225,29.16133333333334
2023-08-26 16:00:00,79.90379166666666,27.70263333333334
2023-08-26 16:30:00,82.19025,22.20230833333332
2023-08-26 17:00:00,84.283375,17.60135000000001
2023-08-26 17:30:00,86.51833333333333,15.819658333333336
2023-08-26 18:00:00,88.35491666666665,15.145375000000001
2023-08-26 18:30:00,89.92062499999999,17.114866666666657
2023-08-26 19:00:00,91.661,19.025550000000024
2023-08-26 19:30:00,93.42508333333333,21.085058333333322
2023-08-26 20:00:00,94.26675,24.96215833333332
2023-08-26 20:30:00,93.873375,26.431008333333352
2023-08-26 21:00:00,93.56141666666667,27.946658333333346
2023-08-26 21:30:00,93.01241666666667,28.14029166666667
2023-08-26 22:00:00,92.58954166666668,28.15606666666666
2023-08-26 22:30:00,92.57262499999999,28.251808333333344
2023-08-26 23:00:00,92.66199999999999,25.864475
2023-08-26 23:30:00,92.49475,25.92717500000002
2023-08-27 00:00:00,92.61487499999998,24.906458333333333
2023-08-27 00:30:00,93.09183333333334,24.553600000000003
2023-08-27 01:00:00,93.169375,25.09249166666669
2023-08-27 01:30:00,94.22566666666667,27.268800000000013
2023-08-27 02:00:00,94.62133333333334,28.60457500000001
2023-08-27 02:30:00,94.80129166666666,30.62533333333333
2023-08-27 03:00:00,94.90195833333334,32.0569
2023-08-27 03:30:00,94.68958333333335,32.008608333333356
2023-08-27 04:00:00,94.18887499999998,32.408500000000004
2023-08-27 04:30:00,94.12629166666666,32.06389999999999
2023-08-27 05:00:00,94.15754166666666,31.45072499999999
2023-08-27 05:30:00,94.43808333333334,31.152725000000004
2023-08-27 06:00:00,94.32095833333334,31.68494166666666
2023-08-27 06:30:00,93.95229166666667,31.949441666666672
2023-08-27 07:00:00,93.00991666666665,32.196166666666656
2023-08-27 07:30:00,91.39091666666667,30.386841666666655
2023-08-27 08:00:00,88.58425000000001,26.095283333333313
2023-08-27 08:30:00,85.93020833333333,24.193441666666672
2023-08-27 09:00:00,84.57804166666668,22.983941666666666
2023-08-27 09:30:00,81.40916666666666,21.724300000000014
2023-08-27 10:00:00,80.83045833333334,24.096174999999988
2023-08-27 10:30:00,78.902875,27.677108333333337
2023-08-27 11:00:00,75.27725,24.849824999999996
2023-08-27 11:30:00,74.72295833333332,20.676599999999993
2023-08-27 12:00:00,71.60616666666667,22.434033333333332
2023-08-27 12:30:00,70.417875,23.621766666666666
2023-08-27 13:00:00,69.2085,24.07370833333333
2023-08-27 13:30:00,68.88958333333332,24.96069999999998
2023-08-27 14:00:00,70.07220833333334,22.84285833333334
2023-08-27 14:30:00,72.10970833333333,18.758741666666666
2023-08-27 15:00:00,72.58316666666667,18.957674999999995
2023-08-27 15:30:00,72.58254166666666,23.18289166666667
2023-08-27 16:00:00,74.58012500000001,18.839775000000017
2023-08-27 16:30:00,77.02608333333335,19.50691666666667
2023-08-27 17:00:00,78.84895833333333,19.76036666666667
2023-08-27 17:30:00,81.50975,15.528408333333331
2023-08-27 18:00:00,84.38420833333332,13.809166666666655
2023-08-27 18:30:00,86.217,12.90463333333335
2023-08-27 19:00:00,87.39016666666669,14.487416666666675
2023-08-27 19:30:00,88.41675,15.450033333333323
2023-08-27 20:00:00,88.92529166666667,16.798108333333346
2023-08-27 20:30:00,89.57279166666666,17.582875
2023-08-27 21:00:00,89.95808333333333,18.44201666666669
2023-08-27 21:30:00,90.56358333333333,21.852575
2023-08-27 22:00:00,90.72254166666667,23.8891
2023-08-27 22:30:00,90.947375,22.794566666666654
2023-08-27 23:00:00,90.74058333333333,21.714441666666673
2023-08-27 23:30:00,90.9,20.85080833333332
2023-08-28 00:00:00,91.64229166666667,22.137458333333313
2023-08-28 00:30:00,92.61879166666667,24.574291666666653
2023-08-28 01:00:00,92.86529166666666,25.160849999999968
2023-08-28 01:30:00,92.81045833333333,24.511650000000017
2023-08-28 02:00:00,92.81412499999999,24.930633333333333
2023-08-28 02:30:00,92.592375,26.02840000000002
2023-08-28 03:00:00,92.72891666666668,26.47320000000002
2023-08-28 03:30:00,92.80054166666667,26.19687499999999
2023-08-28 04:00:00,93.56304166666666,26.38935000000002
2023-08-28 04:30:00,94.22395833333331,27.88596666666669
2023-08-28 05:00:00,94.67899999999999,29.68177500000003
2023-08-28 05:30:00,94.7515,30.882991666666683
2023-08-28 06:00:00,94.18862499999999,30.12460000000003
2023-08-28 06:30:00,92.86808333333333,29.850825000000015
2023-08-28 07:00:00,90.81091666666669,27.60764999999998
2023-08-28 07:30:00,88.24020833333333,27.265566666666686
2023-08-28 08:00:00,86.22287499999999,24.24597500000003
2023-08-28 08:30:00,82.995625,23.475750000000005
2023-08-28 09:00:00,80.48533333333334,22.63928333333334
2023-08-28 09:30:00,77.88183333333333,21.526316666666673
2023-08-28 10:00:00,76.48554166666668,19.944833333333335
2023-08-28 10:30:00,74.99995833333334,22.275583333333344
2023-08-28 11:00:00,75.59916666666666,21.43873333333333
2023-08-28 11:30:00,74.38870833333334,22.10513333333334
2023-08-28 12:00:00,74.30620833333333,21.45690833333333
2023-08-28 12:30:00,74.14304166666668,22.526275000000012
2023-08-28 13:00:00,71.51500000000001,26.241733333333343
2023-08-28 13:30:00,69.52220833333334,26.904149999999987
2023-08-28 14:00:00,68.49820833333334,24.059658333333317
2023-08-28 14:30:00,69.45358333333333,20.818491666666667
2023-08-28 15:00:00,70.41179166666666,20.53795000000001
2023-08-28 15:30:00,70.51279166666666,23.80029166666666
2023-08-28 16:00:00,72.19383333333332,24.717149999999982
2023-08-28 16:30:00,74.69691666666667,21.189225000000008
2023-08-28 17:00:00,77.50916666666666,19.28675833333334
2023-08-28 17:30:00,81.819625,13.348458333333312
2023-08-28 18:00:00,85.02529166666667,11.518966666666671
2023-08-28 18:30:00,86.89316666666667,11.29254166666668
2023-08-28 19:00:00,87.934125,13.49734166666667
2023-08-28 19:30:00,88.88683333333334,16.011475000000004
2023-08-28 20:00:00,89.37833333333333,17.631591666666694
2023-08-28 20:30:00,89.82437499999999,19.678558333333342
2023-08-28 21:00:00,89.55554166666667,20.907058333333325
2023-08-28 21:30:00,89.36533333333334,19.907558333333355
2023-08-28 22:00:00,89.36029166666667,19.765458333333356
2023-08-28 22:30:00,89.642875,19.792358333333354
2023-08-28 23:00:00,89.56374999999998,20.808341666666678
2023-08-28 23:30:00,89.47666666666666,20.323650000000015
2023-08-29 00:00:00,89.31349999999999,19.58054166666666
2023-08-29 00:30:00,89.425,19.604166666666686
2023-08-29 01:00:00,89.71454166666668,18.611549999999994
2023-08-29 01:30:00,89.84433333333332,18.442558333333352
2023-08-29 02:00:00,90.200125,18.76770000000002
2023-08-29 02:30:00,90.33116666666668,19.152575000000027
2023-08-29 03:00:00,90.66520833333331,17.90561666666666
2023-08-29 03:30:00,91.54491666666667,18.258924999999977
2023-08-29 04:00:00,91.992625,18.71282499999998
2023-08-29 04:30:00,92.57541666666668,19.411024999999995
2023-08-29 05:00:00,92.62029166666667,19.806541666666632
2023-08-29 05:30:00,92.58616666666666,20.205308333333306
2023-08-29 06:00:00,92.28516666666665,20.090799999999987
2023-08-29 06:30:00,91.48712499999999,19.74042499999996
2023-08-29 07:00:00,90.171375,21.314174999999977
2023-08-29 07:30:00,89.17666666666668,21.446516666666668
2023-08-29 08:00:00,88.48545833333333,21.026425000000017
2023-08-29 08:30:00,87.40725,22.22515
2023-08-29 09:00:00,86.70808333333333,24.948099999999997
2023-08-29 09:30:00,85.61283333333334,24.547316666666674
2023-08-29 10:00:00,84.17087499999998,22.05984166666667
2023-08-29 10:30:00,82.75233333333334,27.553558333333342
2023-08-29 11:00:00,80.55458333333333,33.39589166666667
2023-08-29 11:30:00,76.49791666666667,31.325675000000004
2023-08-29 12:00:00,73.44720833333334,28.639466666666664
2023-08-29 12:30:00,72.333125,23.29403333333333
2023-08-29 13:00:00,71.44058333333334,18.877725000000012
2023-08-29 13:30:00,71.55525,20.97903333333332
2023-08-29 14:00:00,71.46429166666667,17.68478333333333
2023-08-29 14:30:00,70.21120833333333,20.976725000000002
2023-08-29 15:00:00,70.7415,21.02212499999999
2023-08-29 15:30:00,71.52354166666666,21.498808333333322
2023-08-29 16:00:00,71.92270833333333,22.057716666666664
2023-08-29 16:30:00,73.98933333333333,23.411308333333345
2023-08-29 17:00:00,76.61220833333333,20.089900000000014
2023-08-29 17:30:00,80.04395833333334,16.70330833333334
2023-08-29 18:00:00,83.21279166666666,14.409424999999999
2023-08-29 18:30:00,84.93258333333333,15.436674999999994
2023-08-29 19:00:00,86.53841666666666,16.36788333333334
2023-08-29 19:30:00,87.708125,17.919791666666683
2023-08-29 20:00:00,87.90945833333333,18.43893333333334
2023-08-29 20:30:00,87.90141666666666,17.850683333333322
2023-08-29 21:00:00,88.09583333333335,18.318391666666685
2023-08-29 21:30:00,88.35345833333332,17.739908333333332
2023-08-29 22:00:00,88.69120833333332,17.88197500000001
2023-08-29 22:30:00,89.17670833333332,17.203591666666682
2023-08-29 23:00:00,89.55175,17.13770833333335
2023-08-29 23:30:00,89.85933333333332,17.358641666666657
2023-08-30 00:00:00,90.36937500000002,17.258316666666644
2023-08-30 00:30:00,90.73412500000002,17.661075000000025
2023-08-30 01:00:00,90.90929166666668,18.10200833333333
2023-08-30 01:30:00,90.63595833333333,18.70156666666665
2023-08-30 02:00:00,90.90920833333332,19.052808333333317
2023-08-30 02:30:00,90.83183333333332,19.29530000000001
2023-08-30 03:00:00,91.23308333333334,19.480933333333326
2023-08-30 03:30:00,91.429125,19.27562499999999
2023-08-30 04:00:00,91.345625,20.463750000000005
2023-08-30 04:30:00,91.50945833333333,20.336150000000004
2023-08-30 05:00:00,91.72108333333333,21.65459166666666
2023-08-30 05:30:00,92.53120833333332,23.340508333333318
2023-08-30 06:00:00,93.13324999999999,25.429716666666664
2023-08-30 06:30:00,92.05133333333333,26.30251666666669
2023-08-30 07:00:00,89.71220833333334,26.348508333333342
2023-08-30 07:30:00,86.30700000000002,25.60795833333333
2023-08-30 08:00:00,83.76520833333332,23.33241666666669
2023-08-30 08:30:00,80.82425,22.5334
2023-08-30 09:00:00,77.94629166666668,20.555041666666682
2023-08-30 09:30:00,76.28945833333333,22.582475000000002
2023-08-30 10:00:00,74.80929166666667,21.071633333333338
2023-08-30 10:30:00,74.88875,18.580225000000013
2023-08-30 11:00:00,73.50466666666667,21.45874166666667
2023-08-30 11:30:00,71.15970833333333,23.12779166666666
2023-08-30 12:00:00,70.49633333333334,24.13956666666666
2023-08-30 12:30:00,71.960875,25.796758333333358
2023-08-30 13:00:00,72.59070833333334,22.661533333333338
2023-08-30 13:30:00,71.57404166666666,21.146708333333343
2023-08-30 14:00:00,70.30404166666666,27.25169166666665
2023-08-30 14:30:00,70.48862500000001,27.84643333333333
2023-08-30 15:00:00,72.58245833333334,26.577116666666655
2023-08-30 15:30:00,74.841375,24.23208333333335
2023-08-30 16:00:00,78.48841666666667,17.300016666666664
2023-08-30 16:30:00,82.04062499999999,15.473816666666664
2023-08-30 17:00:00,84.25583333333333,14.544450000000012
2023-08-30 17:30:00,85.874125,13.834991666666667
2023-08-30 18:00:00,86.81358333333334,14.285858333333323
2023-08-30 18:30:00,87.51454166666667,15.716625000000008
2023-08-30 19:00:00,87.867875,17.05983333333333
2023-08-30 19:30:00,88.17558333333332,17.381541666666678
2023-08-30 20:00:00,88.37637500000001,16.93717500000001
2023-08-30 20:30:00,88.50666666666666,16.99415000000002
2023-08-30 21:00:00,88.88270833333334,16.901750000000007
2023-08-30 21:30:00,89.22716666666666,17.114616666666677
2023-08-30 22:00:00,89.78791666666666,17.67256666666667
2023-08-30 22:30:00,89.82954166666667,18.50172500000002
2023-08-30 23:00:00,90.21220833333334,18.572141666666667
2023-08-30 23:30:00,90.77574999999999,18.105708333333325
2023-08-31 00:00:00,91.28875,17.958749999999995
2023-08-31 00:30:00,91.69629166666665,20.176116666666644
2023-08-31 01:00:00,92.081625,20.547383333333315
2023-08-31 01:30:00,92.57995833333334,22.157758333333348
2023-08-31 02:00:00,92.77804166666667,23.59715
2023-08-31 02:30:00,93.88220833333332,25.40005000000002
2023-08-31 03:00:00,95.65916666666666,27.10730833333335
2023-08-31 03:30:00,96.92895833333331,29.575400000000016
2023-08-31 04:00:00,97.58154166666667,30.468266666666665
2023-08-31 04:30:00,97.72787500000001,30.747066666666655
2023-08-31 05:00:00,98.32958333333333,30.877449999999996
2023-08-31 05:30:00,98.00716666666666,31.63780833333334
2023-08-31 06:00:00,98.34229166666667,31.68802500000001
2023-08-31 06:30:00,98.86566666666667,31.64480833333333
2023-08-31 07:00:00,99.116,31.417283333333344
2023-08-31 07:30:00,98.86975,31.50036666666668
2023-08-31 08:00:00,97.04333333333334,32.655924999999996
2023-08-31 08:30:00,94.591375,35.99813333333334
2023-08-31 09:00:00,91.08783333333332,40.156941666666654
2023-08-31 09:30:00,85.59045833333334,36.55165833333332
2023-08-31 10:00:00,81.94741666666665,30.993674999999982
2023-08-31 10:30:00,76.76683333333334,25.322850000000017
2023-08-31 11:00:00,74.67595833333333,20.81818333333335
2023-08-31 11:30:00,73.81862499999998,21.219983333333317
2023-08-31 12:00:00,71.65579166666666,19.744691666666668
2023-08-31 12:30:00,72.41354166666666,19.05302499999999
2023-08-31 13:00:00,72.97295833333334,21.75708333333332
2023-08-31 13:30:00,73.61391666666667,20.845900000000007
2023-08-31 14:00:00,72.96066666666667,26.013424999999998
2023-08-31 14:30:00,73.394125,24.49733333333335
2023-08-31 15:00:00,74.062625,27.51920833333334
2023-08-31 15:30:00,76.480625,22.85027500000001
2023-08-31 16:00:00,78.51133333333333,19.67898333333335
2023-08-31 16:30:00,79.83633333333333,17.408991666666665
2023-08-31 17:00:00,81.59441666666667,15.50459166666667
2023-08-31 17:30:00,84.29995833333334,13.165816666666672
2023-08-31 18:00:00,86.21950000000001,11.141766666666655
2023-08-31 18:30:00,87.48020833333335,12.483616666666677
2023-08-31 19:00:00,88.24141666666667,12.59331666666668
2023-08-31 19:30:00,88.84958333333334,14.563166666666689
2023-08-31 20:00:00,89.60491666666667,16.66169166666667
2023-08-31 20:30:00,90.46266666666666,16.900575000000003
2023-08-31 21:00:00,90.489375,17.71329166666665
2023-08-31 21:30:00,91.04866666666668,19.829850000000008
2023-08-31 22:00:00,91.54729166666667,20.43208333333334
2023-08-31 22:30:00,91.67591666666667,21.392841666666683
2023-08-31 23:00:00,92.19441666666667,23.239008333333345
2023-08-31 23:30:00,92.30025,23.160799999999995
2023-09-01 00:00:00,92.04137499999999,23.256349999999983
2023-09-01 00:30:00,92.34533333333333,23.227874999999983
2023-09-01 01:00:00,92.51054166666667,22.760466666666673
2023-09-01 01:30:00,92.74470833333334,22.804116666666644
2023-09-01 02:00:00,92.40429166666668,23.179574999999986
2023-09-01 02:30:00,92.33725,23.40717500000001
2023-09-01 03:00:00,92.19545833333332,23.549458333333334
2023-09-01 03:30:00,92.60495833333333,23.124274999999997
2023-09-01 04:00:00,93.18441666666666,23.39520833333333
2023-09-01 04:30:00,93.12358333333333,24.287650000000014
2023-09-01 05:00:00,92.97920833333336,25.532050000000012
2023-09-01 05:30:00,93.219875,26.817475
2023-09-01 06:00:00,93.8965,27.435308333333353
2023-09-01 06:30:00,93.50783333333334,30.260833333333338
2023-09-01 07:00:00,91.6635,32.83685000000001
2023-09-01 07:30:00,88.30629166666667,29.69015833333333
2023-09-01 08:00:00,86.96308333333333,26.023241666666664
2023-09-01 08:30:00,85.29087500000001,26.754158333333322
2023-09-01 09:00:00,81.0465,23.466666666666654
2023-09-01 09:30:00,80.161125,20.119416666666666
2023-09-01 10:00:00,79.93708333333335,16.99024999999999
2023-09-01 10:30:00,79.38570833333333,18.65243333333335
2023-09-01 11:00:00,79.44116666666666,19.321375000000003
2023-09-01 11:30:00,77.6465,25.69854166666667
2023-09-01 12:00:00,75.68170833333332,26.81964166666667
2023-09-01 12:30:00,72.09183333333333,23.608425000000018
2023-09-01 13:00:00,70.48949999999999,19.676741666666658
2023-09-01 13:30:00,69.39679166666666,23.069358333333334
2023-09-01 14:00:00,70.09195833333334,21.593716666666673
2023-09-01 14:30:00,69.829875,26.720616666666672
2023-09-01 15:00:00,70.86820833333334,21.805591666666672
2023-09-01 15:30:00,73.08670833333333,19.94741666666667
2023-09-01 16:00:00,76.56541666666666,18.699024999999992
2023-09-01 16:30:00,78.89254166666666,20.588941666666685
2023-09-01 17:00:00,80.72954166666666,16.31519166666665
2023-09-01 17:30:00,83.27566666666667,14.306825000000003
2023-09-01 18:00:00,85.38325,14.70416666666668
2023-09-01 18:30:00,86.21754166666666,14.851441666666673
2023-09-01 19:00:00,86.98754166666666,15.78058333333334
2023-09-01 19:30:00,87.83658333333334,17.342233333333354
2023-09-01 20:00:00,88.25008333333334,17.056358333333364
2023-09-01 20:30:00,88.44675,17.724283333333332
2023-09-01 21:00:00,88.75220833333333,17.731483333333344
2023-09-01 21:30:00,88.97833333333332,18.407250000000005
2023-09-01 22:00:00,89.56754166666667,19.121283333333338
2023-09-01 22:30:00,90.12204166666666,17.69783333333332
2023-09-01 23:00:00,90.41554166666666,18.151416666666677
2023-09-01 23:30:00,90.93924999999999,19.3266
2023-09-02 00:00:00,90.92500000000001,19.500433333333348
2023-09-02 00:30:00,91.26791666666666,19.01091666666666
2023-09-02 01:00:00,92.26029166666667,20.053991666666676
2023-09-02 01:30:00,94.28054166666666,22.546233333333333
2023-09-02 02:00:00,95.84604166666666,25.878958333333344
2023-09-02 02:30:00,96.48091666666667,27.875616666666673
2023-09-02 03:00:00,96.349625,29.179750000000013
2023-09-02 03:30:00,96.18020833333333,29.02543333333334
2023-09-02 04:00:00,95.86020833333333,28.82435000000001
2023-09-02 04:30:00,96.07266666666666,29.528224999999992
2023-09-02 05:00:00,97.02320833333333,29.394241666666687
2023-09-02 05:30:00,97.22570833333333,29.655625
2023-09-02 06:00:00,96.91204166666667,29.592475000000007
2023-09-02 06:30:00,96.01624999999999,29.686741666666677
2023-09-02 07:00:00,94.63012499999999,30.06589166666666
2023-09-02 07:30:00,93.63808333333333,28.58889166666667
2023-09-02 08:00:00,93.42954166666665,27.719916666666677
2023-09-02 08:30:00,93.59166666666667,29.618025000000017
2023-09-02 09:00:00,94.50941666666667,32.33047499999999
2023-09-02 09:30:00,95.43733333333333,32.350633333333334
2023-09-02 10:00:00,94.07945833333332,32.11209166666667
2023-09-02 10:30:00,92.76454166666667,33.21576666666667
2023-09-02 11:00:00,90.421625,33.64634166666666
2023-09-02 11:30:00,88.82041666666666,30.78494166666667
2023-09-02 12:00:00,90.08975,38.998099999999994
2023-09-02 12:30:00,93.06004166666668,37.87742500000002
2023-09-02 13:00:00,96.47287499999999,30.40805833333333
2023-09-02 13:30:00,98.10495833333333,29.757083333333355
2023-09-02 14:00:00,98.01033333333332,30.250225000000015
2023-09-02 14:30:00,98.143,30.54550833333333
2023-09-02 15:00:00,97.56170833333334,30.868591666666674
2023-09-02 15:30:00,94.79287500000001,34.461325
2023-09-02 16:00:00,93.23025,25.7226
2023-09-02 16:30:00,93.099,25.360166666666686
2023-09-02 17:00:00,93.66349999999998,25.722091666666657
2023-09-02 17:30:00,94.39770833333333,26.017908333333352
2023-09-02 18:00:00,94.66020833333333,26.318533333333335
2023-09-02 18:30:00,94.45604166666666,28.113033333333334
2023-09-02 19:00:00,94.77608333333333,28.986958333333334
2023-09-02 19:30:00,94.53062500000001,29.274566666666672
2023-09-02 20:00:00,94.66383333333333,30.529116666666667
2023-09-02 20:30:00,95.30937499999999,30.83685
2023-09-02 21:00:00,96.62475,31.599708333333353
2023-09-02 21:30:00,97.75116666666668,31.03772500000001
2023-09-02 22:00:00,98.54529166666667,30.528791666666663
2023-09-02 22:30:00,98.67208333333333,30.467133333333337
2023-09-02 23:00:00,98.88562499999999,30.35586666666667
2023-09-02 23:30:00,99.19320833333335,30.595250000000007
2023-09-03 00:00:00,99.62533333333332,30.127641666666676
2023-09-03 00:30:00,99.637625,29.95948333333334
2023-09-03 01:00:00,99.47416666666668,30.110275000000016
2023-09-03 01:30:00,99.32054166666666,30.31283333333333
2023-09-03 02:00:00,99.19970833333332,29.984949999999998
2023-09-03 02:30:00,99.30829166666666,29.954816666666673
2023-09-03 03:00:00,99.276125,29.945324999999997
2023-09-03 03:30:00,99.44679166666667,30.307483333333337
2023-09-03 04:00:00,99.42804166666666,30.139500000000012
2023-09-03 04:30:00,99.549375,29.909800000000004
2023-09-03 05:00:00,99.71066666666667,29.433633333333333
2023-09-03 05:30:00,100.11608333333334,28.348124999999996
2023-09-03 06:00:00,100.25133333333333,29.401808333333335
2023-09-03 06:30:00,100.19895833333334,29.181541666666647
2023-09-03 07:00:00,100.21254166666667,29.166325
2023-09-03 07:30:00,100.0285,28.95340833333333
2023-09-03 08:00:00,100.30816666666666,28.478508333333338
2023-09-03 08:30:00,100.30120833333334,28.71238333333332
2023-09-03 09:00:00,100.45512499999998,28.74003333333333
2023-09-03 09:30:00,99.44433333333333,29.94454166666668
2023-09-03 10:00:00,97.46570833333334,34.10458333333334
2023-09-03 10:30:00,95.54029166666666,35.82761666666666
2023-09-03 11:00:00,94.18820833333334,35.607191666666665
2023-09-03 11:30:00,92.63916666666667,34.037633333333346
2023-09-03 12:00:00,88.48575,30.474858333333344
2023-09-03 12:30:00,83.42895833333333,28.047491666666687
2023-09-03 13:00:00,85.09920833333334,27.611866666666685
2023-09-03 13:30:00,90.67029166666666,26.018533333333338
2023-09-03 14:00:00,93.69070833333333,23.300191666666663
2023-09-03 14:30:00,92.91395833333334,28.18368333333332
2023-09-03 15:00:00,91.92008333333332,28.719975000000005
2023-09-03 15:30:00,90.45716666666667,29.73160833333334
2023-09-03 16:00:00,89.355375,26.84082500000001
2023-09-03 16:30:00,88.71120833333333,25.07010833333335
2023-09-03 17:00:00,89.69787500000001,23.040783333333323
2023-09-03 17:30:00,90.89795833333335,21.56700833333332
2023-09-03 18:00:00,92.25037499999999,23.01960833333331
2023-09-03 18:30:00,94.20366666666668,25.076125000000005
2023-09-03 19:00:00,95.26741666666665,28.02348333333333
2023-09-03 19:30:00,96.07845833333334,30.729224999999985
2023-09-03 20:00:00,95.93979166666665,30.97670833333335
2023-09-03 20:30:00,95.68466666666666,31.056683333333353
2023-09-03 21:00:00,95.75170833333333,30.92014166666668
2023-09-03 21:30:00,96.21708333333332,30.85152500000001
2023-09-03 22:00:00,96.48179166666665,30.743766666666673
2023-09-03 22:30:00,96.439625,30.490708333333345
2023-09-03 23:00:00,97.37408333333333,30.64283333333333
2023-09-03 23:30:00,98.30133333333333,29.68665833333334
2023-09-04 00:00:00,99.12408333333335,29.881974999999997
2023-09-04 00:30:00,99.54854166666667,29.623283333333333
2023-09-04 01:00:00,99.86791666666667,28.986949999999993
2023-09-04 01:30:00,100.03708333333333,29.844083333333344
2023-09-04 02:00:00,100.10354166666666,29.6545
2023-09-04 02:30:00,100.11545833333335,29.344866666666675
2023-09-04 03:00:00,100.13608333333333,28.99063333333335
2023-09-04 03:30:00,100.16404166666665,29.603591666666674
2023-09-04 04:00:00,100.03575000000001,29.51988333333334
2023-09-04 04:30:00,100.11675,29.243899999999996
2023-09-04 05:00:00,100.14433333333334,29.349941666666666
2023-09-04 05:30:00,100.14883333333333,29.24284999999999
2023-09-04 06:00:00,100.20145833333335,29.56432500000001
2023-09-04 06:30:00,99.97579166666667,29.80061666666667
2023-09-04 07:00:00,98.51104166666666,31.134758333333338
2023-09-04 07:30:00,94.27179166666667,36.202266666666674
2023-09-04 08:00:00,89.31916666666666,41.089241666666666
2023-09-04 08:30:00,84.19491666666669,33.52034999999999
2023-09-04 09:00:00,79.12658333333334,28.42489166666668
2023-09-04 09:30:00,77.36629166666665,24.0201
2023-09-04 10:00:00,76.40720833333333,25.627374999999986
2023-09-04 10:30:00,73.61837500000001,19.502908333333338
2023-09-04 11:00:00,74.05358333333332,16.85936666666666
2023-09-04 11:30:00,77.46358333333333,12.890575000000013
2023-09-04 12:00:00,78.56320833333334,14.784749999999988
2023-09-04 12:30:00,78.58695833333334,15.217933333333335
2023-09-04 13:00:00,75.365125,22.17765833333334
2023-09-04 13:30:00,74.21375,18.59099166666668
2023-09-04 14:00:00,73.02316666666667,17.60470833333335
2023-09-04 14:30:00,72.45316666666666,21.036258333333336
2023-09-04 15:00:00,74.61225,16.835050000000024
2023-09-04 15:30:00,77.77283333333334,13.26685000000002
2023-09-04 16:00:00,80.80229166666666,12.087125
2023-09-04 16:30:00,83.72083333333333,11.802766666666685
2023-09-04 17:00:00,85.62725,11.833116666666683
2023-09-04 17:30:00,87.346,10.60385833333335
2023-09-04 18:00:00,88.80633333333333,13.80500833333332
2023-09-04 18:30:00,89.93295833333335,16.884041666666647
2023-09-04 19:00:00,90.14958333333333,18.22690833333334
2023-09-04 19:30:00,90.366875,18.27022500000001
2023-09-04 20:00:00,90.65183333333334,18.724283333333346
2023-09-04 20:30:00,91.29333333333334,18.54039166666668
2023-09-04 21:00:00,91.57779166666666,19.491058333333328
2023-09-04 21:30:00,92.77133333333333,23.920258333333322
2023-09-04 22:00:00,93.62691666666667,25.201858333333362
2023-09-04 22:30:00,94.67587499999999,27.684566666666655
2023-09-04 23:00:00,95.06179166666666,28.845991666666663
2023-09-04 23:30:00,95.32425,30.537033333333326
2023-09-05 00:00:00,95.42754166666668,32.044950000000014
2023-09-05 00:30:00,95.26241666666667,31.20855833333333
2023-09-05 01:00:00,94.65166666666667,29.695608333333354
2023-09-05 01:30:00,94.51166666666668,27.99929166666668
2023-09-05 02:00:00,94.004875,28.389741666666666
2023-09-05 02:30:00,93.84379166666668,29.25671666666669
2023-09-05 03:00:00,93.85950000000001,29.626491666666666
2023-09-05 03:30:00,93.86716666666666,30.38856666666669
2023-09-05 04:00:00,94.14220833333333,30.8044
2023-09-05 04:30:00,94.39366666666666,31.654958333333326
2023-09-05 05:00:00,95.13804166666668,31.387391666666673
2023-09-05 05:30:00,95.41808333333333,31.25718333333336
2023-09-05 06:00:00,95.76029166666666,31.476991666666663
2023-09-05 06:30:00,95.26174999999999,31.425425000000004
2023-09-05 07:00:00,93.96187499999999,31.72915000000002
2023-09-05 07:30:00,91.65108333333333,29.14570000000002
2023-09-05 08:00:00,88.596625,23.87166666666667
2023-09-05 08:30:00,86.47091666666668,21.063983333333354
2023-09-05 09:00:00,84.11845833333334,22.06641666666667
2023-09-05 09:30:00,83.48229166666667,21.11209166666667
2023-09-05 10:00:00,83.787375,19.613016666666667
2023-09-05 10:30:00,81.81575,19.77877500000001
2023-09-05 11:00:00,78.49129166666667,19.000299999999996
2023-09-05 11:30:00,77.51845833333334,14.103250000000031
2023-09-05 12:00:00,79.34391666666669,23.063291666666643
2023-09-05 12:30:00,82.78083333333333,22.81958333333334
2023-09-05 13:00:00,84.18158333333334,23.69616666666667
2023-09-05 13:30:00,86.82583333333334,19.308908333333335
2023-09-05 14:00:00,88.84687499999998,22.483083333333326
2023-09-05 14:30:00,87.46316666666668,22.22463333333333
2023-09-05 15:00:00,81.363125,27.16583333333334
2023-09-05 15:30:00,78.99029166666668,26.22115833333335
2023-09-05 16:00:00,79.86358333333334,20.99668333333335
2023-09-05 16:30:00,82.41633333333334,22.306633333333338
2023-09-05 17:00:00,85.173125,17.38843333333334
2023-09-05 17:30:00,86.63700000000001,15.058191666666673
2023-09-05 18:00:00,87.86012500000001,15.671208333333311
2023-09-05 18:30:00,89.04225000000001,16.305058333333335
2023-09-05 19:00:00,89.901125,19.695958333333323
2023-09-05 19:30:00,90.48995833333333,21.77905833333334
2023-09-05 20:00:00,91.39708333333331,22.760966666666675
2023-09-05 20:30:00,91.89345833333333,23.38536666666667
2023-09-05 21:00:00,92.31079166666666,23.862916666666663
2023-09-05 21:30:00,93.15062499999999,25.58031666666666
2023-09-05 22:00:00,93.31758333333335,26.462866666666685
2023-09-05 22:30:00,93.66350000000001,26.701916666666662
2023-09-05 23:00:00,94.06341666666665,27.33550000000001
2023-09-05 23:30:00,94.13070833333333,28.162275000000008
2023-09-06 00:00:00,94.18758333333332,28.710941666666685
2023-09-06 00:30:00,94.64020833333333,29.33923333333334
2023-09-06 01:00:00,94.98600000000002,30.81365833333335
2023-09-06 01:30:00,95.07995833333332,31.099116666666674
2023-09-06 02:00:00,95.23229166666668,30.83319166666668
2023-09-06 02:30:00,95.65408333333333,31.896908333333343
2023-09-06 03:00:00,96.12650000000001,31.937583333333336
2023-09-06 03:30:00,96.64229166666667,31.275358333333344
2023-09-06 04:00:00,96.77125,32.49497500000001
2023-09-06 04:30:00,96.79424999999998,31.22356666666667
2023-09-06 05:00:00,96.48374999999999,30.82540833333333
2023-09-06 05:30:00,96.716375,31.467475000000007
2023-09-06 06:00:00,97.12429166666666,30.934766666666675
2023-09-06 06:30:00,96.25179166666666,30.941233333333344
2023-09-06 07:00:00,94.52325000000002,30.917983333333325
2023-09-06 07:30:00,93.03816666666667,33.09395000000001
2023-09-06 08:00:00,90.88808333333333,33.25249166666666
2023-09-06 08:30:00,86.86933333333333,29.127408333333335
2023-09-06 09:00:00,84.04266666666666,25.219483333333358
2023-09-06 09:30:00,82.56075,23.671825
2023-09-06 10:00:00,81.96370833333334,25.251374999999996
2023-09-06 10:30:00,79.720625,19.64468333333332
2023-09-06 11:00:00,78.43695833333334,19.101508333333328
2023-09-06 11:30:00,77.14495833333332,26.349758333333327
2023-09-06 12:00:00,76.1705,19.981533333333346
2023-09-06 12:30:00,72.56083333333333,20.100274999999996
2023-09-06 13:00:00,69.87691666666666,19.791833333333308
2023-09-06 13:30:00,68.08154166666665,22.13141666666666
2023-09-06 14:00:00,67.79791666666667,19.57678333333334
2023-09-06 14:30:00,68.88775000000001,17.128941666666655
2023-09-06 15:00:00,69.493,19.588266666666676
2023-09-06 15:30:00,70.912125,18.971008333333344
2023-09-06 16:00:00,71.99312499999999,20.486333333333313
2023-09-06 16:30:00,74.71075,19.533824999999993
2023-09-06 17:00:00,78.39908333333334,17.449658333333332
2023-09-06 17:30:00,83.11008333333332,10.537708333333327
2023-09-06 18:00:00,86.47875000000002,8.996333333333325
2023-09-06 18:30:00,87.82687499999999,12.407033333333345
2023-09-06 19:00:00,88.92891666666667,15.884550000000004
2023-09-06 19:30:00,89.62583333333333,16.414941666666664
2023-09-06 20:00:00,90.10549999999999,19.75540000000001
2023-09-06 20:30:00,90.05329166666665,19.80599166666667
2023-09-06 21:00:00,90.16995833333333,19.44069166666668
2023-09-06 21:30:00,90.983375,20.958691666666667
2023-09-06 22:00:00,91.68124999999999,22.307716666666664
2023-09-06 22:30:00,92.04816666666666,23.638433333333325
2023-09-06 23:00:00,91.93395833333335,24.054500000000004
2023-09-06 23:30:00,91.78858333333334,24.077275
2023-09-07 00:00:00,91.37604166666667,22.841991666666658
2023-09-07 00:30:00,91.31537499999999,22.28239166666667
2023-09-07 01:00:00,91.613125,22.672041666666672
2023-09-07 01:30:00,91.44899999999998,22.22767499999999
2023-09-07 02:00:00,91.33958333333332,21.26779166666664
2023-09-07 02:30:00,91.52804166666667,20.91080833333335
2023-09-07 03:00:00,91.95220833333333,22.735908333333327
2023-09-07 03:30:00,91.89812500000001,23.755616666666683
2023-09-07 04:00:00,92.10054166666666,23.855491666666666
2023-09-07 04:30:00,92.024,24.05192500000001
2023-09-07 05:00:00,92.20283333333333,25.383333333333354
2023-09-07 05:30:00,92.44912500000001,26.307750000000013
2023-09-07 06:00:00,92.63991666666666,28.008491666666657
2023-09-07 06:30:00,92.42899999999999,28.593524999999985
2023-09-07 07:00:00,90.70716666666667,27.43176666666669
2023-09-07 07:30:00,86.94933333333334,24.589591666666664
2023-09-07 08:00:00,83.04529166666666,22.731883333333343
2023-09-07 08:30:00,80.11458333333334,22.69700833333333
2023-09-07 09:00:00,77.59620833333334,20.21928333333335
2023-09-07 09:30:00,75.85633333333334,18.67373333333333
2023-09-07 10:00:00,73.94195833333333,18.473875000000007
2023-09-07 10:30:00,72.12279166666667,19.718625000000017
2023-09-07 11:00:00,70.56116666666667,22.104175000000005
2023-09-07 11:30:00,70.63308333333333,22.160741666666667
2023-09-07 12:00:00,69.82925,19.481033333333343
2023-09-07 12:30:00,70.38125000000001,15.79120833333333
2023-09-07 13:00:00,69.80925,19.268066666666655
2023-09-07 13:30:00,69.18020833333333,23.305891666666653
2023-09-07 14:00:00,67.43541666666667,23.878558333333324
2023-09-07 14:30:00,67.06675,24.044133333333342
2023-09-07 15:00:00,67.67729166666666,23.218599999999995
2023-09-07 15:30:00,68.66774999999998,23.435024999999996
2023-09-07 16:00:00,70.69095833333333,22.224516666666666
2023-09-07 16:30:00,73.54512499999998,20.510849999999998
2023-09-07 17:00:00,77.230375,15.771541666666678
2023-09-07 17:30:00,81.99683333333333,10.971874999999997
2023-09-07 18:00:00,84.39191666666666,10.429000000000016
2023-09-07 18:30:00,85.58625,11.497691666666668
2023-09-07 19:00:00,86.81237499999999,14.236275000000035
2023-09-07 19:30:00,87.69729166666667,17.58699166666669
2023-09-07 20:00:00,88.43891666666667,18.590700000000012
2023-09-07 20:30:00,88.97291666666666,20.53050833333336
2023-09-07 21:00:00,89.38233333333334,21.002199999999988
2023-09-07 21:30:00,90.25874999999999,24.763591666666642
2023-09-07 22:00:00,90.44270833333333,23.878675
2023-09-07 22:30:00,90.53566666666666,23.488433333333305
2023-09-07 23:00:00,90.58816666666667,22.25074166666667
2023-09-07 23:30:00,91.10533333333333,23.251316666666668
2023-09-08 00:00:00,91.74170833333334,23.107116666666656
2023-09-08 00:30:00,92.07258333333333,22.830574999999996
2023-09-08 01:00:00,92.57120833333335,23.920141666666666
2023-09-08 01:30:00,92.64170833333331,24.797350000000023
2023-09-08 02:00:00,92.67299999999999,25.41962500000001
2023-09-08 02:30:00,93.04904166666667,28.203441666666663
2023-09-08 03:00:00,92.94858333333335,29.46818333333333
2023-09-08 03:30:00,92.27187500000001,27.24222499999999
2023-09-08 04:00:00,92.08404166666666,27.375424999999993
2023-09-08 04:30:00,92.53941666666665,27.585774999999984
2023-09-08 05:00:00,92.8775,27.419399999999982
2023-09-08 05:30:00,93.39325,28.29235
2023-09-08 06:00:00,93.11041666666667,27.901333333333326
2023-09-08 06:30:00,91.60183333333333,27.88924999999999
2023-09-08 07:00:00,89.56233333333333,27.27950833333334
2023-09-08 07:30:00,86.71483333333333,29.152550000000005
2023-09-08 08:00:00,81.78604166666666,29.295908333333315
2023-09-08 08:30:00,77.07595833333335,26.68439166666667
2023-09-08 09:00:00,72.937,26.549958333333322
2023-09-08 09:30:00,70.35121875000002,23.203166666666682
2023-09-08 10:00:00,68.40991666666667,22.864316666666674
2023-09-08 10:30:00,66.37133333333333,23.423149999999993
2023-09-08 11:00:00,64.658875,24.026566666666668
2023-09-08 11:30:00,64.06316666666666,20.735600000000005
2023-09-08 12:00:00,63.10025,18.65835833333334
2023-09-08 12:30:00,62.57645833333333,20.233733333333326
2023-09-08 13:00:00,63.205375000000004,21.410333333333327
2023-09-08 13:30:00,64.98791666666666,20.301233333333343
2023-09-08 14:00:00,66.24341666666666,19.94637499999999
2023-09-08 14:30:00,67.96141666666668,20.237816666666653
2023-09-08 15:00:00,68.56558333333332,22.80740833333332
2023-09-08 15:30:00,70.08358333333332,22.447675000000004
2023-09-08 16:00:00,71.96708333333333,22.07755833333332
2023-09-08 16:30:00,74.8335,18.55949166666666
2023-09-08 17:00:00,78.36466666666666,16.95675833333334
2023-09-08 17:30:00,80.840375,17.004458333333346
2023-09-08 18:00:00,83.77241666666669,16.41387499999999
2023-09-08 18:30:00,85.86816666666667,14.745066666666673
2023-09-08 19:00:00,86.63758333333332,14.96586666666667
2023-09-08 19:30:00,87.17333333333333,15.164116666666672
2023-09-08 20:00:00,87.73883333333332,17.23644166666668
2023-09-08 20:30:00,88.80425,18.416775000000015
2023-09-08 21:00:00,89.29729166666667,18.74368333333335
2023-09-08 21:30:00,89.73579166666667,20.02870833333334
2023-09-08 22:00:00,89.92629166666666,20.43793333333332
2023-09-08 22:30:00,89.76483333333333,20.676091666666665
2023-09-08 23:00:00,89.746875,20.052333333333337
2023-09-08 23:30:00,90.18283333333333,19.86248333333333
2023-09-09 00:00:00,90.50220833333333,19.86981666666668
2023-09-09 00:30:00,91.04670833333333,20.48948333333331
2023-09-09 01:00:00,92.62058333333334,21.987549999999985
2023-09-09 01:30:00,94.309,25.826291666666663
2023-09-09 02:00:00,95.24858333333333,28.26633333333332
2023-09-09 02:30:00,95.31033333333332,29.798366666666666
2023-09-09 03:00:00,95.107125,32.977991666666696
2023-09-09 03:30:00,95.26620833333334,34.61381666666668
2023-09-09 04:00:00,95.69995833333333,34.573125000000005
2023-09-09 04:30:00,95.83837500000001,34.511816666666675
2023-09-09 05:00:00,96.15733333333334,34.389766666666674
2023-09-09 05:30:00,95.94791666666666,34.219858333333335
2023-09-09 06:00:00,96.67633333333332,34.176166666666674
2023-09-09 06:30:00,97.87333333333333,33.20992500000001
2023-09-09 07:00:00,98.44725000000001,33.25748333333334
2023-09-09 07:30:00,98.38154166666668,33.176575
2023-09-09 08:00:00,97.46933333333334,33.67948333333332
2023-09-09 08:30:00,95.696625,33.67019166666667
2023-09-09 09:00:00,94.1705,34.17455000000001
2023-09-09 09:30:00,92.93708333333332,36.16815833333334
2023-09-09 10:00:00,90.48958333333334,38.58937499999999
2023-09-09 10:30:00,87.17641666666668,33.67230000000002
2023-09-09 11:00:00,84.03958333333333,29.611758333333327
2023-09-09 11:30:00,84.61116666666668,25.40463333333335
2023-09-09 12:00:00,88.01733333333333,18.28370833333331
2023-09-09 12:30:00,86.65266666666666,20.359375
2023-09-09 13:00:00,83.79316666666666,20.70676666666668
2023-09-09 13:30:00,80.44191666666666,23.612466666666663
2023-09-09 14:00:00,78.43125,21.793474999999987
2023-09-09 14:30:00,76.08529166666666,20.130983333333333
2023-09-09 15:00:00,77.94933333333334,20.00463333333333
2023-09-09 15:30:00,80.40283333333333,17.615066666666664
2023-09-09 16:00:00,81.30708333333334,17.566774999999993
2023-09-09 16:30:00,82.13216666666668,16.23490833333335
2023-09-09 17:00:00,83.34045833333334,14.987016666666676
2023-09-09 17:30:00,84.10887500000001,14.451041666666683
2023-09-09 18:00:00,85.92416666666668,14.931425000000019
2023-09-09 18:30:00,87.04791666666665,15.440108333333356
2023-09-09 19:00:00,88.23879166666666,16.299566666666692
2023-09-09 19:30:00,89.47020833333333,19.305125000000018
2023-09-09 20:00:00,90.80691666666668,21.63470833333332
2023-09-09 20:30:00,91.86379166666667,24.764358333333334
2023-09-09 21:00:00,93.0445,27.529416666666663
2023-09-09 21:30:00,93.89166666666668,30.234758333333318
2023-09-09 22:00:00,94.44733333333333,32.200025
2023-09-09 22:30:00,94.86966666666667,33.32484166666666
2023-09-09 23:00:00,95.02283333333332,34.41976666666666
2023-09-09 23:30:00,94.70275,34.28504166666667
2023-09-10 00:00:00,94.74633333333334,34.61261666666665
2023-09-10 00:30:00,94.98558333333332,34.694199999999995
2023-09-10 01:00:00,95.51970833333333,34.233566666666675
2023-09-10 01:30:00,95.60233333333333,34.40381666666667
2023-09-10 02:00:00,95.41220833333334,34.14694166666668
2023-09-10 02:30:00,95.37345833333335,33.42749166666667
2023-09-10 03:00:00,95.35254166666667,33.80163333333333
2023-09-10 03:30:00,95.590375,33.825533333333325
2023-09-10 04:00:00,95.71245833333333,33.54390833333335
2023-09-10 04:30:00,95.546125,33.68104166666666
2023-09-10 05:00:00,95.47341666666667,34.403433333333325
2023-09-10 05:30:00,95.7295,34.175724999999986
2023-09-10 06:00:00,95.94300000000001,34.03405000000002
2023-09-10 06:30:00,95.43829166666666,33.71015
2023-09-10 07:00:00,93.94725,33.606125000000006
2023-09-10 07:30:00,91.99820833333334,32.5338
2023-09-10 08:00:00,89.499125,29.249841666666683
2023-09-10 08:30:00,85.916125,25.222733333333338
2023-09-10 09:00:00,81.708125,23.150274999999993
2023-09-10 09:30:00,77.93637500000001,18.235399999999984
2023-09-10 10:00:00,75.48958333333334,21.481400000000008
2023-09-10 10:30:00,74.67266666666667,20.662200000000013
2023-09-10 11:00:00,75.60412500000001,23.235233333333326
2023-09-10 11:30:00,73.99466666666667,24.151733333333354
2023-09-10 12:00:00,70.41004166666667,20.914833333333355
2023-09-10 12:30:00,69.314875,20.548533333333324
2023-09-10 13:00:00,69.59287499999999,17.587491666666658
2023-09-10 13:30:00,68.10383333333334,16.576424999999993
2023-09-10 14:00:00,68.309125,16.272699999999993
2023-09-10 14:30:00,69.70425,15.133149999999993
2023-09-10 15:00:00,71.58454166666667,15.644233333333332
2023-09-10 15:30:00,71.42216666666667,19.059108333333334
2023-09-10 16:00:00,72.00229166666666,21.133483333333324
2023-09-10 16:30:00,74.17995833333332,19.242766666666668
2023-09-10 17:00:00,76.57175000000001,17.54329166666666
2023-09-10 17:30:00,80.477125,14.374083333333331
2023-09-10 18:00:00,83.45416666666667,13.011358333333334
2023-09-10 18:30:00,86.04454166666667,13.17691666666667
2023-09-10 19:00:00,87.27254166666665,13.537183333333331
2023-09-10 19:30:00,88.32729166666667,16.39940833333337
2023-09-10 20:00:00,88.63445833333333,18.76156666666668
2023-09-10 20:30:00,88.58512499999999,19.32740000000001
2023-09-10 21:00:00,89.22112499999999,22.08246666666669
2023-09-10 21:30:00,89.970625,23.287283333333363
2023-09-10 22:00:00,90.99566666666666,25.07709166666666
2023-09-10 22:30:00,91.78204166666666,27.714841666666658
2023-09-10 23:00:00,92.119625,29.489308333333327
2023-09-10 23:30:00,91.85533333333332,29.39604166666666
2023-09-11 00:00:00,91.435,27.396841666666674
2023-09-11 00:30:00,91.30250000000001,25.87360833333331
2023-09-11 01:00:00,91.41891666666666,24.400975000000003
2023-09-11 01:30:00,90.98170833333334,23.242524999999986
2023-09-11 02:00:00,90.75083333333332,22.514266666666657
2023-09-11 02:30:00,90.88904166666666,23.04515833333332
2023-09-11 03:00:00,91.07487499999999,23.721141666666682
2023-09-11 03:30:00,90.94691666666667,23.58460000000001
2023-09-11 04:00:00,90.91016666666665,24.057466666666684
2023-09-11 04:30:00,91.03733333333334,24.178633333333366
2023-09-11 05:00:00,90.99591666666666,24.337125000000015
2023-09-11 05:30:00,91.39925,24.573716666666698
2023-09-11 06:00:00,91.57791666666667,24.98961666666669
2023-09-11 06:30:00,91.02958333333333,26.245350000000016
2023-09-11 07:00:00,87.09335416666667,14.822762499999996
2023-09-11 07:30:00,82.30925,10.184200000000004
2023-09-11 08:00:00,79.13816666666666,14.269300000000001
2023-09-11 08:30:00,75.94479166666667,15.218875000000011
2023-09-11 09:00:00,72.85862962962963,19.391733333333327
2023-09-11 09:30:00,71.98700000000001,16.26833333333333
2023-09-11 10:00:00,69.5972962962963,14.48846666666666
2023-09-11 10:30:00,68.92185185185186,14.553533333333348
2023-09-11 11:00:00,67.61985185185185,13.691600000000001
2023-09-11 11:30:00,66.12914814814816,15.441399999999987
2023-09-11 12:00:00,65.55085185185186,16.296800000000005
2023-09-11 12:30:00,64.92681481481482,16.34473333333333
2023-09-11 13:00:00,65.7251111111111,14.28833333333332
2023-09-11 13:30:00,66.20618518518518,14.073133333333331
2023-09-11 14:00:00,67.96703703703706,14.403466666666674
2023-09-11 14:30:00,68.36737037037037,14.63893333333332
2023-09-11 15:00:00,70.2447037037037,17.358333333333327
2023-09-11 15:30:00,72.97866666666667,17.402733333333337
2023-09-11 16:00:00,75.70266666666666,18.542866666666654
2023-09-11 16:30:00,78.92929629629629,15.912999999999997
2023-09-11 17:00:00,81.8738148148148,13.868466666666677
2023-09-11 17:30:00,83.8002222222222,13.47120000000001
2023-09-11 18:00:00,85.61177777777776,15.23526666666666
2023-09-11 18:30:00,86.63492592592591,18.732666666666674
2023-09-11 19:00:00,87.32466666666667,20.496066666666664
2023-09-11 19:30:00,87.9031111111111,20.6633333333333
2023-09-11 20:00:00,88.01151851851853,20.657266666666658
2023-09-11 20:30:00,88.27448148148147,20.107133333333365
2023-09-11 21:00:00,88.61785185185185,19.297933333333333
2023-09-11 21:30:00,88.67774074074075,19.327466666666666
2023-09-11 22:00:00,88.898,18.253533333333365
2023-09-11 22:30:00,88.80433333333333,17.729733333333343
2023-09-11 23:00:00,89.06740740740742,17.32046666666666
2023-09-11 23:30:00,88.95633333333333,17.448999999999998
2023-09-12 00:00:00,88.89351851851853,17.049266666666668
2023-09-12 00:30:00,88.88203703703704,16.776866666666663
2023-09-12 01:00:00,88.98785185185186,16.494466666666654
2023-09-12 01:30:00,88.7002962962963,16.923999999999964
2023-09-12 02:00:00,89.01811111111112,17.466199999999986
2023-09-12 02:30:00,89.1468888888889,18.13626666666667
2023-09-12 03:00:00,90.09377777777777,18.728733333333324
2023-09-12 03:30:00,91.10437037037039,25.522933333333313
2023-09-12 04:00:00,93.29470370370372,32.963733333333295
2023-09-12 04:30:00,94.21148148148148,34.69686666666665
2023-09-12 05:00:00,93.44637037037036,35.70740000000002
2023-09-12 05:30:00,92.70725925925926,35.518266666666676
2023-09-12 06:00:00,92.50485185185185,34.042733333333345
2023-09-12 06:30:00,91.50911111111111,32.17113333333336
2023-09-12 07:00:00,90.31788888888889,29.807333333333347
2023-09-12 07:30:00,88.4145925925926,25.471799999999988
2023-09-12 08:00:00,84.3682962962963,20.622866666666667
2023-09-12 08:30:00,81.37948148148148,18.826066666666662
2023-09-12 09:00:00,80.69551851851851,14.786666666666662
2023-09-12 09:30:00,80.32951851851851,14.196933333333348
2023-09-12 10:00:00,79.56759259259259,17.5728
2023-09-12 10:30:00,79.30133333333333,19.44593333333333
2023-09-12 11:00:00,78.21329629629629,14.560733333333346
2023-09-12 11:30:00,76.6064074074074,16.707200000000014
2023-09-12 12:00:00,75.38477777777778,14.341200000000015
2023-09-12 12:30:00,81.40137037037037,15.653533333333328
2023-09-12 13:00:00,91.17366666666666,16.233266666666665
2023-09-12 13:30:00,94.97177777777777,20.757999999999996
2023-09-12 14:00:00,96.55925925925926,27.098600000000005
2023-09-12 14:30:00,97.69722222222224,30.36306666666664
2023-09-12 15:00:00,98.26574074074074,31.09766666666667
2023-09-12 15:30:00,98.68666666666667,30.996933333333317
2023-09-12 16:00:00,98.74214814814815,30.858533333333312
2023-09-12 16:30:00,99.01762962962961,30.761333333333326
2023-09-12 17:00:00,99.13488888888888,31.32466666666666
2023-09-12 17:30:00,99.20466666666668,31.061333333333323
2023-09-12 18:00:00,99.22492592592592,31.195399999999992
2023-09-12 18:30:00,99.10518518518519,31.300866666666664
2023-09-12 19:00:00,99.0638148148148,31.228999999999985
2023-09-12 19:30:00,99.485,31.40566666666666
2023-09-12 20:00:00,99.17303703703703,31.400933333333327
2023-09-12 20:30:00,98.90925925925926,31.684066666666666
2023-09-12 21:00:00,99.12896296296294,32.287199999999984
2023-09-12 21:30:00,99.39670370370371,31.778999999999996
2023-09-12 22:00:00,99.40066666666665,31.9824
2023-09-12 22:30:00,99.65199999999999,31.09953333333334
2023-09-12 23:00:00,99.76577777777777,31.223133333333337
2023-09-12 23:30:00,99.88618518518518,30.878466666666668
2023-09-13 00:00:00,99.88118518518517,30.804933333333338
2023-09-13 00:30:00,99.65925925925926,31.088933333333344
2023-09-13 01:00:00,99.73274074074074,31.151733333333326
2023-09-13 01:30:00,99.8045925925926,31.290333333333322
2023-09-13 02:00:00,99.87033333333333,30.604933333333335
2023-09-13 02:30:00,99.76237037037038,31.01126666666667
2023-09-13 03:00:00,99.80325925925928,31.345399999999998
2023-09-13 03:30:00,99.6181111111111,31.50893333333333
2023-09-13 04:00:00,99.7171851851852,31.56253333333332
2023-09-13 04:30:00,99.44874074074075,31.798466666666656
2023-09-13 05:00:00,99.34225925925925,31.662133333333315
2023-09-13 05:30:00,99.46255555555555,31.831666666666663
2023-09-13 06:00:00,99.85514814814813,31.689799999999977
2023-09-13 06:30:00,99.81996296296296,31.41406666666667
2023-09-13 07:00:00,99.89737037037038,31.389666666666656
2023-09-13 07:30:00,99.41874074074074,31.559200000000004
2023-09-13 08:00:00,98.54707407407406,32.156333333333336
2023-09-13 08:30:00,97.7702962962963,32.99446666666667
2023-09-13 09:00:00,96.78362962962962,34.394866666666644
2023-09-13 09:30:00,95.94018518518517,36.5671333333333
2023-09-13 10:00:00,93.81940740740741,39.780466666666655
2023-09-13 10:30:00,92.98744444444446,44.65799999999999
2023-09-13 11:00:00,91.52285185185185,43.366
2023-09-13 11:30:00,87.3308888888889,39.785733333333326
2023-09-13 12:00:00,82.35566666666666,27.205333333333314
2023-09-13 12:30:00,82.40548148148149,24.032266666666672
2023-09-13 13:00:00,81.07744444444444,22.928799999999995
2023-09-13 13:30:00,78.97022222222222,21.811000000000007
2023-09-13 14:00:00,80.16777777777777,18.03213333333332
2023-09-13 14:30:00,80.77740740740742,16.35900000000001
2023-09-13 15:00:00,81.45262962962963,13.69753333333334
2023-09-13 15:30:00,81.87748148148148,13.589933333333335
2023-09-13 16:00:00,81.1511111111111,16.139799999999994
2023-09-13 16:30:00,81.96337037037037,18.08006666666668
2023-09-13 17:00:00,83.94770370370371,14.904466666666679
2023-09-13 17:30:00,85.78081481481482,15.25693333333335
2023-09-13 18:00:00,87.40681481481482,16.69613333333332
2023-09-13 18:30:00,89.2875925925926,19.841266666666655
2023-09-13 19:00:00,90.64596296296297,23.423599999999993
2023-09-13 19:30:00,92.0095185185185,27.393400000000014
2023-09-13 20:00:00,92.65025925925924,28.72706666666666
2023-09-13 20:30:00,93.89022222222222,32.60319999999999
2023-09-13 21:00:00,94.44703703703703,34.587
2023-09-13 21:30:00,94.84,34.50793333333333
2023-09-13 22:00:00,94.62511111111112,34.05793333333331
2023-09-13 22:30:00,95.03444444444445,34.22579999999998
2023-09-13 23:00:00,96.19999999999999,34.50453333333331
2023-09-13 23:30:00,96.75170370370371,34.405866666666654
2023-09-14 00:00:00,97.20314814814816,34.77373333333331
2023-09-14 00:30:00,97.61651851851852,34.78033333333332
2023-09-14 01:00:00,97.64870370370369,33.93506666666666
2023-09-14 01:30:00,97.84392592592593,34.38126666666666
2023-09-14 02:00:00,98.09607407407408,34.31206666666665
2023-09-14 02:30:00,98.3267037037037,34.33706666666666
2023-09-14 03:00:00,98.37488888888888,34.20666666666665
2023-09-14 03:30:00,98.46318518518518,34.39
2023-09-14 04:00:00,98.40648148148148,33.86980000000001
2023-09-14 04:30:00,98.43462962962963,34.02206666666666
2023-09-14 05:00:00,98.49177777777777,34.08306666666665
2023-09-14 05:30:00,98.64237037037037,33.408666666666676
2023-09-14 06:00:00,98.51429629629631,33.882666666666665
2023-09-14 06:30:00,98.42370370370371,33.93766666666666
2023-09-14 07:00:00,97.03462962962963,35.10653333333332
2023-09-14 07:30:00,95.78148148148149,35.43866666666668
2023-09-14 08:00:00,89.67103703703704,17.319466666666656
2023-09-14 08:30:00,82.4005925925926,17.135466666666645
2023-09-14 09:00:00,77.53088888888888,15.578133333333327
2023-09-14 09:30:00,74.7927037037037,15.44959999999999
2023-09-14 10:00:00,73.16599999999998,18.290266666666653
2023-09-14 10:30:00,72.33822222222221,13.0826
2023-09-14 11:00:00,71.03548148148147,12.297399999999996
2023-09-14 11:30:00,69.40148148148148,12.163666666666671
2023-09-14 12:00:00,69.27051851851851,11.172933333333347
2023-09-14 12:30:00,68.53796296296296,11.91493333333333
2023-09-14 13:00:00,67.83366666666667,13.5824
2023-09-14 13:30:00,67.65818518518519,14.969399999999993
2023-09-14 14:00:00,67.54037037037037,15.77193333333333
2023-09-14 14:30:00,68.17462962962964,17.191533333333325
2023-09-14 15:00:00,68.66222222222223,17.33206666666667
2023-09-14 15:30:00,70.36737037037037,17.915999999999997
2023-09-14 16:00:00,72.08677777777778,17.347799999999992
2023-09-14 16:30:00,74.9688888888889,12.181666666666672
2023-09-14 17:00:00,77.8165925925926,12.909266666666667
2023-09-14 17:30:00,81.36877777777778,12.194000000000003
2023-09-14 18:00:00,84.02333333333334,13.258066666666664
2023-09-14 18:30:00,85.55648148148148,13.332466666666662
2023-09-14 19:00:00,86.9294074074074,14.745199999999997
2023-09-14 19:30:00,88.02492592592591,16.23179999999998
2023-09-14 20:00:00,89.51207407407408,21.15446666666665
2023-09-14 20:30:00,90.68807407407408,24.524933333333323
2023-09-14 21:00:00,91.54744444444444,28.22533333333334
2023-09-14 21:30:00,91.59722222222221,27.86286666666669
2023-09-14 22:00:00,91.371,27.448400000000007
2023-09-14 22:30:00,91.22440740740741,25.993266666666685
2023-09-14 23:00:00,91.00829629629631,26.614000000000004
2023-09-14 23:30:00,90.58033333333333,25.570200000000014
2023-09-15 00:00:00,90.10588888888887,23.11186666666667
2023-09-15 00:30:00,90.01740740740742,21.573066666666676
2023-09-15 01:00:00,90.68577777777777,22.421800000000005
2023-09-15 01:30:00,91.43422222222223,23.555666666666653
2023-09-15 02:00:00,92.55285185185184,25.869333333333316
2023-09-15 02:30:00,93.02799999999998,26.47359999999999
2023-09-15 03:00:00,92.94162962962963,27.929133333333354
2023-09-15 03:30:00,93.19777777777776,29.05393333333332
2023-09-15 04:00:00,93.07948148148148,31.258466666666664
2023-09-15 04:30:00,93.02837037037037,32.44860000000001
2023-09-15 05:00:00,93.0264814814815,32.074133333333336
2023-09-15 05:30:00,92.89674074074074,31.7646
2023-09-15 06:00:00,92.99888888888889,31.2654
2023-09-15 06:30:00,91.88674074074075,29.081399999999988
2023-09-15 07:00:00,90.07007407407409,24.033200000000008
2023-09-15 07:30:00,88.75514814814815,20.271066666666684
2023-09-15 08:00:00,87.12533333333333,17.218733333333333
2023-09-15 08:30:00,83.77696296296297,15.56113333333333
2023-09-15 09:00:00,78.7314074074074,14.632066666666688
2023-09-15 09:30:00,74.76592592592594,14.653600000000012
2023-09-15 10:00:00,72.825,12.286266666666663
2023-09-15 10:30:00,72.85103703703703,9.139399999999995
2023-09-15 11:00:00,74.22662962962964,8.326066666666662
2023-09-15 11:30:00,73.90103703703704,5.671600000000012
2023-09-15 12:00:00,74.80414814814816,8.356866666666662
2023-09-15 12:30:00,73.10844444444444,15.47933333333333
2023-09-15 13:00:00,71.36885185185186,16.259066666666655
2023-09-15 13:30:00,70.62162962962962,16.469933333333337
2023-09-15 14:00:00,70.08992592592593,13.371266666666656
2023-09-15 14:30:00,71.42285185185185,14.05786666666667
2023-09-15 15:00:00,73.08970370370372,11.94359999999999
2023-09-15 15:30:00,76.20674074074074,11.463133333333332
2023-09-15 16:00:00,78.21174074074072,10.36793333333334
2023-09-15 16:30:00,78.60285185185185,12.077333333333328
2023-09-15 17:00:00,80.75781481481482,13.171133333333344
2023-09-15 17:30:00,82.50355555555555,13.338066666666677
2023-09-15 18:00:00,83.85029629629629,13.278533333333328
2023-09-15 18:30:00,85.00070370370369,14.154466666666664
2023-09-15 19:00:00,85.88777777777777,13.641133333333343
2023-09-15 19:30:00,86.773,13.883733333333339
2023-09-15 20:00:00,87.5481851851852,13.313066666666671
2023-09-15 20:30:00,88.74277777777779,15.312600000000003
2023-09-15 21:00:00,88.84096296296296,16.398600000000016
2023-09-15 21:30:00,89.25762962962962,17.20413333333336
2023-09-15 22:00:00,89.47307407407408,16.927933333333343
2023-09-15 22:30:00,90.1334074074074,18.10453333333335
2023-09-15 23:00:00,90.60355555555556,20.128666666666675
2023-09-15 23:30:00,90.80425925925925,20.333733333333328
2023-09-16 00:00:00,90.78914814814816,20.368733333333324
2023-09-16 00:30:00,90.98044444444444,20.114866666666657
2023-09-16 01:00:00,91.07951851851853,19.489000000000004
2023-09-16 01:30:00,91.06066666666668,20.21293333333334
2023-09-16 02:00:00,91.72662962962963,20.500600000000006
2023-09-16 02:30:00,92.87574074074074,21.403666666666638
2023-09-16 03:00:00,93.07074074074075,20.28646666666664
2023-09-16 03:30:00,92.78622222222222,21.080666666666673
2023-09-16 04:00:00,92.66496296296297,21.315666666666672
2023-09-16 04:30:00,92.71288888888888,22.773066666666665
2023-09-16 05:00:00,92.82685185185186,24.288533333333334
2023-09-16 05:30:00,93.3488888888889,28.07219999999998
2023-09-16 06:00:00,93.74637037037037,28.920000000000016
2023-09-16 06:30:00,94.48740740740742,33.2778
2023-09-16 07:00:00,94.70862962962964,35.73959999999998
2023-09-16 07:30:00,92.52848148148149,38.05886666666666
2023-09-16 08:00:00,87.51892592592593,25.753600000000006
2023-09-16 08:30:00,82.35762962962964,15.790600000000012
2023-09-16 09:00:00,79.44251851851853,15.57953333333333
2023-09-16 09:30:00,77.21811111111111,17.001866666666686
2023-09-16 10:00:00,76.02244444444445,13.229933333333321
2023-09-16 10:30:00,74.87007407407408,14.526733333333326
2023-09-16 11:00:00,72.3005185185185,13.844066666666677
2023-09-16 11:30:00,70.81800000000001,13.378799999999998
2023-09-16 12:00:00,70.40362962962962,11.320133333333345
2023-09-16 12:30:00,70.32829629629629,11.12573333333333
2023-09-16 13:00:00,69.82711111111111,10.837066666666686
2023-09-16 13:30:00,68.92237037037037,13.35186666666668
2023-09-16 14:00:00,70.00925925925925,12.55253333333333
2023-09-16 14:30:00,71.15481481481481,11.024933333333337
2023-09-16 15:00:00,72.1678148148148,14.705466666666666
2023-09-16 15:30:00,73.7187037037037,14.873133333333328
2023-09-16 16:00:00,75.86540740740742,16.057600000000022
2023-09-16 16:30:00,77.89733333333334,13.872466666666668
2023-09-16 17:00:00,81.00029629629631,13.564799999999991
2023-09-16 17:30:00,83.7911111111111,13.978999999999985
2023-09-16 18:00:00,85.58725925925926,14.657133333333334
2023-09-16 18:30:00,86.59566666666666,14.89713333333333
2023-09-16 19:00:00,87.35455555555556,15.551533333333325
2023-09-16 19:30:00,88.28796296296295,19.138533333333328
2023-09-16 20:00:00,88.81303703703703,20.814666666666653
2023-09-16 20:30:00,88.74292592592592,20.020266666666657
2023-09-16 21:00:00,88.86240740740739,18.613400000000013
2023-09-16 21:30:00,88.74607407407407,18.123066666666674
2023-09-16 22:00:00,89.22344444444444,17.225999999999985
2023-09-16 22:30:00,89.1474074074074,16.2924
2023-09-16 23:00:00,88.96366666666668,16.547000000000025
2023-09-16 23:30:00,88.59274074074074,16.707400000000007
2023-09-17 00:00:00,88.86818518518517,17.633333333333326
2023-09-17 00:30:00,89.19137037037036,18.727999999999994
2023-09-17 01:00:00,89.03981481481483,17.398333333333326
2023-09-17 01:30:00,88.97662962962961,16.826333333333338
2023-09-17 02:00:00,88.71388888888889,17.216133333333346
2023-09-17 02:30:00,88.79096296296296,17.55513333333333
2023-09-17 03:00:00,89.22018518518519,18.789266666666663
2023-09-17 03:30:00,89.7442962962963,18.590799999999987
2023-09-17 04:00:00,90.06514814814815,17.93506666666667
2023-09-17 04:30:00,90.74722222222222,18.47453333333334
2023-09-17 05:00:00,91.36151851851852,19.14106666666669
2023-09-17 05:30:00,91.51474074074073,19.809600000000003
2023-09-17 06:00:00,92.41448148148149,21.169466666666665
2023-09-17 06:30:00,92.72007407407408,23.89766666666668
2023-09-17 07:00:00,90.68588888888888,20.876133333333357
2023-09-17 07:30:00,86.57844444444444,15.084200000000038
2023-09-17 08:00:00,84.16766666666666,13.920666666666662
2023-09-17 08:30:00,81.76077777777778,9.582600000000014
2023-09-17 09:00:00,77.252,11.503133333333324
2023-09-17 09:30:00,72.85533333333333,13.741466666666682
2023-09-17 10:00:00,70.93211111111111,12.401800000000001
2023-09-17 10:30:00,69.74014814814814,12.458733333333328
2023-09-17 11:00:00,70.247,11.555466666666675
2023-09-17 11:30:00,71.86314814814814,14.64240000000001
2023-09-17 12:00:00,72.35251851851852,14.678200000000004
2023-09-17 12:30:00,72.83085185185186,17.554866666666655
2023-09-17 13:00:00,73.86685185185185,21.73493333333333
2023-09-17 13:30:00,73.69533333333334,19.747666666666646
2023-09-17 14:00:00,72.37418518518518,14.048533333333324
2023-09-17 14:30:00,72.08766666666666,13.083000000000013
2023-09-17 15:00:00,71.50818518518518,12.874999999999986
2023-09-17 15:30:00,73.41488888888888,12.662000000000006
2023-09-17 16:00:00,75.33081481481481,10.89546666666665
2023-09-17 16:30:00,77.76977777777776,9.983000000000004
2023-09-17 17:00:00,80.02322222222222,9.621133333333333
2023-09-17 17:30:00,82.16866666666667,10.774199999999993
2023-09-17 18:00:00,83.72477777777777,12.342333333333357
2023-09-17 18:30:00,84.6798888888889,12.6644
2023-09-17 19:00:00,85.25985185185185,12.437266666666673
2023-09-17 19:30:00,85.9767037037037,12.972533333333331
2023-09-17 20:00:00,86.68355555555553,14.018866666666668
2023-09-17 20:30:00,87.54788888888889,17.079666666666668
2023-09-17 21:00:00,88.06544444444444,17.83059999999999
2023-09-17 21:30:00,88.23325925925927,18.51906666666666
2023-09-17 22:00:00,88.48522222222223,18.686999999999998
2023-09-17 22:30:00,88.61429629629629,18.410333333333327
2023-09-17 23:00:00,88.82988888888889,18.131933333333336
2023-09-17 23:30:00,89.0111111111111,18.305733333333336
2023-09-18 00:00:00,89.16892592592592,18.205600000000004
2023-09-18 00:30:00,89.13155555555555,17.488799999999983
2023-09-18 01:00:00,89.44085185185185,18.095266666666646
2023-09-18 01:30:00,89.55466666666666,17.19786666666664
2023-09-18 02:00:00,89.85507407407408,17.120599999999996
2023-09-18 02:30:00,90.08107407407408,17.42619999999998
2023-09-18 03:00:00,90.33188888888888,18.371066666666692
2023-09-18 03:30:00,90.56544444444444,19.252466666666677
2023-09-18 04:00:00,90.42196296296298,19.001199999999983
2023-09-18 04:30:00,90.27514814814815,18.53486666666666
2023-09-18 05:00:00,90.08903703703704,18.891733333333335
2023-09-18 05:30:00,90.46618518518518,19.949266666666674
2023-09-18 06:00:00,89.90685185185185,19.509733333333344
2023-09-18 06:30:00,89.18344444444445,20.478599999999986
2023-09-18 07:00:00,88.3105925925926,19.20833333333333
2023-09-18 07:30:00,86.83507407407407,16.907533333333333
2023-09-18 08:00:00,86.22666666666667,17.352466666666672
2023-09-18 08:30:00,85.92088888888888,17.55200000000002
2023-09-18 09:00:00,84.9094074074074,14.80319999999999
2023-09-18 09:30:00,82.85499999999999,13.881466666666654
2023-09-18 10:00:00,79.96992592592593,14.117666666666679
2023-09-18 10:30:00,76.26181481481483,18.312800000000024
2023-09-18 11:00:00,71.39725925925926,14.178666666666658
2023-09-18 11:30:00,68.30603703703703,15.044866666666657
2023-09-18 12:00:00,67.39766666666668,14.967666666666673
2023-09-18 12:30:00,66.99740740740741,14.300666666666672
2023-09-18 13:00:00,67.1097037037037,12.639533333333333
2023-09-18 13:30:00,67.2751851851852,13.123733333333341
2023-09-18 14:00:00,67.76211111111111,13.828466666666678
2023-09-18 14:30:00,67.1202962962963,13.006133333333324
2023-09-18 15:00:00,68.09574074074074,12.018399999999986
2023-09-18 15:30:00,69.88214814814813,13.9296
2023-09-18 16:00:00,71.22692592592593,14.43999999999999
2023-09-18 16:30:00,73.237,13.721133333333327
2023-09-18 17:00:00,76.17588888888889,12.408933333333337
2023-09-18 17:30:00,79.86792592592593,10.75473333333332
2023-09-18 18:00:00,82.98866666666667,11.584799999999987
2023-09-18 18:30:00,84.44462962962963,12.45213333333335
2023-09-18 19:00:00,84.90451851851851,13.650866666666658
2023-09-18 19:30:00,85.54966666666667,14.392533333333333
2023-09-18 20:00:00,86.24022222222223,14.887800000000013
2023-09-18 20:30:00,86.88422222222222,16.19920000000002
2023-09-18 21:00:00,87.51048148148146,16.986933333333326
2023-09-18 21:30:00,87.83418518518516,19.032933333333332
2023-09-18 22:00:00,88.02314814814815,19.70266666666666
2023-09-18 22:30:00,88.31888888888889,19.317333333333323
2023-09-18 23:00:00,88.61011111111111,19.096933333333325
2023-09-18 23:30:00,89.25385185185185,20.557999999999993
2023-09-19 00:00:00,89.52059259259259,22.108333333333334
2023-09-19 00:30:00,89.53540740740742,22.368066666666664
2023-09-19 01:00:00,89.87681481481482,21.23666666666665
2023-09-19 01:30:00,89.77414814814816,20.52113333333334
2023-09-19 02:00:00,89.88966666666666,21.158999999999992
2023-09-19 02:30:00,90.09666666666668,21.933333333333323
2023-09-19 03:00:00,90.69366666666666,22.814333333333337
2023-09-19 03:30:00,90.94125925925925,26.298333333333332
2023-09-19 04:00:00,91.7134074074074,28.554066666666643
2023-09-19 04:30:00,91.7981111111111,29.29306666666666
2023-09-19 05:00:00,92.14455555555554,29.34293333333332
2023-09-19 05:30:00,92.3077037037037,29.56793333333333
2023-09-19 06:00:00,92.78433333333334,30.225533333333317
2023-09-19 06:30:00,92.40559259259258,31.434266666666673
2023-09-19 07:00:00,90.71237037037038,30.349466666666657
2023-09-19 07:30:00,87.52962962962962,24.762
2023-09-19 08:00:00,84.78662962962962,18.968533333333326
2023-09-19 08:30:00,83.61685185185185,15.467800000000011
2023-09-19 09:00:00,82.94522222222221,15.322600000000008
2023-09-19 09:30:00,82.09366666666668,15.373466666666673
2023-09-19 10:00:00,82.18733333333333,14.370999999999995
2023-09-19 10:30:00,82.25696296296297,16.631666666666675
2023-09-19 11:00:00,80.34133333333334,15.23993333333334
2023-09-19 11:30:00,78.954,14.074400000000011
2023-09-19 12:00:00,78.56825925925926,12.791599999999988
2023-09-19 12:30:00,78.91192592592593,15.686733333333322
2023-09-19 13:00:00,77.21503703703705,12.325533333333325
2023-09-19 13:30:00,75.88096296296297,12.199600000000018
2023-09-19 14:00:00,74.2942962962963,18.027266666666677
2023-09-19 14:30:00,74.6118148148148,15.583600000000004
2023-09-19 15:00:00,75.80759259259258,16.20320000000001
2023-09-19 15:30:00,77.0274074074074,16.67706666666666
2023-09-19 16:00:00,78.8755925925926,15.93346666666666
2023-09-19 16:30:00,79.26807407407406,15.25960000000002
2023-09-19 17:00:00,81.17274074074074,13.511066666666665
2023-09-19 17:30:00,83.85681481481481,12.747800000000012
2023-09-19 18:00:00,86.16966666666666,14.812533333333334
2023-09-19 18:30:00,87.13574074074073,16.034000000000006
2023-09-19 19:00:00,88.0497037037037,16.865866666666676
2023-09-19 19:30:00,88.77714814814814,20.046333333333337
2023-09-19 20:00:00,89.34792592592594,21.433599999999984
2023-09-19 20:30:00,89.78211111111112,22.57713333333335
2023-09-19 21:00:00,90.38959259259259,23.561466666666647
2023-09-19 21:30:00,90.2908888888889,23.351399999999998
2023-09-19 22:00:00,89.5075925925926,20.46886666666667
2023-09-19 22:30:00,89.25411111111113,19.594133333333318
2023-09-19 23:00:00,88.77581481481481,18.89999999999999
2023-09-19 23:30:00,88.72881481481483,18.238600000000005
2023-09-20 00:00:00,88.67140740740741,17.482266666666675
2023-09-20 00:30:00,89.17314814814813,19.54426666666666
2023-09-20 01:00:00,89.87881481481483,20.228133333333304
2023-09-20 01:30:00,90.29314814814816,21.083866666666665
2023-09-20 02:00:00,90.76733333333331,22.69666666666663
2023-09-20 02:30:00,90.59911111111111,21.661600000000007
2023-09-20 03:00:00,90.64259259259259,21.142133333333334
2023-09-20 03:30:00,90.9225925925926,21.879800000000017
2023-09-20 04:00:00,91.01492592592594,22.99839999999999
2023-09-20 04:30:00,91.97018518518517,24.11813333333332
2023-09-20 05:00:00,92.5704074074074,27.388599999999997
2023-09-20 05:30:00,92.93274074074074,28.167066666666656
2023-09-20 06:00:00,93.03411111111112,30.398466666666664
2023-09-20 06:30:00,91.21166666666666,31.34733333333334
2023-09-20 07:00:00,85.61403703703702,25.469933333333316
2023-09-20 07:30:00,80.80807407407407,16.958
2023-09-20 08:00:00,78.68633333333334,13.707000000000008
2023-09-20 08:30:00,78.35900000000001,9.17173333333335
2023-09-20 09:00:00,77.24044444444445,13.6156
2023-09-20 09:30:00,74.23137037037037,16.256733333333344
2023-09-20 10:00:00,69.9734074074074,13.772666666666666
2023-09-20 10:30:00,68.50977777777777,12.364133333333314
2023-09-20 11:00:00,67.44933333333331,13.737199999999994
2023-09-20 11:30:00,67.53796296296295,13.489266666666666
2023-09-20 12:00:00,66.01592592592594,12.063200000000002
2023-09-20 12:30:00,64.95470370370369,14.807666666666648
2023-09-20 13:00:00,64.93177777777777,14.462800000000009
2023-09-20 13:30:00,65.89881481481481,14.737799999999993
2023-09-20 14:00:00,66.80851851851853,15.89793333333332
2023-09-20 14:30:00,68.07492592592592,13.01459999999998
2023-09-20 15:00:00,68.91677777777778,14.492199999999976
2023-09-20 15:30:00,70.41448148148147,15.318733333333327
2023-09-20 16:00:00,72.7311851851852,17.351200000000013
2023-09-20 16:30:00,75.45137037037037,14.738466666666653
2023-09-20 17:00:00,78.44507407407407,12.435399999999987
2023-09-20 17:30:00,81.36766666666666,11.459066666666686
2023-09-20 18:00:00,83.59729629629629,11.46393333333333
2023-09-20 18:30:00,85.11781481481482,13.55446666666667
2023-09-20 19:00:00,85.91974074074074,15.1648
2023-09-20 19:30:00,86.19455555555555,15.712866666666685
2023-09-20 20:00:00,86.40622222222223,16.22913333333335
2023-09-20 20:30:00,86.74377777777778,16.724533333333326
2023-09-20 21:00:00,87.30785185185185,16.84166666666667
2023-09-20 21:30:00,87.66348148148148,17.357866666666666
2023-09-20 22:00:00,87.76566666666668,17.13806666666666
2023-09-20 22:30:00,88.40392592592592,17.200799999999987
2023-09-20 23:00:00,88.42955555555555,19.428399999999996
2023-09-20 23:30:00,88.76248148148149,20.239999999999995
2023-09-21 00:00:00,89.25848148148147,21.281066666666675
2023-09-21 00:30:00,89.93514814814816,21.991133333333323
2023-09-21 01:00:00,91.0131111111111,24.91619999999999
2023-09-21 01:30:00,91.55403703703703,27.409800000000004
2023-09-21 02:00:00,91.21985185185184,26.48339999999999
2023-09-21 02:30:00,91.36248148148147,26.437666666666658
2023-09-21 03:00:00,91.281,24.143199999999993
2023-09-21 03:30:00,91.00788888888889,21.828599999999994
2023-09-21 04:00:00,91.26648148148148,23.305533333333315
2023-09-21 04:30:00,91.52092592592592,26.62733333333334
2023-09-21 05:00:00,92.40833333333333,29.01373333333332
2023-09-21 05:30:00,93.22722222222222,31.443600000000004
2023-09-21 06:00:00,93.77107407407408,33.244933333333336
2023-09-21 06:30:00,91.73562962962963,34.716999999999985
2023-09-21 07:00:00,87.21644444444445,35.91093333333333
2023-09-21 07:30:00,81.89622222222222,25.28313333333334
2023-09-21 08:00:00,77.86555555555556,12.849799999999988
2023-09-21 08:30:00,74.72944444444444,14.91446666666667
2023-09-21 09:00:00,70.91125925925927,16.334533333333333
2023-09-21 09:30:00,67.81188888888887,18.04313333333333
2023-09-21 10:00:00,65.79648148148148,14.857733333333336
2023-09-21 10:30:00,64.20733333333334,11.883199999999995
2023-09-21 11:00:00,63.95996296296297,12.89333333333333
2023-09-21 11:30:00,64.92222222222222,11.820266666666669
2023-09-21 12:00:00,63.38592592592593,13.108466666666658
2023-09-21 12:30:00,62.33266666666667,13.574866666666658
2023-09-21 13:00:00,62.144666666666666,12.659466666666667
2023-09-21 13:30:00,62.30037037037037,12.075799999999987
2023-09-21 14:00:00,62.50181481481482,13.862266666666663
2023-09-21 14:30:00,62.635518518518516,14.44939999999999
2023-09-21 15:00:00,63.78814814814815,14.832399999999993
2023-09-21 15:30:00,65.16762962962963,17.110133333333337
2023-09-21 16:00:00,67.66992592592592,19.615399999999994
2023-09-21 16:30:00,70.30785185185185,18.077600000000004
2023-09-21 17:00:00,73.44407407407408,13.982799999999997
2023-09-21 17:30:00,77.83574074074073,12.246333333333325
2023-09-21 18:00:00,81.71451851851852,11.98593333333335
2023-09-21 18:30:00,83.37885185185185,12.117666666666665
2023-09-21 19:00:00,83.87862962962964,13.55873333333335
2023-09-21 19:30:00,84.19740740740741,13.34053333333334
2023-09-21 20:00:00,84.59748148148148,14.162933333333314
2023-09-21 20:30:00,84.83307407407408,14.26533333333333
2023-09-21 21:00:00,85.23940740740741,15.008466666666678
2023-09-21 21:30:00,85.72951851851853,16.348200000000006
2023-09-21 22:00:00,86.0637037037037,15.546066666666647
2023-09-21 22:30:00,86.91651851851852,16.09213333333335
2023-09-21 23:00:00,87.20255555555553,16.62826666666669
2023-09-21 23:30:00,87.44111111111111,15.051933333333352
2023-09-22 00:00:00,87.57355555555554,16.418600000000012
2023-09-22 00:30:00,88.28055555555555,19.951933333333344
2023-09-22 01:00:00,88.67999999999999,21.763200000000012
2023-09-22 01:30:00,88.93029629629629,19.77733333333333
2023-09-22 02:00:00,89.74366666666668,20.061266666666683
2023-09-22 02:30:00,90.27000000000001,21.42733333333335
2023-09-22 03:00:00,91.18870370370371,22.057266666666663
2023-09-22 03:30:00,91.8338888888889,22.135999999999996
2023-09-22 04:00:00,92.516,25.38799999999999
2023-09-22 04:30:00,92.88066666666666,28.529266666666658
2023-09-22 05:00:00,92.95451851851853,28.46966666666667
2023-09-22 05:30:00,92.37822222222222,27.02626666666667
2023-09-22 06:00:00,91.48737037037036,24.924666666666667
2023-09-22 06:30:00,90.2142222222222,22.216133333333318
2023-09-22 07:00:00,88.14966666666666,18.601866666666666
2023-09-22 07:30:00,85.20288888888889,16.180400000000006
2023-09-22 08:00:00,80.59966666666666,14.626533333333342
2023-09-22 08:30:00,75.58088888888886,15.03540000000001
2023-09-22 09:00:00,74.0291111111111,11.159933333333342
2023-09-22 09:30:00,72.30259259259259,10.056466666666665
2023-09-22 10:00:00,71.46325925925926,10.15046666666666
2023-09-22 10:30:00,70.90137037037036,13.133933333333331
2023-09-22 11:00:00,69.75255555555555,15.883200000000002
2023-09-22 11:30:00,68.36996296296296,12.769866666666665
2023-09-22 12:00:00,66.66744444444446,13.792866666666669
2023-09-22 12:30:00,65.74603703703704,15.120599999999989
2023-09-22 13:00:00,64.40088888888889,20.83533333333333
2023-09-22 13:30:00,63.82555555555556,36.78833333333334
2023-09-22 14:00:00,71.92000000000002,40.416533333333334
2023-09-22 14:30:00,85.40927777777777,37.782875000000004
2023-09-22 15:00:00,94.01813333333334,14.030599999999993
2023-09-22 15:30:00,95.97813333333333,14.254933333333327
2023-09-22 16:00:00,97.26713333333333,16.45049999999999
2023-09-22 16:30:00,98.9636,21.644000000000005
2023-09-22 17:00:00,99.85419999999999,23.14283333333333
2023-09-22 17:30:00,100.82246666666666,25.356666666666683
2023-09-22 18:00:00,101.32846666666666,27.007833333333338
2023-09-22 18:30:00,101.87613333333334,27.4202333333333
2023-09-22 19:00:00,101.99166666666667,28.366366666666664
2023-09-22 19:30:00,102.88133333333333,29.558000000000007
2023-09-22 20:00:00,102.8584,31.2924
2023-09-22 20:30:00,102.86826666666666,30.36553333333333
2023-09-22 21:00:00,103.16073333333334,30.62463333333332
2023-09-22 21:30:00,103.19293333333333,30.415766666666656
2023-09-22 22:00:00,103.45926666666666,30.173566666666673
2023-09-22 22:30:00,103.29346666666667,30.472899999999996
2023-09-22 23:00:00,103.75426666666667,29.856499999999997
2023-09-22 23:30:00,103.45553333333332,30.05120000000001
2023-09-23 00:00:00,103.52093333333332,30.30406666666667
2023-09-23 00:30:00,103.75226666666666,29.822900000000004
2023-09-23 01:00:00,103.81906666666666,29.640266666666648
2023-09-23 01:30:00,103.63546666666666,29.145933333333332
2023-09-23 02:00:00,103.8826,29.538933333333333
2023-09-23 02:30:00,103.84706666666666,29.587300000000013
2023-09-23 03:00:00,103.81593333333333,29.98713333333332
2023-09-23 03:30:00,103.68546666666666,30.154366666666675
2023-09-23 04:00:00,103.95059999999998,29.5077
2023-09-23 04:30:00,103.8818,29.67359999999998
2023-09-23 05:00:00,104.0454,29.37206666666667
2023-09-23 05:30:00,103.91806666666666,29.802233333333334
2023-09-23 06:00:00,104.0782,29.504633333333345
2023-09-23 06:30:00,104.04213333333333,29.834966666666674
2023-09-23 07:00:00,103.87733333333331,29.88456666666667
2023-09-23 07:30:00,103.95139999999999,29.192966666666663
2023-09-23 08:00:00,103.17833333333333,29.950766666666667
2023-09-23 08:30:00,102.26713333333332,30.24666666666667
2023-09-23 09:00:00,102.16666666666666,29.834100000000007
2023-09-23 09:30:00,101.6994,30.680333333333323
2023-09-23 10:00:00,97.3278,33.11089999999999
2023-09-23 10:30:00,86.96860000000001,24.016733333333335
2023-09-23 11:00:00,81.41393333333333,20.063299999999998
2023-09-23 11:30:00,76.82366666666667,14.56343333333335
2023-09-23 12:00:00,76.10626666666667,12.708466666666666
2023-09-23 12:30:00,76.94533333333334,12.534866666666659
2023-09-23 13:00:00,76.95193333333332,11.070499999999981
2023-09-23 13:30:00,78.14773333333332,10.727633333333316
2023-09-23 14:00:00,78.84946666666667,10.866766666666663
2023-09-23 14:30:00,83.57466666666667,22.31663333333333
2023-09-23 15:00:00,86.9664,19.157766666666674
2023-09-23 15:30:00,88.33113333333333,18.054400000000015
2023-09-23 16:00:00,90.81219999999999,11.619933333333336
2023-09-23 16:30:00,92.43466666666667,11.1464
2023-09-23 17:00:00,93.5852,11.836166666666685
2023-09-23 17:30:00,95.02513333333334,11.571233333333325
2023-09-23 18:00:00,95.80026666666666,12.96886666666667
2023-09-23 18:30:00,96.61993333333334,16.45583333333333
2023-09-23 19:00:00,96.955,17.658500000000004
2023-09-23 19:30:00,97.56166666666667,17.468833333333322
2023-09-23 20:00:00,98.38173333333334,20.27266666666668
2023-09-23 20:30:00,98.8774,22.111699999999985
2023-09-23 21:00:00,98.74786666666667,22.899833333333348
2023-09-23 21:30:00,98.94466666666666,23.191566666666674
2023-09-23 22:00:00,99.19666666666667,23.723533333333336
2023-09-23 22:30:00,99.82746666666665,25.943299999999994
2023-09-23 23:00:00,100.28966666666666,28.546866666666673
2023-09-23 23:30:00,100.79766666666667,29.44513333333333
2023-09-24 00:00:00,101.17026666666666,30.646366666666665
2023-09-24 00:30:00,101.67033333333333,31.310599999999994
2023-09-24 01:00:00,101.66653333333333,31.952633333333324
2023-09-24 01:30:00,101.89646666666667,31.798599999999993
2023-09-24 02:00:00,102.12846666666668,31.628799999999984
2023-09-24 02:30:00,102.16720000000001,31.394699999999986
2023-09-24 03:00:00,102.59806666666668,30.738399999999984
2023-09-24 03:30:00,102.42946666666667,31.24109999999999
2023-09-24 04:00:00,102.5646,30.888999999999996
2023-09-24 04:30:00,102.49353333333333,31.524399999999986
2023-09-24 05:00:00,102.86066666666666,30.95296666666667
2023-09-24 05:30:00,102.8566,31.01866666666666
2023-09-24 06:00:00,102.69526666666665,31.0214
2023-09-24 06:30:00,102.92946666666667,30.653900000000007
2023-09-24 07:00:00,102.60319999999999,31.226233333333326
2023-09-24 07:30:00,100.8682,31.941766666666666
2023-09-24 08:00:00,94.55833333333334,25.756166666666658
2023-09-24 08:30:00,85.4676,15.318066666666667
2023-09-24 09:00:00,79.14206666666666,14.685533333333368
2023-09-24 09:30:00,73.90213333333332,14.624666666666684
2023-09-24 10:00:00,71.97013333333334,11.539866666666668
2023-09-24 10:30:00,70.7992,12.031533333333329
2023-09-24 11:00:00,70.3794,8.53306666666667
2023-09-24 11:30:00,68.16333333333333,11.314866666666667
2023-09-24 12:00:00,67.47533333333334,7.575133333333341
2023-09-24 12:30:00,67.1738,7.384766666666664
2023-09-24 13:00:00,68.0042,6.033799999999999
2023-09-24 13:30:00,68.7488,5.879433333333338
2023-09-24 14:00:00,69.37346666666667,6.887133333333324
2023-09-24 14:30:00,71.0226,8.319600000000008
2023-09-24 15:00:00,72.66993333333335,9.3189
2023-09-24 15:30:00,74.78153333333333,11.209266666666664
2023-09-24 16:00:00,76.95273333333333,9.384566666666657
2023-09-24 16:30:00,79.8298,8.065700000000007
2023-09-24 17:00:00,82.20793333333333,8.018166666666673
2023-09-24 17:30:00,84.37533333333333,9.312600000000003
2023-09-24 18:00:00,85.51493333333335,9.685066666666671
2023-09-24 18:30:00,86.97013333333334,10.826233333333334
2023-09-24 19:00:00,88.12719999999999,11.048600000000008
2023-09-24 19:30:00,88.41353333333332,10.487999999999985
2023-09-24 20:00:00,88.69853333333334,10.09689999999999
2023-09-24 20:30:00,89.4588,11.223900000000015
2023-09-24 21:00:00,91.59246666666667,10.516400000000004
2023-09-24 21:30:00,92.7106,11.759466666666654
2023-09-24 22:00:00,93.95233333333334,15.895099999999985
2023-09-24 22:30:00,94.71759999999999,16.65643333333334
2023-09-24 23:00:00,94.4124,17.59349999999999
2023-09-24 23:30:00,95.96026666666668,20.833133333333308
2023-09-25 00:00:00,97.70020000000001,25.517033333333302
2023-09-25 00:30:00,99.5732,27.55326666666666
2023-09-25 01:00:00,100.61846666666668,28.634000000000015
2023-09-25 01:30:00,101.0246,29.842566666666684
2023-09-25 02:00:00,101.646,30.555533333333344
2023-09-25 02:30:00,101.9896,31.18389999999998
2023-09-25 03:00:00,102.1412,31.90546666666667
2023-09-25 03:30:00,102.52473333333334,31.643933333333322
2023-09-25 04:00:00,102.2418,31.838466666666662
2023-09-25 04:30:00,102.27020000000002,31.751599999999996
2023-09-25 05:00:00,102.55653333333335,31.979600000000005
2023-09-25 05:30:00,102.49080000000001,31.710999999999984
2023-09-25 06:00:00,102.36793333333334,31.750466666666668
2023-09-25 06:30:00,102.32026666666667,31.30719999999998
2023-09-25 07:00:00,96.80296666666666,9.091083333333344
2023-09-25 07:30:00,96.85091666666668,9.456041666666678
2023-09-25 08:00:00,97.12858333333332,10.064874999999986
2023-09-25 08:30:00,97.66425000000001,10.088574999999977
2023-09-25 09:00:00,96.41333333333334,11.048816666666681
2023-09-25 09:30:00,95.44344444444444,10.38730000000001
2023-09-25 10:00:00,91.00783333333334,2.362650000000002
2023-09-25 10:30:00,87.89666666666666,0.36353333333332216
2023-09-25 11:00:00,85.983,0.0
